{
  "fid": 15.020407072010045,
  "is_mean": 3.429223160822441,
  "is_std": 0.20711280034752652,
  "kid_mean": 0.006895253658294678,
  "kid_std": 0.0003031202325579399
}