night_image_name,day_image_name,object_consistency,object_visibility_improvement,ssim,brightness_increase,warm_shift,saturation_increase,edge_preservation,shadow_removal,overexposure_score,lpips,issues
aachen_aachen_000000_000019_leftImg8bit.png,aachen_000000_000019_leftImg8bit.png,1.0,2.3333333333333335,0.368291179205454,66.6763563156128,-1.5013890266418457,-77.99188423156738,0.013751375137509302,0.0,0.5597416552972039,0.5305246710777283,Structure_degraded; Details_lost; Wrong_color_temp; Undersaturated; Overexposed; Shadows_remain
aachen_aachen_000001_000019_leftImg8bit.png,aachen_000001_000019_leftImg8bit.png,1.0,1.4285714285714286,0.3885919664619097,66.37677955627441,-1.2756643295288086,-85.703293800354,0.02404055606161668,0.0,0.6374593574840379,0.5434560775756836,Structure_degraded; Details_lost; Wrong_color_temp; Undersaturated; Shadows_remain
aachen_aachen_000002_000019_leftImg8bit.png,aachen_000002_000019_leftImg8bit.png,0.6,1.0,0.3484968392326212,59.419649600982666,-2.921403408050537,-89.90607976913452,0.026059045984674085,0.0,0.8440992237523472,0.5254172086715698,Structure_degraded; Details_lost; Wrong_color_temp; Undersaturated; Shadows_remain
aachen_aachen_000003_000019_leftImg8bit.png,aachen_000003_000019_leftImg8bit.png,1.0,1.3333333333333333,0.37444255350811945,63.39989233016968,-1.217447280883789,-74.36797285079956,0.02698950634926565,0.0,0.7502316290218786,0.49628230929374695,Structure_degraded; Details_lost; Wrong_color_temp; Undersaturated; Shadows_remain
aachen_aachen_000004_000019_leftImg8bit.png,aachen_000004_000019_leftImg8bit.png,0.8714285714285714,2.5714285714285716,0.3965507140682094,65.36778354644775,-0.7133216857910156,-77.24713277816772,0.017623516745847445,0.0,0.8405394544677327,0.5012556910514832,Structure_degraded; Details_lost; Wrong_color_temp; Undersaturated; Shadows_remain
aachen_aachen_000005_000019_leftImg8bit.png,aachen_000005_000019_leftImg8bit.png,1.0,1.375,0.3988699285473896,62.13031196594238,-0.9958076477050781,-73.4438362121582,0.021240167737767986,0.0,0.7949016794386891,0.4988778531551361,Structure_degraded; Details_lost; Wrong_color_temp; Undersaturated; Shadows_remain
aachen_aachen_000006_000019_leftImg8bit.png,aachen_000006_000019_leftImg8bit.png,1.0,8.0,0.3740235255821221,57.04274034500122,-0.8334088325500488,-79.36741209030151,0.03341401102592886,0.0,0.5033765371907553,0.5091347694396973,Structure_degraded; Details_lost; Wrong_color_temp; Undersaturated; Overexposed; Shadows_remain
aachen_aachen_000007_000019_leftImg8bit.png,aachen_000007_000019_leftImg8bit.png,0.5,0.5,0.362961308855152,61.91147708892822,-1.9295334815979004,-85.99033212661743,0.027953853955357533,0.0,0.7206736948895859,0.5954294204711914,Structure_degraded; Details_lost; Wrong_color_temp; Undersaturated; Shadows_remain
aachen_aachen_000008_000019_leftImg8bit.png,aachen_000008_000019_leftImg8bit.png,0.75,0.75,0.37892959638609597,58.94421195983887,-1.8830227851867676,-76.84942388534546,0.02193302294271502,0.0,0.6851238315857211,0.5699798464775085,Structure_degraded; Details_lost; Wrong_color_temp; Undersaturated; Shadows_remain
aachen_aachen_000009_000019_leftImg8bit.png,aachen_000009_000019_leftImg8bit.png,0.8875,1.125,0.39555345471562786,56.01184415817261,-2.3100461959838867,-94.36277103424072,0.02523275036977933,0.0,0.7178018737130709,0.5247166752815247,Structure_degraded; Details_lost; Wrong_color_temp; Undersaturated; Shadows_remain
aachen_aachen_000010_000019_leftImg8bit.png,aachen_000010_000019_leftImg8bit.png,1.0,1.3333333333333333,0.35244174961605734,53.79974365234375,-2.053166389465332,-83.91768407821655,0.015547813426234843,0.0,0.7410040605043973,0.5023025274276733,Structure_degraded; Details_lost; Wrong_color_temp; Undersaturated; Shadows_remain
aachen_aachen_000011_000019_leftImg8bit.png,aachen_000011_000019_leftImg8bit.png,1.0,1.5,0.37158079129973076,54.83194065093994,-2.333031177520752,-87.0423493385315,0.038308222417391284,0.0,0.7077048861154467,0.5204930305480957,Structure_degraded; Details_lost; Wrong_color_temp; Undersaturated; Shadows_remain
aachen_aachen_000012_000019_leftImg8bit.png,aachen_000012_000019_leftImg8bit.png,0.9600000000000001,2.6,0.3870512659139614,53.366830825805664,-2.136350154876709,-80.93756198883057,0.056289894368170286,0.0,0.6147578598651253,0.45287269353866577,Structure_degraded; Details_lost; Wrong_color_temp; Undersaturated; Shadows_remain
aachen_aachen_000013_000019_leftImg8bit.png,aachen_000013_000019_leftImg8bit.png,0.9333333333333333,1.0,0.4022874506154985,60.70182657241821,0.21973037719726562,-70.09707736968994,0.02875325426669692,0.0,0.542428431917583,0.5395490527153015,Structure_degraded; Details_lost; Undersaturated; Overexposed; Shadows_remain
aachen_aachen_000014_000019_leftImg8bit.png,aachen_000014_000019_leftImg8bit.png,1.0,1.4166666666666667,0.42983369048292197,53.36072778701782,-0.23632526397705078,-70.92633581161499,0.05099047430698079,0.0,0.5185343350762374,0.4791114330291748,Structure_degraded; Details_lost; Wrong_color_temp; Undersaturated; Overexposed; Shadows_remain
aachen_aachen_000015_000019_leftImg8bit.png,aachen_000015_000019_leftImg8bit.png,0.75,0.875,0.39764750281144956,56.376203536987305,-0.31194448471069336,-71.41417264938354,0.025641025641017907,0.0,0.6780018959924068,0.49515312910079956,Structure_degraded; Details_lost; Wrong_color_temp; Undersaturated; Shadows_remain
aachen_aachen_000016_000019_leftImg8bit.png,aachen_000016_000019_leftImg8bit.png,1.0,1.2777777777777777,0.39499981670546513,61.01490545272827,-0.6982207298278809,-77.07968282699585,0.025163094128604045,0.0,0.7170628330246411,0.4807434678077698,Structure_degraded; Details_lost; Wrong_color_temp; Undersaturated; Shadows_remain
aachen_aachen_000017_000019_leftImg8bit.png,aachen_000017_000019_leftImg8bit.png,1.0,1.0,0.392595789511428,57.47441625595093,-0.30164527893066406,-71.3986382484436,0.05160088904904691,0.0,0.563438003820044,0.5311897397041321,Structure_degraded; Details_lost; Wrong_color_temp; Undersaturated; Overexposed; Shadows_remain
aachen_aachen_000018_000019_leftImg8bit.png,aachen_000018_000019_leftImg8bit.png,0.8875,1.125,0.446006852989074,49.476516246795654,0.18082857131958008,-68.74479007720947,0.0387220003472657,0.0,0.43452539230386966,0.5242823362350464,Structure_degraded; Details_lost; Undersaturated; Overexposed; Shadows_remain
aachen_aachen_000019_000019_leftImg8bit.png,aachen_000019_000019_leftImg8bit.png,0.9285714285714286,1.0,0.3983751548929689,59.49976825714111,0.5576543807983398,-70.43840312957764,0.019082719082711266,0.0,0.7133099368741398,0.5373159646987915,Structure_degraded; Details_lost; Undersaturated; Shadows_remain
aachen_aachen_000020_000019_leftImg8bit.png,aachen_000020_000019_leftImg8bit.png,0.775,1.25,0.383421370494169,63.7236328125,0.2030787467956543,-62.5640983581543,0.025791750602679638,0.0,0.8622375665993129,0.5515972375869751,Structure_degraded; Details_lost; Undersaturated; Shadows_remain
aachen_aachen_000021_000019_leftImg8bit.png,aachen_000021_000019_leftImg8bit.png,0.9666666666666666,1.7777777777777777,0.399366831447339,56.45069408416748,-1.437617301940918,-83.04076528549194,0.02908761837043758,0.0,0.6481334764201164,0.5253916382789612,Structure_degraded; Details_lost; Wrong_color_temp; Undersaturated; Shadows_remain
aachen_aachen_000022_000019_leftImg8bit.png,aachen_000022_000019_leftImg8bit.png,0.8666666666666667,0.8666666666666667,0.38691073955456806,60.40324354171753,-0.17511940002441406,-71.8995885848999,0.009564293304990921,0.0,0.7858632008176009,0.5477287173271179,Structure_degraded; Details_lost; Wrong_color_temp; Undersaturated; Shadows_remain
aachen_aachen_000023_000019_leftImg8bit.png,aachen_000023_000019_leftImg8bit.png,1.0,1.1111111111111112,0.43070283185040165,53.03652286529541,-0.9328536987304688,-87.53737211227417,0.07352810978305731,0.0,0.4836120564571653,0.5101104378700256,Structure_degraded; Details_lost; Wrong_color_temp; Undersaturated; Overexposed; Shadows_remain
aachen_aachen_000024_000019_leftImg8bit.png,aachen_000024_000019_leftImg8bit.png,1.0,1.25,0.38099002589299713,63.93555164337158,-0.9609465599060059,-91.9527473449707,0.020499228343279708,0.0,0.999485969543457,0.5367625951766968,Structure_degraded; Details_lost; Wrong_color_temp; Undersaturated; Shadows_remain
aachen_aachen_000025_000019_leftImg8bit.png,aachen_000025_000019_leftImg8bit.png,1.0,1.75,0.37773300332496196,58.73805046081543,-1.2560615539550781,-89.61769533157349,0.03719875248084083,0.0,0.5596605691613377,0.5836504697799683,Structure_degraded; Details_lost; Wrong_color_temp; Undersaturated; Overexposed; Shadows_remain
aachen_aachen_000026_000019_leftImg8bit.png,aachen_000026_000019_leftImg8bit.png,1.0,1.4,0.38240857697406766,55.960646629333496,-1.2223396301269531,-82.03886938095093,0.02253791924801791,0.0,0.5953871888275508,0.47888338565826416,Structure_degraded; Details_lost; Wrong_color_temp; Undersaturated; Overexposed; Shadows_remain
aachen_aachen_000027_000019_leftImg8bit.png,aachen_000027_000019_leftImg8bit.png,0.92,1.2,0.40374313174027676,56.63970947265625,-0.1861100196838379,-80.12153005599976,0.028451071512143208,0.0,0.48304862739452303,0.5272664427757263,Structure_degraded; Details_lost; Wrong_color_temp; Undersaturated; Overexposed; Shadows_remain
aachen_aachen_000028_000019_leftImg8bit.png,aachen_000028_000019_leftImg8bit.png,0.75,1.0,0.3578068748230079,56.08138561248779,-1.7056727409362793,-81.54996252059937,0.02324929971988072,0.0,0.7010408947278348,0.49039870500564575,Structure_degraded; Details_lost; Wrong_color_temp; Undersaturated; Shadows_remain
aachen_aachen_000029_000019_leftImg8bit.png,aachen_000029_000019_leftImg8bit.png,1.0,1.3333333333333333,0.42828043330364657,60.172831535339355,-0.2457733154296875,-80.31995439529419,0.043884120171658124,0.0,0.5772457055748608,0.5170604586601257,Structure_degraded; Details_lost; Wrong_color_temp; Undersaturated; Overexposed; Shadows_remain
aachen_aachen_000030_000019_leftImg8bit.png,aachen_000030_000019_leftImg8bit.png,1.0,0.9166666666666666,0.3625796179773604,57.49768590927124,-1.0193772315979004,-78.49240732192993,0.0177406270941284,0.0,0.6296183600240812,0.5433714389801025,Structure_degraded; Details_lost; Wrong_color_temp; Undersaturated; Shadows_remain
aachen_aachen_000031_000019_leftImg8bit.png,aachen_000031_000019_leftImg8bit.png,0.91,1.1,0.3573015976409322,54.66274166107178,-1.9604182243347168,-87.38134574890137,0.02445586892806205,0.0,0.6233949527983942,0.5016123056411743,Structure_degraded; Details_lost; Wrong_color_temp; Undersaturated; Shadows_remain
aachen_aachen_000032_000019_leftImg8bit.png,aachen_000032_000019_leftImg8bit.png,1.0,1.3333333333333333,0.35660272874491755,61.03007364273071,-0.8489928245544434,-78.13826751708984,0.011406064087305047,0.0,0.6857570942655868,0.5974604487419128,Structure_degraded; Details_lost; Wrong_color_temp; Undersaturated; Shadows_remain
aachen_aachen_000033_000019_leftImg8bit.png,aachen_000033_000019_leftImg8bit.png,1.0,2.0,0.4089609521032334,57.96806621551514,-2.0215940475463867,-86.39211082458496,0.051299486249602864,0.0,0.5870124417253173,0.5294579267501831,Structure_degraded; Details_lost; Wrong_color_temp; Undersaturated; Overexposed; Shadows_remain
aachen_aachen_000034_000019_leftImg8bit.png,aachen_000034_000019_leftImg8bit.png,1.0,1.3333333333333333,0.3923680992809225,57.256184577941895,-0.5108518600463867,-72.82496929168701,0.02199999999999436,0.0,0.6230819538999044,0.5099039673805237,Structure_degraded; Details_lost; Wrong_color_temp; Undersaturated; Shadows_remain
aachen_aachen_000035_000019_leftImg8bit.png,aachen_000035_000019_leftImg8bit.png,0.6666666666666666,1.0,0.34482638477707517,58.54493045806885,-1.921048641204834,-89.06777477264404,0.01310735224745161,0.0,0.8436696664518176,0.512932300567627,Structure_degraded; Details_lost; Wrong_color_temp; Undersaturated; Shadows_remain
aachen_aachen_000036_000019_leftImg8bit.png,aachen_000036_000019_leftImg8bit.png,1.0,1.0,0.37317203404408206,59.45367240905762,-1.2717623710632324,-75.26484680175781,0.01873389073991993,0.0,0.8745015471376218,0.5183699131011963,Structure_degraded; Details_lost; Wrong_color_temp; Undersaturated; Shadows_remain
aachen_aachen_000037_000019_leftImg8bit.png,aachen_000037_000019_leftImg8bit.png,1.0,0.8571428571428571,0.370866591610647,59.80539560317993,-2.0548601150512695,-83.09954690933228,0.027245439852217637,0.0,0.7984868583738843,0.5756982564926147,Structure_degraded; Details_lost; Wrong_color_temp; Undersaturated; Shadows_remain
aachen_aachen_000038_000019_leftImg8bit.png,aachen_000038_000019_leftImg8bit.png,0.75,0.75,0.37640060520361573,57.144471645355225,-2.1587166786193848,-105.9537467956543,0.02290880365135482,0.0,0.8485178872661339,0.512112021446228,Structure_degraded; Details_lost; Wrong_color_temp; Undersaturated; Shadows_remain
aachen_aachen_000039_000019_leftImg8bit.png,aachen_000039_000019_leftImg8bit.png,1.0,1.6666666666666667,0.3681943872035922,59.437193870544434,-1.1261334419250488,-97.14544439315796,0.030348445110509336,0.0,0.8526803750822775,0.5654767751693726,Structure_degraded; Details_lost; Wrong_color_temp; Undersaturated; Shadows_remain
aachen_aachen_000040_000019_leftImg8bit.png,aachen_000040_000019_leftImg8bit.png,1.0,1.0,0.38655233948244916,52.72990894317627,-1.7003540992736816,-86.25646781921387,0.048159324079642664,0.0,0.6479431005924561,0.5702569484710693,Structure_degraded; Details_lost; Wrong_color_temp; Undersaturated; Shadows_remain
aachen_aachen_000041_000019_leftImg8bit.png,aachen_000041_000019_leftImg8bit.png,1.0,1.5714285714285714,0.3719903227141374,53.31537389755249,-2.3365163803100586,-84.48753833770752,0.019974663406292913,0.0,0.6071585206554225,0.5216819047927856,Structure_degraded; Details_lost; Wrong_color_temp; Undersaturated; Shadows_remain
aachen_aachen_000042_000019_leftImg8bit.png,aachen_000042_000019_leftImg8bit.png,0.95,3.75,0.3688690259607803,55.79505109786987,-2.7560133934020996,-91.34111452102661,0.016853733668513664,0.0,0.6740910570640264,0.5128010511398315,Structure_degraded; Details_lost; Wrong_color_temp; Undersaturated; Shadows_remain
aachen_aachen_000043_000019_leftImg8bit.png,aachen_000043_000019_leftImg8bit.png,1.0,1.1,0.38220449875308415,56.94916772842407,-2.0069146156311035,-83.05718183517456,0.023071875107925577,0.0,0.5900225447549088,0.5351828932762146,Structure_degraded; Details_lost; Wrong_color_temp; Undersaturated; Overexposed; Shadows_remain
aachen_aachen_000044_000019_leftImg8bit.png,aachen_000044_000019_leftImg8bit.png,1.0,1.4,0.3870910636878388,52.12558889389038,-1.829455852508545,-82.37654209136963,0.04610302566064434,0.0,0.5530282676571936,0.5508342385292053,Structure_degraded; Details_lost; Wrong_color_temp; Undersaturated; Overexposed; Shadows_remain
aachen_aachen_000045_000019_leftImg8bit.png,aachen_000045_000019_leftImg8bit.png,1.0,5.0,0.36901747993662337,57.40178060531616,-1.3578343391418457,-76.78978252410889,0.005769424569181254,0.0,0.5847193837137882,0.49364015460014343,Structure_degraded; Details_lost; Wrong_color_temp; Undersaturated; Overexposed; Shadows_remain
aachen_aachen_000046_000019_leftImg8bit.png,aachen_000046_000019_leftImg8bit.png,1.0,1.5,0.35201900713437184,59.610854148864746,-0.631007194519043,-73.5397686958313,0.033243857113349685,0.0,0.7353598219220401,0.49758851528167725,Structure_degraded; Details_lost; Wrong_color_temp; Undersaturated; Shadows_remain
aachen_aachen_000047_000019_leftImg8bit.png,aachen_000047_000019_leftImg8bit.png,1.0,1.7777777777777777,0.33920080409050335,62.90130949020386,-4.662359237670898,-91.00830364227295,0.029817051718063266,0.0,0.8402531064149088,0.543582558631897,Structure_degraded; Details_lost; Wrong_color_temp; Undersaturated; Shadows_remain
aachen_aachen_000048_000019_leftImg8bit.png,aachen_000048_000019_leftImg8bit.png,0.9272727272727272,1.1818181818181819,0.40100796460449584,58.83706045150757,-1.9997124671936035,-79.6647744178772,0.02826866972937585,0.0,0.556287410503138,0.5343979597091675,Structure_degraded; Details_lost; Wrong_color_temp; Undersaturated; Overexposed; Shadows_remain
aachen_aachen_000049_000019_leftImg8bit.png,aachen_000049_000019_leftImg8bit.png,0.8928571428571428,1.3571428571428572,0.40950687798237756,56.56757402420044,-0.281247615814209,-71.91845655441284,0.04312010576628254,0.0,0.5390319389282108,0.5736169219017029,Structure_degraded; Details_lost; Wrong_color_temp; Undersaturated; Overexposed; Shadows_remain
aachen_aachen_000050_000019_leftImg8bit.png,aachen_000050_000019_leftImg8bit.png,0.9090909090909091,1.0,0.39997502140525754,58.45480442047119,-0.7725114822387695,-76.12492275238037,0.03961840628506184,0.0,0.5430565836860488,0.5265047550201416,Structure_degraded; Details_lost; Wrong_color_temp; Undersaturated; Overexposed; Shadows_remain
aachen_aachen_000051_000019_leftImg8bit.png,aachen_000051_000019_leftImg8bit.png,0.7333333333333333,1.6666666666666667,0.3868744881172543,62.488253116607666,-0.8853650093078613,-82.88469552993774,0.021936714542177996,0.0,0.48770917182166185,0.5411183834075928,Structure_degraded; Details_lost; Wrong_color_temp; Undersaturated; Overexposed; Shadows_remain
aachen_aachen_000052_000019_leftImg8bit.png,aachen_000052_000019_leftImg8bit.png,1.0,1.0,0.41652751846990493,64.80199956893921,0.19992542266845703,-70.33784532546997,0.02604606737444398,0.0,0.5333939606801745,0.56856769323349,Structure_degraded; Details_lost; Undersaturated; Overexposed; Shadows_remain
aachen_aachen_000053_000019_leftImg8bit.png,aachen_000053_000019_leftImg8bit.png,0.6666666666666666,1.0,0.3627849924004675,63.26142644882202,-1.3413734436035156,-84.40249395370483,0.021129061535661235,0.0,0.8137633790752338,0.6064298748970032,Structure_degraded; Details_lost; Wrong_color_temp; Undersaturated; Shadows_remain
aachen_aachen_000054_000019_leftImg8bit.png,aachen_000054_000019_leftImg8bit.png,1.0,1.1428571428571428,0.36067788258227773,65.16323232650757,-0.044144630432128906,-88.78876113891602,0.015493162641833178,0.0,0.8738180536171198,0.5460498332977295,Structure_degraded; Details_lost; Wrong_color_temp; Undersaturated; Shadows_remain
aachen_aachen_000055_000019_leftImg8bit.png,aachen_000055_000019_leftImg8bit.png,1.0,1.0,0.35892359882533104,71.67458820343018,-1.1754560470581055,-88.30936908721924,0.009311950336260056,0.0,0.8350884518115091,0.5958672761917114,Structure_degraded; Details_lost; Wrong_color_temp; Undersaturated; Shadows_remain
aachen_aachen_000056_000019_leftImg8bit.png,aachen_000056_000019_leftImg8bit.png,1.0,2.0,0.3349396942937703,75.46384334564209,-0.2602381706237793,-96.9294228553772,0.03459329504472112,0.0,0.9101278132529543,0.6502432823181152,Structure_degraded; Details_lost; Wrong_color_temp; Undersaturated; Shadows_remain
aachen_aachen_000057_000019_leftImg8bit.png,aachen_000057_000019_leftImg8bit.png,1.0,1.1428571428571428,0.3545167621037925,57.625468254089355,-2.0341715812683105,-93.97634077072144,0.015712155519960316,0.0,0.8595946194592586,0.5311068892478943,Structure_degraded; Details_lost; Wrong_color_temp; Undersaturated; Shadows_remain
aachen_aachen_000058_000019_leftImg8bit.png,aachen_000058_000019_leftImg8bit.png,1.0,1.1111111111111112,0.3662123599667116,60.24911022186279,-0.9865274429321289,-80.84479761123657,0.02214790040876174,0.0,0.8300938116252363,0.5161289572715759,Structure_degraded; Details_lost; Wrong_color_temp; Undersaturated; Shadows_remain
aachen_aachen_000059_000019_leftImg8bit.png,aachen_000059_000019_leftImg8bit.png,0.8,0.8,0.35816788817720396,66.71002721786499,-1.2966303825378418,-85.67793321609497,0.023388168826843057,0.0,0.7873134303824929,0.5526633858680725,Structure_degraded; Details_lost; Wrong_color_temp; Undersaturated; Shadows_remain
aachen_aachen_000060_000019_leftImg8bit.png,aachen_000060_000019_leftImg8bit.png,1.0,1.0,0.38086771736321917,58.12797784805298,-3.7632975578308105,-81.9795823097229,0.03345803815435977,0.0,0.8391535212591784,0.5139797329902649,Structure_degraded; Details_lost; Wrong_color_temp; Undersaturated; Shadows_remain
aachen_aachen_000061_000019_leftImg8bit.png,aachen_000061_000019_leftImg8bit.png,1.0,1.1666666666666667,0.37776074627480477,57.24473714828491,-0.9508380889892578,-82.00850248336792,0.024763334102971383,0.0,0.7259665665762691,0.48974061012268066,Structure_degraded; Details_lost; Wrong_color_temp; Undersaturated; Shadows_remain
aachen_aachen_000062_000019_leftImg8bit.png,aachen_000062_000019_leftImg8bit.png,0.6666666666666666,1.0,0.3668742051057643,68.65466022491455,-2.0651283264160156,-91.14999437332153,0.02037326841708098,0.0,0.7835747766306278,0.5390998125076294,Structure_degraded; Details_lost; Wrong_color_temp; Undersaturated; Shadows_remain
aachen_aachen_000063_000019_leftImg8bit.png,aachen_000063_000019_leftImg8bit.png,0.4,0.6,0.3728121156170781,61.875914096832275,-1.7148199081420898,-87.23961210250854,0.011870557991829778,0.0,0.8145207282221274,0.5551019310951233,Lost_objects; Structure_degraded; Details_lost; Wrong_color_temp; Undersaturated; Shadows_remain
aachen_aachen_000064_000019_leftImg8bit.png,aachen_000064_000019_leftImg8bit.png,0.8222222222222222,1.4444444444444444,0.3624833418128152,64.10732078552246,-1.5303144454956055,-84.78905963897705,0.02261771215473953,0.0,0.840297078426689,0.5004314184188843,Structure_degraded; Details_lost; Wrong_color_temp; Undersaturated; Shadows_remain
aachen_aachen_000065_000019_leftImg8bit.png,aachen_000065_000019_leftImg8bit.png,0.9,1.25,0.36511923822276604,63.59897565841675,-1.1509861946105957,-83.41171503067017,0.023653173903092666,0.0,0.8068569929752167,0.5494952201843262,Structure_degraded; Details_lost; Wrong_color_temp; Undersaturated; Shadows_remain
aachen_aachen_000066_000019_leftImg8bit.png,aachen_000066_000019_leftImg8bit.png,0.9500000000000001,1.5,0.38080169866476427,56.58813142776489,-0.7852783203125,-84.81981325149536,0.03541543402923023,0.0,0.8110201667651171,0.5450560450553894,Structure_degraded; Details_lost; Wrong_color_temp; Undersaturated; Shadows_remain
aachen_aachen_000067_000019_leftImg8bit.png,aachen_000067_000019_leftImg8bit.png,0.9666666666666667,1.5,0.3751878138765985,62.03815221786499,-0.8475141525268555,-79.13569259643555,0.028286528286518692,0.0,0.7399442100230156,0.5271827578544617,Structure_degraded; Details_lost; Wrong_color_temp; Undersaturated; Shadows_remain
aachen_aachen_000068_000019_leftImg8bit.png,aachen_000068_000019_leftImg8bit.png,1.0,1.5,0.35267818846636567,53.202534198760986,-2.18646240234375,-108.02146863937378,0.039272119580336426,0.0,0.6240417310840245,0.4839114546775818,Structure_degraded; Details_lost; Wrong_color_temp; Undersaturated; Shadows_remain
aachen_aachen_000069_000019_leftImg8bit.png,aachen_000069_000019_leftImg8bit.png,0.8,1.0,0.3457489293634488,56.79511308670044,-2.269627571105957,-93.01318120956421,0.011023577420083025,0.0,0.9968376159667969,0.5008719563484192,Structure_degraded; Details_lost; Wrong_color_temp; Undersaturated; Shadows_remain
aachen_aachen_000070_000019_leftImg8bit.png,aachen_000070_000019_leftImg8bit.png,1.0,2.0,0.3991274223339073,63.735220432281494,-0.48525190353393555,-77.08505868911743,0.025656668361285998,0.0,0.7242901390950888,0.5051303505897522,Structure_degraded; Details_lost; Wrong_color_temp; Undersaturated; Shadows_remain
aachen_aachen_000071_000019_leftImg8bit.png,aachen_000071_000019_leftImg8bit.png,1.0,1.6666666666666667,0.364349184392955,59.176010608673096,-1.8077049255371094,-84.1757755279541,0.02158710854362208,0.0,0.8239121532881518,0.5706862211227417,Structure_degraded; Details_lost; Wrong_color_temp; Undersaturated; Shadows_remain
aachen_aachen_000072_000019_leftImg8bit.png,aachen_000072_000019_leftImg8bit.png,1.0,1.2,0.38612651225995304,58.61217164993286,-2.452610492706299,-90.84453439712524,0.038540168092663536,0.0,0.776825363562619,0.49509334564208984,Structure_degraded; Details_lost; Wrong_color_temp; Undersaturated; Shadows_remain
aachen_aachen_000073_000019_leftImg8bit.png,aachen_000073_000019_leftImg8bit.png,1.0,1.5,0.3721383990311741,64.5907244682312,-1.395744800567627,-92.72181415557861,0.014491142242971428,0.0,0.7808826778804581,0.5484098792076111,Structure_degraded; Details_lost; Wrong_color_temp; Undersaturated; Shadows_remain
aachen_aachen_000074_000019_leftImg8bit.png,aachen_000074_000019_leftImg8bit.png,1.0,1.75,0.35885329705057206,60.13054609298706,-0.4207334518432617,-85.07674551010132,0.009181331293033978,0.0,0.69318038818861,0.5029758810997009,Structure_degraded; Details_lost; Wrong_color_temp; Undersaturated; Shadows_remain
aachen_aachen_000075_000019_leftImg8bit.png,aachen_000075_000019_leftImg8bit.png,1.0,1.1111111111111112,0.41996868705074086,68.5513219833374,-0.6474146842956543,-80.08707618713379,0.02913423789516181,0.0,0.7834024559385191,0.503455400466919,Structure_degraded; Details_lost; Wrong_color_temp; Undersaturated; Shadows_remain
aachen_aachen_000076_000019_leftImg8bit.png,aachen_000076_000019_leftImg8bit.png,1.0,1.75,0.37553819219077905,61.43388223648071,-0.520329475402832,-80.32371282577515,0.023618877208667583,0.0,0.7798643786053563,0.565165102481842,Structure_degraded; Details_lost; Wrong_color_temp; Undersaturated; Shadows_remain
aachen_aachen_000077_000019_leftImg8bit.png,aachen_000077_000019_leftImg8bit.png,1.0,1.0,0.4034740062296826,59.096473693847656,-1.496455192565918,-81.45223140716553,0.04130381704238573,0.0,0.8363484501510342,0.5494655966758728,Structure_degraded; Details_lost; Wrong_color_temp; Undersaturated; Shadows_remain
aachen_aachen_000078_000019_leftImg8bit.png,aachen_000078_000019_leftImg8bit.png,1.0,1.0,0.40710092242824175,64.21372556686401,-1.670259952545166,-80.576979637146,0.027581140643773348,0.0,0.83429018218749,0.5132761001586914,Structure_degraded; Details_lost; Wrong_color_temp; Undersaturated; Shadows_remain
aachen_aachen_000079_000019_leftImg8bit.png,aachen_000079_000019_leftImg8bit.png,1.0,1.2857142857142858,0.42612938973643316,54.436102867126465,-0.48044824600219727,-83.42798471450806,0.027900886381935986,0.0,0.581327122463531,0.5320864915847778,Structure_degraded; Details_lost; Wrong_color_temp; Undersaturated; Overexposed; Shadows_remain
aachen_aachen_000080_000019_leftImg8bit.png,aachen_000080_000019_leftImg8bit.png,1.0,1.4285714285714286,0.37576051751400513,63.54904747009277,-1.244189739227295,-80.8071084022522,0.03155728332950403,0.0,0.8185916600135722,0.5983823537826538,Structure_degraded; Details_lost; Wrong_color_temp; Undersaturated; Shadows_remain
aachen_aachen_000081_000019_leftImg8bit.png,aachen_000081_000019_leftImg8bit.png,0.8200000000000001,1.2,0.35007412432304835,55.97815418243408,-1.405411720275879,-78.47283458709717,0.02645467074522624,0.0,0.8608723397291344,0.47908467054367065,Structure_degraded; Details_lost; Wrong_color_temp; Undersaturated; Shadows_remain
aachen_aachen_000082_000019_leftImg8bit.png,aachen_000082_000019_leftImg8bit.png,0.55,1.5,0.3078193547991812,58.73449468612671,-1.8978371620178223,-101.93792724609375,0.03963858933251759,0.0,0.8465022195789091,0.5973602533340454,Structure_degraded; Details_lost; Wrong_color_temp; Undersaturated; Shadows_remain
aachen_aachen_000083_000019_leftImg8bit.png,aachen_000083_000019_leftImg8bit.png,1.0,1.3,0.38348107121831415,51.99638032913208,-3.2877326011657715,-86.95426177978516,0.02788021446318089,0.0,0.7067247705583836,0.5135521292686462,Structure_degraded; Details_lost; Wrong_color_temp; Undersaturated; Shadows_remain
aachen_aachen_000084_000019_leftImg8bit.png,aachen_000084_000019_leftImg8bit.png,1.0,1.8333333333333333,0.36824372124452875,52.481041431427,-1.9289846420288086,-89.18045282363892,0.02235343736819279,0.0,0.7558274729740855,0.5194332599639893,Structure_degraded; Details_lost; Wrong_color_temp; Undersaturated; Shadows_remain
aachen_aachen_000085_000019_leftImg8bit.png,aachen_000085_000019_leftImg8bit.png,1.0,1.3846153846153846,0.40410937693039967,55.84030055999756,-0.9427437782287598,-83.5714316368103,0.03392667819875177,0.0,0.5713926165208039,0.47031742334365845,Structure_degraded; Details_lost; Wrong_color_temp; Undersaturated; Overexposed; Shadows_remain
aachen_aachen_000086_000019_leftImg8bit.png,aachen_000086_000019_leftImg8bit.png,1.0,1.8,0.4052382200991672,54.31238079071045,-0.6743192672729492,-86.82341289520264,0.01876397575914095,0.0,0.5782290190275362,0.47981682419776917,Structure_degraded; Details_lost; Wrong_color_temp; Undersaturated; Overexposed; Shadows_remain
aachen_aachen_000087_000019_leftImg8bit.png,aachen_000087_000019_leftImg8bit.png,1.0,1.2,0.3854869188488356,58.209633350372314,-0.3568143844604492,-75.50567483901978,0.03587522269185179,0.0,0.7912671932510316,0.5002523064613342,Structure_degraded; Details_lost; Wrong_color_temp; Undersaturated; Shadows_remain
aachen_aachen_000088_000019_leftImg8bit.png,aachen_000088_000019_leftImg8bit.png,1.0,1.8,0.38588698438333363,50.445343017578125,-0.9200668334960938,-74.74610567092896,0.02189109639440094,0.0,0.6506369124919067,0.5033410787582397,Structure_degraded; Details_lost; Wrong_color_temp; Undersaturated; Shadows_remain
aachen_aachen_000089_000019_leftImg8bit.png,aachen_000089_000019_leftImg8bit.png,0.7142857142857143,1.0,0.3838544556648748,50.26734972000122,-0.31438732147216797,-64.36974239349365,0.0251176877242568,0.0,0.6186405275214149,0.5047590732574463,Structure_degraded; Details_lost; Wrong_color_temp; Undersaturated; Shadows_remain
aachen_aachen_000090_000019_leftImg8bit.png,aachen_000090_000019_leftImg8bit.png,0.8,0.8,0.39044549628190456,52.66727638244629,-1.6294174194335938,-77.04857683181763,0.021107760672900686,0.0,0.7052767818533172,0.5807582139968872,Structure_degraded; Details_lost; Wrong_color_temp; Undersaturated; Shadows_remain
aachen_aachen_000091_000019_leftImg8bit.png,aachen_000091_000019_leftImg8bit.png,1.0,0.9166666666666666,0.3867359858694483,56.842305183410645,-0.6517362594604492,-72.76637697219849,0.0262319763738415,0.0,0.7747732064315158,0.5494368076324463,Structure_degraded; Details_lost; Wrong_color_temp; Undersaturated; Shadows_remain
aachen_aachen_000092_000019_leftImg8bit.png,aachen_000092_000019_leftImg8bit.png,1.0,1.25,0.3897246807977414,51.632615089416504,-1.2530317306518555,-79.56399250030518,0.02251443952222775,0.0,0.5547869629452022,0.5000662803649902,Structure_degraded; Details_lost; Wrong_color_temp; Undersaturated; Overexposed; Shadows_remain
aachen_aachen_000093_000019_leftImg8bit.png,aachen_000093_000019_leftImg8bit.png,0.8333333333333334,0.8333333333333334,0.3626461218581525,53.32511329650879,-2.440969944000244,-84.90128993988037,0.037852661320464595,0.0,0.7059744523141109,0.5260951519012451,Structure_degraded; Details_lost; Wrong_color_temp; Undersaturated; Shadows_remain
aachen_aachen_000094_000019_leftImg8bit.png,aachen_000094_000019_leftImg8bit.png,1.0,1.3333333333333333,0.39057833234115735,52.93150043487549,-1.5667314529418945,-90.51050567626953,0.04254438414127378,0.0,0.5769782773487413,0.5488975644111633,Structure_degraded; Details_lost; Wrong_color_temp; Undersaturated; Overexposed; Shadows_remain
aachen_aachen_000095_000019_leftImg8bit.png,aachen_000095_000019_leftImg8bit.png,1.0,1.2857142857142858,0.383031525912201,49.96251916885376,-1.0629487037658691,-83.48783349990845,0.0807067455266297,0.0,0.6169244335222883,0.5879198908805847,Structure_degraded; Details_lost; Wrong_color_temp; Undersaturated; Shadows_remain
aachen_aachen_000096_000019_leftImg8bit.png,aachen_000096_000019_leftImg8bit.png,1.0,1.3333333333333333,0.3987949824268873,55.278733253479004,-4.126454830169678,-87.27269697189331,0.03433074552333541,0.0,0.6545815354761664,0.47755664587020874,Structure_degraded; Details_lost; Wrong_color_temp; Undersaturated; Shadows_remain
aachen_aachen_000097_000019_leftImg8bit.png,aachen_000097_000019_leftImg8bit.png,1.0,1.3333333333333333,0.3631282661083048,58.03691530227661,-1.1571345329284668,-89.60244703292847,0.044704147047118226,0.0,0.6965376036375457,0.5810626149177551,Structure_degraded; Details_lost; Wrong_color_temp; Undersaturated; Shadows_remain
aachen_aachen_000098_000019_leftImg8bit.png,aachen_000098_000019_leftImg8bit.png,0.75,0.875,0.3653320792038385,55.38681221008301,-1.5754828453063965,-85.11115074157715,0.031050184072839056,0.0,0.8774699223345311,0.529395580291748,Structure_degraded; Details_lost; Wrong_color_temp; Undersaturated; Shadows_remain
aachen_aachen_000099_000019_leftImg8bit.png,aachen_000099_000019_leftImg8bit.png,1.0,1.2222222222222223,0.41858008660820584,52.50964689254761,-1.573000431060791,-71.60692739486694,0.036138667829489775,0.0,0.7395520595442096,0.5026189684867859,Structure_degraded; Details_lost; Wrong_color_temp; Undersaturated; Shadows_remain
aachen_aachen_000100_000019_leftImg8bit.png,aachen_000100_000019_leftImg8bit.png,1.0,1.0,0.3630941483217469,57.73301029205322,-0.9076995849609375,-77.38996839523315,0.006948295547216784,0.0,0.7417577694446057,0.5236979722976685,Structure_degraded; Details_lost; Wrong_color_temp; Undersaturated; Shadows_remain
aachen_aachen_000101_000019_leftImg8bit.png,aachen_000101_000019_leftImg8bit.png,1.0,13.0,0.3663588418505801,54.26455736160278,-0.8925356864929199,-81.40005826950073,0.02099535736463288,0.0,0.6382934902351136,0.49024197459220886,Structure_degraded; Details_lost; Wrong_color_temp; Undersaturated; Shadows_remain
aachen_aachen_000102_000019_leftImg8bit.png,aachen_000102_000019_leftImg8bit.png,0.9333333333333332,1.4444444444444444,0.3533459967568571,62.684600830078125,-0.8256740570068359,-85.77512788772583,0.022552894675648083,0.0,0.7977683405293993,0.5808263421058655,Structure_degraded; Details_lost; Wrong_color_temp; Undersaturated; Shadows_remain
aachen_aachen_000103_000019_leftImg8bit.png,aachen_000103_000019_leftImg8bit.png,0.6,0.8,0.38536941740634123,59.26844263076782,-0.7247347831726074,-74.52464818954468,0.024704408425328984,0.0,0.9040220604741108,0.5259270668029785,Structure_degraded; Details_lost; Wrong_color_temp; Undersaturated; Shadows_remain
aachen_aachen_000104_000019_leftImg8bit.png,aachen_000104_000019_leftImg8bit.png,1.0,1.4285714285714286,0.4031145984536908,57.59057092666626,0.07267475128173828,-79.46091604232788,0.026106598323258717,0.0,0.6535735211612675,0.5465742349624634,Structure_degraded; Details_lost; Undersaturated; Shadows_remain
aachen_aachen_000105_000019_leftImg8bit.png,aachen_000105_000019_leftImg8bit.png,1.0,2.6666666666666665,0.3582256252688173,55.403571128845215,-0.003128528594970703,-85.76216411590576,0.0313119162185001,0.0,0.8132515636799618,0.5010754466056824,Structure_degraded; Details_lost; Wrong_color_temp; Undersaturated; Shadows_remain
aachen_aachen_000106_000019_leftImg8bit.png,aachen_000106_000019_leftImg8bit.png,1.0,1.75,0.394991499261529,50.86873960494995,-1.4152607917785645,-87.31623458862305,0.025110486139004448,0.0,0.5505333127099833,0.47879260778427124,Structure_degraded; Details_lost; Wrong_color_temp; Undersaturated; Overexposed; Shadows_remain
aachen_aachen_000107_000019_leftImg8bit.png,aachen_000107_000019_leftImg8bit.png,0.87,1.7,0.3574393667774375,57.208619594573975,-1.343738079071045,-74.2001838684082,0.03431335499960913,0.0,0.6836546523885891,0.583227813243866,Structure_degraded; Details_lost; Wrong_color_temp; Undersaturated; Shadows_remain
aachen_aachen_000108_000019_leftImg8bit.png,aachen_000108_000019_leftImg8bit.png,0.9500000000000001,2.1666666666666665,0.37390577729102525,52.25280475616455,-1.0293240547180176,-80.35479211807251,0.04001928640307204,0.0,0.5366588283339031,0.5563414692878723,Structure_degraded; Details_lost; Wrong_color_temp; Undersaturated; Overexposed; Shadows_remain
aachen_aachen_000109_000019_leftImg8bit.png,aachen_000109_000019_leftImg8bit.png,0.8,1.5,0.37561164445155004,52.69143295288086,-0.8373513221740723,-64.23176956176758,0.0261525922250873,0.0,0.8043021841941795,0.5474025011062622,Structure_degraded; Details_lost; Wrong_color_temp; Undersaturated; Shadows_remain
aachen_aachen_000110_000019_leftImg8bit.png,aachen_000110_000019_leftImg8bit.png,0.625,1.0,0.36080859086107,50.6582612991333,-1.600400447845459,-74.32304191589355,0.028072541434493354,0.0,0.8598061526680001,0.572954535484314,Structure_degraded; Details_lost; Wrong_color_temp; Undersaturated; Shadows_remain
aachen_aachen_000111_000019_leftImg8bit.png,aachen_000111_000019_leftImg8bit.png,0.9272727272727272,1.1818181818181819,0.369071908794895,53.334585666656494,-2.025867462158203,-80.25387191772461,0.01750894106670269,0.0,0.8433815821484609,0.5220414400100708,Structure_degraded; Details_lost; Wrong_color_temp; Undersaturated; Shadows_remain
aachen_aachen_000112_000019_leftImg8bit.png,aachen_000112_000019_leftImg8bit.png,1.0,1.25,0.41290090418527786,50.806774616241455,-0.714726448059082,-80.7671160697937,0.054865964326663776,0.0,0.6307073129606138,0.49153679609298706,Structure_degraded; Details_lost; Wrong_color_temp; Undersaturated; Shadows_remain
aachen_aachen_000113_000019_leftImg8bit.png,aachen_000113_000019_leftImg8bit.png,0.875,0.75,0.35108282673744884,55.62606143951416,-1.212409496307373,-79.8587293624878,0.04160844589347326,0.0,0.8065103688210434,0.5585541725158691,Structure_degraded; Details_lost; Wrong_color_temp; Undersaturated; Shadows_remain
aachen_aachen_000114_000019_leftImg8bit.png,aachen_000114_000019_leftImg8bit.png,0.9,1.0,0.3594366067643318,50.29464912414551,-0.3547029495239258,-74.81598901748657,0.0069609239044427455,0.0,0.8920821767438922,0.5181434750556946,Structure_degraded; Details_lost; Wrong_color_temp; Undersaturated; Shadows_remain
aachen_aachen_000115_000019_leftImg8bit.png,aachen_000115_000019_leftImg8bit.png,0.6666666666666666,0.6666666666666666,0.33294905846720235,51.879655838012695,-1.4248480796813965,-84.82004737854004,0.03481934265688392,0.0,0.8418089172576144,0.5517347455024719,Structure_degraded; Details_lost; Wrong_color_temp; Undersaturated; Shadows_remain
aachen_aachen_000116_000019_leftImg8bit.png,aachen_000116_000019_leftImg8bit.png,0.9058823529411765,1.2352941176470589,0.3624582135446654,56.68716478347778,-1.125781536102295,-81.36114358901978,0.004609845553348158,0.0,0.8041630973200986,0.5135607719421387,Structure_degraded; Details_lost; Wrong_color_temp; Undersaturated; Shadows_remain
aachen_aachen_000117_000019_leftImg8bit.png,aachen_000117_000019_leftImg8bit.png,0.9285714285714285,1.7142857142857142,0.3835628360480675,60.18642044067383,-0.632847785949707,-75.76225137710571,0.02909829970751544,0.0,0.6133468396529926,0.5589792728424072,Structure_degraded; Details_lost; Wrong_color_temp; Undersaturated; Shadows_remain
aachen_aachen_000118_000019_leftImg8bit.png,aachen_000118_000019_leftImg8bit.png,1.0,2.75,0.3835079200454842,53.90834665298462,-0.9285035133361816,-82.1346755027771,0.02090401663564959,0.0,0.6258678091625492,0.5080426335334778,Structure_degraded; Details_lost; Wrong_color_temp; Undersaturated; Shadows_remain
aachen_aachen_000119_000019_leftImg8bit.png,aachen_000119_000019_leftImg8bit.png,1.0,2.0,0.3880408648715281,55.17544603347778,-0.39556074142456055,-77.81345129013062,0.023932234525686602,0.0,0.7861003255451868,0.5255581140518188,Structure_degraded; Details_lost; Wrong_color_temp; Undersaturated; Shadows_remain
aachen_aachen_000120_000019_leftImg8bit.png,aachen_000120_000019_leftImg8bit.png,1.0,2.3333333333333335,0.3590715275552913,57.36778545379639,-0.7423253059387207,-84.71595764160156,0.04135296100683921,0.0,0.7927718991367001,0.5241712331771851,Structure_degraded; Details_lost; Wrong_color_temp; Undersaturated; Shadows_remain
aachen_aachen_000121_000019_leftImg8bit.png,aachen_000121_000019_leftImg8bit.png,1.0,1.0,0.363725370143322,63.127976417541504,0.066619873046875,-65.57823944091797,0.015576406794073636,0.0,0.8345657184361757,0.5397921204566956,Structure_degraded; Details_lost; Undersaturated; Shadows_remain
aachen_aachen_000122_000019_leftImg8bit.png,aachen_000122_000019_leftImg8bit.png,1.0,1.0769230769230769,0.4009178337272361,56.71804904937744,0.3577919006347656,-70.07056283950806,0.025071612083978068,0.0,0.6215062257306316,0.5162732601165771,Structure_degraded; Details_lost; Undersaturated; Shadows_remain
aachen_aachen_000123_000019_leftImg8bit.png,aachen_000123_000019_leftImg8bit.png,1.0,1.0625,0.41118922615728876,52.24549102783203,-1.120549201965332,-82.10111379623413,0.030744905129989022,0.0,0.788544049343231,0.5852342844009399,Structure_degraded; Details_lost; Wrong_color_temp; Undersaturated; Shadows_remain
aachen_aachen_000124_000019_leftImg8bit.png,aachen_000124_000019_leftImg8bit.png,1.0,1.3636363636363635,0.3881449215313617,51.82896423339844,-0.9207959175109863,-97.04684352874756,0.04464836837988369,0.0,0.6609899652910801,0.5545039772987366,Structure_degraded; Details_lost; Wrong_color_temp; Undersaturated; Shadows_remain
aachen_aachen_000125_000019_leftImg8bit.png,aachen_000125_000019_leftImg8bit.png,1.0,1.6666666666666667,0.41839918544496,56.31676149368286,0.004187583923339844,-78.02640581130981,0.0211623641000308,0.0,0.6218736641193704,0.5379274487495422,Structure_degraded; Details_lost; Undersaturated; Shadows_remain
aachen_aachen_000126_000019_leftImg8bit.png,aachen_000126_000019_leftImg8bit.png,1.0,1.1666666666666667,0.36177754754507585,55.455321311950684,-0.985295295715332,-84.11553573608398,0.02755098612370139,0.0,0.7103124885559883,0.5580636262893677,Structure_degraded; Details_lost; Wrong_color_temp; Undersaturated; Shadows_remain
aachen_aachen_000127_000019_leftImg8bit.png,aachen_000127_000019_leftImg8bit.png,0.9,1.25,0.4062660992485939,53.73618841171265,-0.22649526596069336,-85.93363237380981,0.05010649030375888,0.0,0.784265820958686,0.49170729517936707,Structure_degraded; Details_lost; Wrong_color_temp; Undersaturated; Shadows_remain
aachen_aachen_000128_000019_leftImg8bit.png,aachen_000128_000019_leftImg8bit.png,1.0,1.3333333333333333,0.4090678190812171,55.97848463058472,-0.8015694618225098,-84.01971673965454,0.029722612992811124,0.0,0.7275110640710959,0.5134028792381287,Structure_degraded; Details_lost; Wrong_color_temp; Undersaturated; Shadows_remain
aachen_aachen_000129_000019_leftImg8bit.png,aachen_000129_000019_leftImg8bit.png,0.6666666666666666,1.0,0.3316362838391605,57.03041362762451,-1.847219467163086,-88.36494588851929,0.019589126374758417,0.0,0.7603700575377008,0.5715384483337402,Structure_degraded; Details_lost; Wrong_color_temp; Undersaturated; Shadows_remain
aachen_aachen_000130_000019_leftImg8bit.png,aachen_000130_000019_leftImg8bit.png,1.0,1.0,0.37084660773523487,58.47127962112427,-0.46070098876953125,-81.2228832244873,0.02858838125032942,0.0,0.8318051198565796,0.5604328513145447,Structure_degraded; Details_lost; Wrong_color_temp; Undersaturated; Shadows_remain
aachen_aachen_000131_000019_leftImg8bit.png,aachen_000131_000019_leftImg8bit.png,0.8818181818181818,1.6363636363636365,0.3789909544052996,54.45719814300537,-0.5592269897460938,-79.42286491394043,0.028002726653025767,0.0,0.7295701188890806,0.5077595710754395,Structure_degraded; Details_lost; Wrong_color_temp; Undersaturated; Shadows_remain
aachen_aachen_000132_000019_leftImg8bit.png,aachen_000132_000019_leftImg8bit.png,1.0,1.4285714285714286,0.3844182117731169,51.85694217681885,-1.0258431434631348,-92.38609886169434,0.02334576598976953,0.0,0.6176000565734086,0.4881747364997864,Structure_degraded; Details_lost; Wrong_color_temp; Undersaturated; Shadows_remain
aachen_aachen_000133_000019_leftImg8bit.png,aachen_000133_000019_leftImg8bit.png,1.0,2.0,0.3808851007520131,56.90827417373657,-1.3955426216125488,-74.4202709197998,0.009425372216067571,0.0,0.7219628218476771,0.5116167068481445,Structure_degraded; Details_lost; Wrong_color_temp; Undersaturated; Shadows_remain
aachen_aachen_000134_000019_leftImg8bit.png,aachen_000134_000019_leftImg8bit.png,1.0,1.4545454545454546,0.3955148630347756,50.8765926361084,-0.905461311340332,-85.05941152572632,0.035459696581966904,0.0,0.6601694799164353,0.5130538940429688,Structure_degraded; Details_lost; Wrong_color_temp; Undersaturated; Shadows_remain
aachen_aachen_000135_000019_leftImg8bit.png,aachen_000135_000019_leftImg8bit.png,1.0,1.3333333333333333,0.3386650025650654,51.70131731033325,-2.307668685913086,-91.4596676826477,0.037377508166104814,0.0,0.6786987620020964,0.5819786787033081,Structure_degraded; Details_lost; Wrong_color_temp; Undersaturated; Shadows_remain
aachen_aachen_000136_000019_leftImg8bit.png,aachen_000136_000019_leftImg8bit.png,1.0,1.75,0.40453161803026594,59.10361862182617,-2.640434741973877,-73.36111736297607,0.03527417817166227,0.0,0.621096459016786,0.4983525574207306,Structure_degraded; Details_lost; Wrong_color_temp; Undersaturated; Shadows_remain
aachen_aachen_000137_000019_leftImg8bit.png,aachen_000137_000019_leftImg8bit.png,1.0,1.125,0.39044501280311694,56.8282265663147,-3.704172134399414,-75.39578294754028,0.03662669447339389,0.0,0.6691437416285113,0.5694284439086914,Structure_degraded; Details_lost; Wrong_color_temp; Undersaturated; Shadows_remain
aachen_aachen_000138_000019_leftImg8bit.png,aachen_000138_000019_leftImg8bit.png,1.0,2.0,0.39041755004848533,60.83043909072876,-2.1729979515075684,-75.9336085319519,0.02935305198638363,0.0,0.711656806823121,0.5463804006576538,Structure_degraded; Details_lost; Wrong_color_temp; Undersaturated; Shadows_remain
aachen_aachen_000139_000019_leftImg8bit.png,aachen_000139_000019_leftImg8bit.png,1.0,1.75,0.34028693782726793,51.49197196960449,-1.9125080108642578,-87.17687463760376,0.01973185880926385,0.0,0.8477089102913541,0.5253102779388428,Structure_degraded; Details_lost; Wrong_color_temp; Undersaturated; Shadows_remain
aachen_aachen_000140_000019_leftImg8bit.png,aachen_000140_000019_leftImg8bit.png,1.0,2.0,0.336447286777614,61.54892683029175,-0.10725975036621094,-93.9369683265686,0.026803381903207947,0.0,0.9239874416808243,0.5900247693061829,Structure_degraded; Details_lost; Wrong_color_temp; Undersaturated; Shadows_remain
aachen_aachen_000141_000019_leftImg8bit.png,aachen_000141_000019_leftImg8bit.png,0.75,1.0,0.3617503960940762,56.057899951934814,0.3639984130859375,-83.15331983566284,0.03683915561366081,0.0,0.860125684153404,0.5631440877914429,Structure_degraded; Details_lost; Undersaturated; Shadows_remain
aachen_aachen_000142_000019_leftImg8bit.png,aachen_000142_000019_leftImg8bit.png,1.0,1.6,0.3641843102234164,51.73362636566162,-2.183195114135742,-92.26296472549438,0.03115924966641898,0.0,0.8425636619380155,0.5446622967720032,Structure_degraded; Details_lost; Wrong_color_temp; Undersaturated; Shadows_remain
aachen_aachen_000143_000019_leftImg8bit.png,aachen_000143_000019_leftImg8bit.png,0.5,1.0,0.32757880514770177,60.46514129638672,-1.0076713562011719,-88.03916835784912,0.01897121283623456,0.0,0.9972524642944336,0.5788542032241821,Structure_degraded; Details_lost; Wrong_color_temp; Undersaturated; Shadows_remain
aachen_aachen_000144_000019_leftImg8bit.png,aachen_000144_000019_leftImg8bit.png,1.0,1.0,0.3685490408898507,61.72966241836548,-2.996641159057617,-75.05737352371216,0.02110359948838795,0.0,0.7935974744766477,0.542949378490448,Structure_degraded; Details_lost; Wrong_color_temp; Undersaturated; Shadows_remain
aachen_aachen_000145_000019_leftImg8bit.png,aachen_000145_000019_leftImg8bit.png,1.0,1.7,0.3864944636390319,50.474586486816406,-0.13227462768554688,-84.87576723098755,0.03755885290339651,0.0,0.7612251211651906,0.5233119130134583,Structure_degraded; Details_lost; Wrong_color_temp; Undersaturated; Shadows_remain
aachen_aachen_000146_000019_leftImg8bit.png,aachen_000146_000019_leftImg8bit.png,1.0,1.1428571428571428,0.38087528586543445,58.13207197189331,-1.3568658828735352,-85.32211685180664,0.03413254483510051,0.0,0.7882833891653184,0.5656164288520813,Structure_degraded; Details_lost; Wrong_color_temp; Undersaturated; Shadows_remain
aachen_aachen_000147_000019_leftImg8bit.png,aachen_000147_000019_leftImg8bit.png,1.0,1.1333333333333333,0.3839294901731692,53.34217119216919,-1.0056395530700684,-77.1501579284668,0.022228514795406423,0.0,0.5887196240274046,0.5217490792274475,Structure_degraded; Details_lost; Wrong_color_temp; Undersaturated; Overexposed; Shadows_remain
aachen_aachen_000148_000019_leftImg8bit.png,aachen_000148_000019_leftImg8bit.png,1.0,5.0,0.3484256217436864,67.21125221252441,-1.4834589958190918,-102.82498264312744,0.01133329377558219,0.0,0.8736137506939412,0.600532591342926,Structure_degraded; Details_lost; Wrong_color_temp; Undersaturated; Shadows_remain
aachen_aachen_000149_000019_leftImg8bit.png,aachen_000149_000019_leftImg8bit.png,0.7333333333333333,1.6666666666666667,0.3478840893553372,64.38078022003174,-1.7617549896240234,-91.58216190338135,0.005965131990902032,0.0,0.8275921532594436,0.6101219058036804,Structure_degraded; Details_lost; Wrong_color_temp; Undersaturated; Shadows_remain
aachen_aachen_000150_000019_leftImg8bit.png,aachen_000150_000019_leftImg8bit.png,1.0,1.2,0.3426654555914847,55.73179626464844,-2.619213581085205,-89.9458818435669,0.014218134034161835,0.0,0.8016064940148587,0.5365873575210571,Structure_degraded; Details_lost; Wrong_color_temp; Undersaturated; Shadows_remain
aachen_aachen_000151_000019_leftImg8bit.png,aachen_000151_000019_leftImg8bit.png,1.0,1.0,0.3320107166576972,60.10903835296631,-1.925793170928955,-97.61779880523682,0.01439290885953118,0.0,0.8063917506152432,0.5951676368713379,Structure_degraded; Details_lost; Wrong_color_temp; Undersaturated; Shadows_remain
aachen_aachen_000152_000019_leftImg8bit.png,aachen_000152_000019_leftImg8bit.png,1.0,0.0,0.3040944908477202,65.85521173477173,-3.0366621017456055,-80.19037246704102,0.014547652629452127,0.0,0.9999933242797852,0.6875395178794861,Structure_degraded; Details_lost; Wrong_color_temp; Undersaturated; Shadows_remain
aachen_aachen_000153_000019_leftImg8bit.png,aachen_000153_000019_leftImg8bit.png,0.5,0.5,0.2860595822330383,56.80186891555786,0.46580982208251953,-73.96198034286499,0.07248750215476965,0.0,0.9996614456176758,0.4862041175365448,Structure_degraded; Details_lost; Undersaturated; Shadows_remain
aachen_aachen_000154_000019_leftImg8bit.png,aachen_000154_000019_leftImg8bit.png,1.0,1.4444444444444444,0.32250632622449893,66.27491807937622,-0.042722225189208984,-96.43967771530151,0.01659751037343688,0.0,0.8684735913910788,0.5829224586486816,Structure_degraded; Details_lost; Wrong_color_temp; Undersaturated; Shadows_remain
aachen_aachen_000155_000019_leftImg8bit.png,aachen_000155_000019_leftImg8bit.png,1.0,1.0,0.367674528061467,61.31814432144165,-0.3613762855529785,-78.8019814491272,0.010477140783739805,0.0,0.8885247673740901,0.5599533319473267,Structure_degraded; Details_lost; Wrong_color_temp; Undersaturated; Shadows_remain
aachen_aachen_000156_000019_leftImg8bit.png,aachen_000156_000019_leftImg8bit.png,1.0,1.0,0.3564547884529677,64.2023696899414,-2.7373180389404297,-93.68166637420654,0.05687397708671977,0.0,0.7921478791025687,0.5064354538917542,Structure_degraded; Details_lost; Wrong_color_temp; Undersaturated; Shadows_remain
aachen_aachen_000157_000019_leftImg8bit.png,aachen_000157_000019_leftImg8bit.png,1.0,2.0,0.371447535099152,64.58121490478516,-2.7208495140075684,-83.59655570983887,0.032825491421140565,0.0,0.8727382025157551,0.5500069260597229,Structure_degraded; Details_lost; Wrong_color_temp; Undersaturated; Shadows_remain
aachen_aachen_000158_000019_leftImg8bit.png,aachen_000158_000019_leftImg8bit.png,0.6666666666666666,0.6666666666666666,0.3450442942226394,65.36283016204834,-4.543031215667725,-96.99074792861938,0.016412483587508124,0.0,0.8638963658236105,0.6067901849746704,Structure_degraded; Details_lost; Wrong_color_temp; Undersaturated; Shadows_remain
aachen_aachen_000159_000019_leftImg8bit.png,aachen_000159_000019_leftImg8bit.png,0.0,0.0,0.36001638347617015,55.26682472229004,-4.79098653793335,-92.6191873550415,0.011297212230209477,0.0,0.6991685536975435,0.5597409605979919,Lost_objects; Structure_degraded; Details_lost; Wrong_color_temp; Undersaturated; Shadows_remain
aachen_aachen_000160_000019_leftImg8bit.png,aachen_000160_000019_leftImg8bit.png,1.0,0.8333333333333334,0.32117230915574113,53.02408027648926,-5.684821605682373,-98.12260675430298,0.02341358745384386,0.0,0.8585258232094146,0.5634032487869263,Structure_degraded; Details_lost; Wrong_color_temp; Undersaturated; Shadows_remain
aachen_aachen_000161_000019_leftImg8bit.png,aachen_000161_000019_leftImg8bit.png,1.0,1.5,0.38485328878021285,55.659215450286865,-1.1517763137817383,-73.24318981170654,0.011565332326278528,0.0,0.6277379652204247,0.5672513246536255,Structure_degraded; Details_lost; Wrong_color_temp; Undersaturated; Shadows_remain
aachen_aachen_000162_000019_leftImg8bit.png,aachen_000162_000019_leftImg8bit.png,1.0,3.0,0.3775787636926924,49.627849102020264,-2.3724846839904785,-80.04148960113525,0.024080731084055576,0.0,0.7351152786638752,0.6217806935310364,Structure_degraded; Details_lost; Wrong_color_temp; Undersaturated; Shadows_remain
aachen_aachen_000163_000019_leftImg8bit.png,aachen_000163_000019_leftImg8bit.png,1.0,1.3333333333333333,0.3437592266529341,57.30411624908447,-1.109084129333496,-81.28931331634521,0.0365746952108519,0.0,0.5873010690760275,0.6176193952560425,Structure_degraded; Details_lost; Wrong_color_temp; Undersaturated; Overexposed; Shadows_remain
aachen_aachen_000164_000019_leftImg8bit.png,aachen_000164_000019_leftImg8bit.png,0.8400000000000001,1.4,0.370768887561657,54.36625385284424,-0.794370174407959,-75.15423631668091,0.015580458075289698,0.0,0.61830747143719,0.5782188773155212,Structure_degraded; Details_lost; Wrong_color_temp; Undersaturated; Shadows_remain
aachen_aachen_000165_000019_leftImg8bit.png,aachen_000165_000019_leftImg8bit.png,1.0,1.0,0.39551995014589,46.786133766174316,-0.9743714332580566,-85.26650524139404,0.020818875780698208,0.0,0.7400433768873724,0.5377203822135925,Structure_degraded; Details_lost; Wrong_color_temp; Undersaturated; Shadows_remain
aachen_aachen_000166_000019_leftImg8bit.png,aachen_000166_000019_leftImg8bit.png,1.0,2.0,0.38526031643204556,56.9848108291626,-2.003420352935791,-74.82697057723999,0.02850622227962429,0.0,0.8458850923504405,0.5550602674484253,Structure_degraded; Details_lost; Wrong_color_temp; Undersaturated; Shadows_remain
aachen_aachen_000167_000019_leftImg8bit.png,aachen_000167_000019_leftImg8bit.png,1.0,1.0,0.36636265105655974,50.17086410522461,-2.2171974182128906,-80.32345676422119,0.015907514450859694,0.0,0.7884705820181264,0.5774061679840088,Structure_degraded; Details_lost; Wrong_color_temp; Undersaturated; Shadows_remain
aachen_aachen_000168_000019_leftImg8bit.png,aachen_000168_000019_leftImg8bit.png,1.0,0.9444444444444444,0.35392807048572633,56.221861839294434,-1.7828383445739746,-77.63559865951538,0.01697785855915049,0.0,0.7225950940280976,0.5472700595855713,Structure_degraded; Details_lost; Wrong_color_temp; Undersaturated; Shadows_remain
aachen_aachen_000169_000019_leftImg8bit.png,aachen_000169_000019_leftImg8bit.png,1.0,3.0,0.3818101152503043,59.36396074295044,-1.0049114227294922,-80.34238004684448,0.04491214520175906,0.0,0.874121336944018,0.5439017415046692,Structure_degraded; Details_lost; Wrong_color_temp; Undersaturated; Shadows_remain
aachen_aachen_000170_000019_leftImg8bit.png,aachen_000170_000019_leftImg8bit.png,1.0,1.5,0.36412059500148025,59.696627140045166,-0.5654702186584473,-67.73989915847778,0.0369394147757518,0.0,0.8173194428695102,0.525759756565094,Structure_degraded; Details_lost; Wrong_color_temp; Undersaturated; Shadows_remain
aachen_aachen_000171_000019_leftImg8bit.png,aachen_000171_000019_leftImg8bit.png,0.8833333333333334,1.5,0.38792654540877913,59.671167850494385,-0.6175236701965332,-83.5356216430664,0.043781551170241496,0.0,0.7150719573221784,0.5524160861968994,Structure_degraded; Details_lost; Wrong_color_temp; Undersaturated; Shadows_remain
aachen_aachen_000172_000019_leftImg8bit.png,aachen_000172_000019_leftImg8bit.png,1.0,1.4285714285714286,0.3592671937175382,56.70774555206299,-1.2286376953125,-70.80925178527832,0.033273574757965836,0.0,0.7185259600491982,0.541023313999176,Structure_degraded; Details_lost; Wrong_color_temp; Undersaturated; Shadows_remain
aachen_aachen_000173_000019_leftImg8bit.png,aachen_000173_000019_leftImg8bit.png,1.0,1.6666666666666667,0.37885542949672996,54.56674146652222,0.3798947334289551,-72.61086845397949,0.04410888983409438,0.0,0.7771884724718142,0.5502544641494751,Structure_degraded; Details_lost; Undersaturated; Shadows_remain
bochum_bochum_000000_000313_leftImg8bit.png,bochum_000000_000313_leftImg8bit.png,1.0,1.5,0.40537530930850196,72.07413721084595,-3.9221816062927246,-60.189244747161865,0.033041700490053505,0.0,0.576230856048854,0.47453734278678894,Structure_degraded; Details_lost; Wrong_color_temp; Undersaturated; Overexposed; Shadows_remain
bochum_bochum_000000_000600_leftImg8bit.png,bochum_000000_000600_leftImg8bit.png,1.0,1.0,0.3864383712774052,63.74652862548828,-3.8103528022766113,-88.81735801696777,0.04306753505836911,0.0,0.6454773937369946,0.49174654483795166,Structure_degraded; Details_lost; Wrong_color_temp; Undersaturated; Shadows_remain
bochum_bochum_000000_000885_leftImg8bit.png,bochum_000000_000885_leftImg8bit.png,0.5,1.0,0.38841143973562225,72.76431369781494,-1.7528748512268066,-84.73372030258179,0.02462941847205583,0.0,0.6829241441097285,0.5116721391677856,Structure_degraded; Details_lost; Wrong_color_temp; Undersaturated; Shadows_remain
bochum_bochum_000000_001097_leftImg8bit.png,bochum_000000_001097_leftImg8bit.png,1.0,1.75,0.3770078949911071,67.15489387512207,-1.5545530319213867,-86.79684257507324,0.042936110039832484,0.0,0.7040582103674183,0.463680237531662,Structure_degraded; Details_lost; Wrong_color_temp; Undersaturated; Shadows_remain
bochum_bochum_000000_001519_leftImg8bit.png,bochum_000000_001519_leftImg8bit.png,1.0,1.75,0.40547757766777437,59.489418029785156,-5.19730806350708,-91.63133478164673,0.04244594408482511,0.0,0.8975405250406246,0.4649178981781006,Structure_degraded; Details_lost; Wrong_color_temp; Undersaturated; Shadows_remain
bochum_bochum_000000_001828_leftImg8bit.png,bochum_000000_001828_leftImg8bit.png,1.0,1.25,0.394784350662103,72.22820138931274,-2.3351330757141113,-88.61774921417236,0.03794328618353625,0.0,0.653039975009228,0.5406402349472046,Structure_degraded; Details_lost; Wrong_color_temp; Undersaturated; Shadows_remain
bochum_bochum_000000_002293_leftImg8bit.png,bochum_000000_002293_leftImg8bit.png,0.9,1.6666666666666667,0.40162754732963996,67.73380327224731,-0.9063692092895508,-78.67039442062378,0.04712493465759354,0.0,0.7244535846691844,0.4665534496307373,Structure_degraded; Details_lost; Wrong_color_temp; Undersaturated; Shadows_remain
bochum_bochum_000000_002562_leftImg8bit.png,bochum_000000_002562_leftImg8bit.png,1.0,1.0,0.37921908129330995,68.22682523727417,-2.4371156692504883,-75.34080791473389,0.035614752614993084,0.0,0.7354080176687665,0.5031657814979553,Structure_degraded; Details_lost; Wrong_color_temp; Undersaturated; Shadows_remain
bochum_bochum_000000_003005_leftImg8bit.png,bochum_000000_003005_leftImg8bit.png,1.0,3.0,0.3764788636020104,70.35435152053833,-1.4750986099243164,-72.95514154434204,0.03619887337740083,0.0,0.6850573747543306,0.5571653246879578,Structure_degraded; Details_lost; Wrong_color_temp; Undersaturated; Shadows_remain
bochum_bochum_000000_003245_leftImg8bit.png,bochum_000000_003245_leftImg8bit.png,1.0,2.25,0.4044460024312956,68.32364177703857,-1.8271641731262207,-81.83876705169678,0.02991452991451908,0.0,0.5842032768664154,0.514434814453125,Structure_degraded; Details_lost; Wrong_color_temp; Undersaturated; Overexposed; Shadows_remain
bochum_bochum_000000_003674_leftImg8bit.png,bochum_000000_003674_leftImg8bit.png,1.0,2.0,0.38895598315915936,70.49149417877197,-2.9514989852905273,-87.95476150512695,0.02981589094659761,0.0,0.6755168192941498,0.5314232707023621,Structure_degraded; Details_lost; Wrong_color_temp; Undersaturated; Shadows_remain
bochum_bochum_000000_004032_leftImg8bit.png,bochum_000000_004032_leftImg8bit.png,0.7,1.3333333333333333,0.4540942973237164,56.6754093170166,-4.039178848266602,-76.3338532447815,0.038193805983861365,0.0,0.7560465196334013,0.4515131115913391,Structure_degraded; Details_lost; Wrong_color_temp; Undersaturated; Shadows_remain
bochum_bochum_000000_004229_leftImg8bit.png,bochum_000000_004229_leftImg8bit.png,1.0,2.0,0.40465138976727555,70.0861701965332,-1.6902999877929688,-80.22852659225464,0.05576632807079682,0.0,0.5269248731885462,0.5302619338035583,Structure_degraded; Details_lost; Wrong_color_temp; Undersaturated; Overexposed; Shadows_remain
bochum_bochum_000000_004748_leftImg8bit.png,bochum_000000_004748_leftImg8bit.png,1.0,1.0,0.3963440656929044,65.28078556060791,-3.5461411476135254,-83.3439998626709,0.039674787405182814,0.0,0.7377822692471238,0.48173758387565613,Structure_degraded; Details_lost; Wrong_color_temp; Undersaturated; Shadows_remain
bochum_bochum_000000_005537_leftImg8bit.png,bochum_000000_005537_leftImg8bit.png,1.0,1.5,0.39707629952773515,64.42103624343872,-7.412248611450195,-83.67931747436523,0.034383023935296644,0.0,0.7467266629960568,0.45761898159980774,Structure_degraded; Details_lost; Wrong_color_temp; Undersaturated; Shadows_remain
bochum_bochum_000000_005936_leftImg8bit.png,bochum_000000_005936_leftImg8bit.png,1.0,1.6666666666666667,0.40954042791529843,60.202335834503174,-2.688472270965576,-82.45528650283813,0.03045629162865698,0.0,0.6556698599433199,0.491618275642395,Structure_degraded; Details_lost; Wrong_color_temp; Undersaturated; Shadows_remain
bochum_bochum_000000_006026_leftImg8bit.png,bochum_000000_006026_leftImg8bit.png,1.0,1.375,0.44508695732480713,64.9336633682251,0.1433882713317871,-76.79543447494507,0.03469991546913157,0.0,0.46383279569438685,0.5123614072799683,Structure_degraded; Details_lost; Undersaturated; Overexposed; Shadows_remain
bochum_bochum_000000_006484_leftImg8bit.png,bochum_000000_006484_leftImg8bit.png,1.0,2.0,0.4069381582789616,62.9274582862854,-1.4082469940185547,-78.81402826309204,0.044218219785933585,0.0,0.5289564515185669,0.4924260675907135,Structure_degraded; Details_lost; Wrong_color_temp; Undersaturated; Overexposed; Shadows_remain
bochum_bochum_000000_006746_leftImg8bit.png,bochum_000000_006746_leftImg8bit.png,1.0,1.75,0.4097052606876431,61.951233863830566,-0.8096857070922852,-74.60585165023804,0.04014735936322466,0.0,0.5328766358450358,0.45107388496398926,Structure_degraded; Details_lost; Wrong_color_temp; Undersaturated; Overexposed; Shadows_remain
bochum_bochum_000000_007150_leftImg8bit.png,bochum_000000_007150_leftImg8bit.png,0.8600000000000001,1.6,0.44850429594439106,56.65034770965576,-0.6405277252197266,-78.83564710617065,0.04325689381286169,0.0,0.5622045481864898,0.5304098129272461,Structure_degraded; Details_lost; Wrong_color_temp; Undersaturated; Overexposed; Shadows_remain
bochum_bochum_000000_007651_leftImg8bit.png,bochum_000000_007651_leftImg8bit.png,0.9625,1.875,0.43941135771762097,60.71250009536743,-0.4379701614379883,-73.92863941192627,0.06107480029046439,0.0,0.5325244448248146,0.5373277068138123,Structure_degraded; Details_lost; Wrong_color_temp; Undersaturated; Overexposed; Shadows_remain
bochum_bochum_000000_007950_leftImg8bit.png,bochum_000000_007950_leftImg8bit.png,0.65,2.5,0.40150538127145846,64.97378492355347,0.5431942939758301,-74.45969867706299,0.037689850361475735,0.0,0.7499936077974276,0.49827995896339417,Structure_degraded; Details_lost; Undersaturated; Shadows_remain
bochum_bochum_000000_008162_leftImg8bit.png,bochum_000000_008162_leftImg8bit.png,0.7142857142857143,1.0,0.4357338959271849,61.67333984375,-0.7288036346435547,-77.3530945777893,0.030128222653571884,0.0,0.5422926267522836,0.44646352529525757,Structure_degraded; Details_lost; Wrong_color_temp; Undersaturated; Overexposed; Shadows_remain
bochum_bochum_000000_008448_leftImg8bit.png,bochum_000000_008448_leftImg8bit.png,0.85,2.0,0.3763591423774527,61.346919536590576,-2.7791953086853027,-81.7026162147522,0.03607721790497694,0.0,0.6531660805158792,0.5275875329971313,Structure_degraded; Details_lost; Wrong_color_temp; Undersaturated; Shadows_remain
bochum_bochum_000000_008804_leftImg8bit.png,bochum_000000_008804_leftImg8bit.png,1.0,1.4285714285714286,0.4100459910235508,63.80706834793091,-1.7812280654907227,-76.38912916183472,0.031355523396035485,0.0,0.7661893872788968,0.49312925338745117,Structure_degraded; Details_lost; Wrong_color_temp; Undersaturated; Shadows_remain
bochum_bochum_000000_009554_leftImg8bit.png,bochum_000000_009554_leftImg8bit.png,0.6666666666666666,0.6666666666666666,0.3823221168584411,68.49122619628906,-2.957671642303467,-83.16770505905151,0.023920830550657544,0.0,0.7534281148276711,0.48443764448165894,Structure_degraded; Details_lost; Wrong_color_temp; Undersaturated; Shadows_remain
bochum_bochum_000000_009951_leftImg8bit.png,bochum_000000_009951_leftImg8bit.png,0.9,1.0,0.3987728524803935,60.67882204055786,-1.987842082977295,-77.02062749862671,0.03386141782684146,0.0,0.7905813162343264,0.4578540325164795,Structure_degraded; Details_lost; Wrong_color_temp; Undersaturated; Shadows_remain
bochum_bochum_000000_010562_leftImg8bit.png,bochum_000000_010562_leftImg8bit.png,1.0,1.75,0.4184663217701705,59.09994888305664,-3.46958065032959,-87.78819751739502,0.06246230996284557,0.0,0.6958258808962612,0.4775007963180542,Structure_degraded; Details_lost; Wrong_color_temp; Undersaturated; Shadows_remain
bochum_bochum_000000_010700_leftImg8bit.png,bochum_000000_010700_leftImg8bit.png,1.0,1.0,0.4028896549580535,71.17139863967896,0.10373497009277344,-80.39626026153564,0.03879887022445414,0.0,0.7124678828874307,0.4976086914539337,Structure_degraded; Details_lost; Undersaturated; Shadows_remain
bochum_bochum_000000_011255_leftImg8bit.png,bochum_000000_011255_leftImg8bit.png,0.75,0.8333333333333334,0.42767310340114145,64.85338258743286,-0.8916363716125488,-86.91659307479858,0.0484628145847134,0.0,0.599862733512218,0.5094724297523499,Structure_degraded; Details_lost; Wrong_color_temp; Undersaturated; Overexposed; Shadows_remain
bochum_bochum_000000_011711_leftImg8bit.png,bochum_000000_011711_leftImg8bit.png,1.0,2.0,0.4192075501082008,59.41500997543335,-0.5352272987365723,-84.41912603378296,0.038769868693835946,0.0,0.6573967351549799,0.49143821001052856,Structure_degraded; Details_lost; Wrong_color_temp; Undersaturated; Shadows_remain
bochum_bochum_000000_013209_leftImg8bit.png,bochum_000000_013209_leftImg8bit.png,1.0,1.1666666666666667,0.3900666519148372,63.22376251220703,-1.8228955268859863,-92.19972038269043,0.026342852622412167,0.0,0.7455199268396819,0.5074630379676819,Structure_degraded; Details_lost; Wrong_color_temp; Undersaturated; Shadows_remain
bochum_bochum_000000_013705_leftImg8bit.png,bochum_000000_013705_leftImg8bit.png,1.0,1.25,0.38491829112519693,61.050504207611084,-4.426673412322998,-87.73747253417969,0.027817436558737207,0.0,0.7792044329666828,0.4169234037399292,Structure_degraded; Details_lost; Wrong_color_temp; Undersaturated; Shadows_remain
bochum_bochum_000000_014332_leftImg8bit.png,bochum_000000_014332_leftImg8bit.png,1.0,1.8,0.4132733223761779,60.068264961242676,-1.6385412216186523,-78.83539819717407,0.03532552412951112,0.0,0.6535792948828888,0.42262744903564453,Structure_degraded; Details_lost; Wrong_color_temp; Undersaturated; Shadows_remain
bochum_bochum_000000_014658_leftImg8bit.png,bochum_000000_014658_leftImg8bit.png,0.8333333333333334,0.6666666666666666,0.42686547099743993,56.140769958496094,0.2330770492553711,-62.394444942474365,0.04855531713156916,0.0,0.5222546648160733,0.5171176195144653,Structure_degraded; Details_lost; Undersaturated; Overexposed; Shadows_remain
bochum_bochum_000000_014803_leftImg8bit.png,bochum_000000_014803_leftImg8bit.png,1.0,1.0,0.43201223959980184,56.30121564865112,0.06957578659057617,-65.4652967453003,0.04432492581600318,0.0,0.4962528572602739,0.501679539680481,Structure_degraded; Details_lost; Undersaturated; Overexposed; Shadows_remain
bochum_bochum_000000_015038_leftImg8bit.png,bochum_000000_015038_leftImg8bit.png,0.875,1.0,0.44721566793204937,55.70490503311157,0.7749872207641602,-63.90053033828735,0.03717961706005613,0.0,0.45612055929064865,0.5280888676643372,Structure_degraded; Details_lost; Undersaturated; Overexposed; Shadows_remain
bochum_bochum_000000_015321_leftImg8bit.png,bochum_000000_015321_leftImg8bit.png,0.7142857142857143,1.0,0.4319008369473364,57.30454635620117,0.17833185195922852,-75.37183332443237,0.03754792300698093,0.0,0.403345813266472,0.49772897362709045,Structure_degraded; Details_lost; Undersaturated; Overexposed; Shadows_remain
bochum_bochum_000000_015645_leftImg8bit.png,bochum_000000_015645_leftImg8bit.png,1.0,2.0,0.3591045877546793,46.7023401260376,-1.060563564300537,-91.47996282577515,0.03196711497783774,0.0,0.5612895402318014,0.46295201778411865,Structure_degraded; Details_lost; Wrong_color_temp; Undersaturated; Overexposed; Shadows_remain
bochum_bochum_000000_015880_leftImg8bit.png,bochum_000000_015880_leftImg8bit.png,1.0,1.1666666666666667,0.344235915793221,37.08100461959839,-0.43087005615234375,-94.8088264465332,0.03176969456038171,0.0,0.6215907821692861,0.46459153294563293,Structure_degraded; Details_lost; Wrong_color_temp; Undersaturated; Shadows_remain
bochum_bochum_000000_016125_leftImg8bit.png,bochum_000000_016125_leftImg8bit.png,1.0,2.0,0.20820628952306858,37.29445743560791,3.1283793449401855,-62.057225704193115,0.02097568727155492,0.0,0.8029984607897307,0.5080012679100037,Structure_degraded; Details_lost; Undersaturated; Shadows_remain
bochum_bochum_000000_016260_leftImg8bit.png,bochum_000000_016260_leftImg8bit.png,1.0,1.8333333333333333,0.42166010844470925,47.1935453414917,-0.31917381286621094,-87.21881008148193,0.05480922098566979,0.0,0.5547975759415797,0.47114574909210205,Structure_degraded; Details_lost; Wrong_color_temp; Undersaturated; Overexposed; Shadows_remain
bochum_bochum_000000_016591_leftImg8bit.png,bochum_000000_016591_leftImg8bit.png,0.6799999999999999,1.8,0.4327313993868222,56.49378204345703,-0.3510475158691406,-81.03530597686768,0.045549193128555154,0.0,0.5205045145818864,0.543522834777832,Structure_degraded; Details_lost; Wrong_color_temp; Undersaturated; Overexposed; Shadows_remain
bochum_bochum_000000_016758_leftImg8bit.png,bochum_000000_016758_leftImg8bit.png,1.0,2.0,0.43680673356634453,52.4039249420166,-1.2244172096252441,-82.69948816299438,0.041678882048254824,0.0,0.5232260677348851,0.5316036343574524,Structure_degraded; Details_lost; Wrong_color_temp; Undersaturated; Overexposed; Shadows_remain
bochum_bochum_000000_017216_leftImg8bit.png,bochum_000000_017216_leftImg8bit.png,1.0,2.0,0.41757747358556196,47.28007936477661,-0.5124020576477051,-82.31960773468018,0.05452873160474136,0.0,0.5468579721639066,0.4934849739074707,Structure_degraded; Details_lost; Wrong_color_temp; Undersaturated; Overexposed; Shadows_remain
bochum_bochum_000000_017453_leftImg8bit.png,bochum_000000_017453_leftImg8bit.png,1.0,1.0,0.3388524921247701,48.78161287307739,-0.7884721755981445,-79.64521980285645,0.027835272286051017,0.0,0.6213167512787405,0.48869284987449646,Structure_degraded; Details_lost; Wrong_color_temp; Undersaturated; Shadows_remain
bochum_bochum_000000_018195_leftImg8bit.png,bochum_000000_018195_leftImg8bit.png,1.0,1.6666666666666667,0.25479227323665465,41.3048620223999,4.851345062255859,-18.317013263702393,0.019590911544055484,0.0,0.579090753229362,0.5146600008010864,Structure_degraded; Details_lost; Undersaturated; Overexposed; Shadows_remain
bochum_bochum_000000_019188_leftImg8bit.png,bochum_000000_019188_leftImg8bit.png,1.0,1.4,0.445250092167125,60.56556272506714,-1.3675594329833984,-78.17888307571411,0.028991905813083644,0.0,0.501394098879663,0.49333274364471436,Structure_degraded; Details_lost; Wrong_color_temp; Undersaturated; Overexposed; Shadows_remain
bochum_bochum_000000_020673_leftImg8bit.png,bochum_000000_020673_leftImg8bit.png,0.9272727272727272,1.1818181818181819,0.37071598644493686,63.390159606933594,-2.2074708938598633,-89.3117470741272,0.026999999999991562,0.0,0.6973841584450401,0.5092309713363647,Structure_degraded; Details_lost; Wrong_color_temp; Undersaturated; Shadows_remain
bochum_bochum_000000_020776_leftImg8bit.png,bochum_000000_020776_leftImg8bit.png,1.0,3.3333333333333335,0.4030020505103872,64.80760383605957,-0.7004580497741699,-81.53313827514648,0.0299362422793236,0.0,0.5917129287562543,0.5070933699607849,Structure_degraded; Details_lost; Wrong_color_temp; Undersaturated; Overexposed; Shadows_remain
bochum_bochum_000000_020899_leftImg8bit.png,bochum_000000_020899_leftImg8bit.png,1.0,1.3333333333333333,0.40237306871391115,66.38039255142212,-2.2932119369506836,-84.55085515975952,0.026396673295960228,0.0,0.6366826071863768,0.5094152688980103,Structure_degraded; Details_lost; Wrong_color_temp; Undersaturated; Shadows_remain
bochum_bochum_000000_021070_leftImg8bit.png,bochum_000000_021070_leftImg8bit.png,1.0,1.2,0.40232196185227337,68.54763460159302,-2.2731070518493652,-76.97463941574097,0.023808796112343343,0.0,0.649375083629792,0.5218856930732727,Structure_degraded; Details_lost; Wrong_color_temp; Undersaturated; Shadows_remain
bochum_bochum_000000_021325_leftImg8bit.png,bochum_000000_021325_leftImg8bit.png,0.8500000000000001,1.1666666666666667,0.44065066208802944,64.45018720626831,0.3357834815979004,-84.5553035736084,0.03081732916478851,0.0,0.6282702255292765,0.5101462006568909,Structure_degraded; Details_lost; Undersaturated; Shadows_remain
bochum_bochum_000000_021393_leftImg8bit.png,bochum_000000_021393_leftImg8bit.png,1.0,1.6666666666666667,0.40449747509331985,69.82081365585327,-1.6861944198608398,-87.60461854934692,0.02926678194440105,0.0,0.7659126578163181,0.47777408361434937,Structure_degraded; Details_lost; Wrong_color_temp; Undersaturated; Shadows_remain
bochum_bochum_000000_021479_leftImg8bit.png,bochum_000000_021479_leftImg8bit.png,1.0,1.3333333333333333,0.40125981365433194,65.17669296264648,-2.0035767555236816,-89.3728346824646,0.03858048162229694,0.0,0.8262892859868468,0.4548463821411133,Structure_degraded; Details_lost; Wrong_color_temp; Undersaturated; Shadows_remain
bochum_bochum_000000_021606_leftImg8bit.png,bochum_000000_021606_leftImg8bit.png,1.0,1.5,0.4065512618268948,64.306321144104,-1.00437593460083,-85.40001106262207,0.03238548897730623,0.0,0.7957463264494768,0.48071426153182983,Structure_degraded; Details_lost; Wrong_color_temp; Undersaturated; Shadows_remain
bochum_bochum_000000_022210_leftImg8bit.png,bochum_000000_022210_leftImg8bit.png,1.0,1.5,0.366406461764142,68.47880935668945,-4.615494728088379,-73.28715133666992,0.028536198696486253,0.0,0.7520892532191281,0.5353748798370361,Structure_degraded; Details_lost; Wrong_color_temp; Undersaturated; Shadows_remain
bochum_bochum_000000_022414_leftImg8bit.png,bochum_000000_022414_leftImg8bit.png,0.7571428571428571,1.4285714285714286,0.41648586684564415,66.19895839691162,-1.373025894165039,-84.85877799987793,0.04166318951847583,0.0,0.6763745927882552,0.43194136023521423,Structure_degraded; Details_lost; Wrong_color_temp; Undersaturated; Shadows_remain
bochum_bochum_000000_023040_leftImg8bit.png,bochum_000000_023040_leftImg8bit.png,0.8666666666666667,1.3333333333333333,0.4012832091258465,65.50067138671875,-2.455519199371338,-88.91626262664795,0.030013927576594705,0.0,0.7459352189860085,0.467807412147522,Structure_degraded; Details_lost; Wrong_color_temp; Undersaturated; Shadows_remain
bochum_bochum_000000_023174_leftImg8bit.png,bochum_000000_023174_leftImg8bit.png,1.0,1.25,0.42099286348079507,60.57094478607178,-2.5292410850524902,-78.58852195739746,0.036294027565074966,0.0,0.7126834341088653,0.5297106504440308,Structure_degraded; Details_lost; Wrong_color_temp; Undersaturated; Shadows_remain
bochum_bochum_000000_023435_leftImg8bit.png,bochum_000000_023435_leftImg8bit.png,0.9444444444444444,0.7222222222222222,0.4554074379760946,63.14710283279419,-0.6155858039855957,-84.91517543792725,0.06459802538785202,0.0,0.6769941144449624,0.46518397331237793,Structure_degraded; Details_lost; Wrong_color_temp; Undersaturated; Shadows_remain
bochum_bochum_000000_023648_leftImg8bit.png,bochum_000000_023648_leftImg8bit.png,1.0,1.4,0.38522365318276564,68.70058250427246,-0.7533712387084961,-83.00161743164062,0.01834661741834702,0.0,0.714634392364774,0.47924649715423584,Structure_degraded; Details_lost; Wrong_color_temp; Undersaturated; Shadows_remain
bochum_bochum_000000_024196_leftImg8bit.png,bochum_000000_024196_leftImg8bit.png,1.0,1.75,0.37553828453619337,67.64321184158325,-2.099268913269043,-84.01627349853516,0.02101425649840807,0.0,0.6918630634906504,0.5174624919891357,Structure_degraded; Details_lost; Wrong_color_temp; Undersaturated; Shadows_remain
bochum_bochum_000000_024343_leftImg8bit.png,bochum_000000_024343_leftImg8bit.png,0.8333333333333334,1.0,0.4081890311181156,66.97343587875366,-0.4669623374938965,-88.26876592636108,0.014050138703376645,0.0,0.6453159986161976,0.46389979124069214,Structure_degraded; Details_lost; Wrong_color_temp; Undersaturated; Shadows_remain
bochum_bochum_000000_024524_leftImg8bit.png,bochum_000000_024524_leftImg8bit.png,1.0,1.3333333333333333,0.37439098157101924,64.12789678573608,-3.6515488624572754,-79.20023679733276,0.05379134860048153,0.0,0.7458949338082737,0.5628291964530945,Structure_degraded; Details_lost; Wrong_color_temp; Undersaturated; Shadows_remain
bochum_bochum_000000_024717_leftImg8bit.png,bochum_000000_024717_leftImg8bit.png,0.5,1.0,0.3672848166939006,69.5992317199707,-3.11883544921875,-76.88895034790039,0.01954354088188808,0.0,0.7086528066760637,0.5218805074691772,Structure_degraded; Details_lost; Wrong_color_temp; Undersaturated; Shadows_remain
bochum_bochum_000000_024855_leftImg8bit.png,bochum_000000_024855_leftImg8bit.png,0.8571428571428571,0.5714285714285714,0.38595283003215153,64.6956958770752,-4.8099822998046875,-81.42882919311523,0.02942741145176273,0.0,0.7124637138820982,0.47899875044822693,Structure_degraded; Details_lost; Wrong_color_temp; Undersaturated; Shadows_remain
bochum_bochum_000000_025746_leftImg8bit.png,bochum_000000_025746_leftImg8bit.png,1.0,1.0,0.3436841631864976,64.21766138076782,-7.78316068649292,-84.67740488052368,0.03889687718908716,0.0,0.8026154656974922,0.5529530644416809,Structure_degraded; Details_lost; Wrong_color_temp; Undersaturated; Shadows_remain
bochum_bochum_000000_025833_leftImg8bit.png,bochum_000000_025833_leftImg8bit.png,1.0,1.8,0.3555184623656761,67.47056818008423,-6.7998199462890625,-83.94966506958008,0.03275219187743991,0.0,0.767326217049682,0.5650762319564819,Structure_degraded; Details_lost; Wrong_color_temp; Undersaturated; Shadows_remain
bochum_bochum_000000_026056_leftImg8bit.png,bochum_000000_026056_leftImg8bit.png,1.0,1.5,0.3796604363070702,59.30625820159912,-4.70581579208374,-87.81848621368408,0.04445644348449457,0.0,0.5552732756714265,0.5297923684120178,Structure_degraded; Details_lost; Wrong_color_temp; Undersaturated; Overexposed; Shadows_remain
bochum_bochum_000000_026634_leftImg8bit.png,bochum_000000_026634_leftImg8bit.png,0.55,1.5,0.3360836935622412,66.83094787597656,-6.054630756378174,-78.89153289794922,0.01938442796229912,0.0,0.8449321191544689,0.6207653284072876,Structure_degraded; Details_lost; Wrong_color_temp; Undersaturated; Shadows_remain
bochum_bochum_000000_027057_leftImg8bit.png,bochum_000000_027057_leftImg8bit.png,0.6,0.6,0.3327449869159777,66.88613414764404,-6.88015604019165,-80.84788179397583,0.03465381870091554,0.0,0.8918909255086139,0.5688684582710266,Structure_degraded; Details_lost; Wrong_color_temp; Undersaturated; Shadows_remain
bochum_bochum_000000_027699_leftImg8bit.png,bochum_000000_027699_leftImg8bit.png,1.0,3.0,0.36596218637959976,65.33954429626465,-1.9167118072509766,-79.52302122116089,0.06109255468157467,0.0,0.8669009574355593,0.4882494807243347,Structure_degraded; Details_lost; Wrong_color_temp; Undersaturated; Shadows_remain
bochum_bochum_000000_027951_leftImg8bit.png,bochum_000000_027951_leftImg8bit.png,1.0,1.2857142857142858,0.3545019795499982,66.09636497497559,-2.943634510040283,-78.95495700836182,0.050029064134838194,0.0,0.8188681401676515,0.4758569896221161,Structure_degraded; Details_lost; Wrong_color_temp; Undersaturated; Shadows_remain
bochum_bochum_000000_028297_leftImg8bit.png,bochum_000000_028297_leftImg8bit.png,0.7888888888888889,1.1111111111111112,0.4018741516820706,60.29839515686035,-3.1328001022338867,-81.37882947921753,0.037431268193702426,0.0,0.6344307497109324,0.5045348405838013,Structure_degraded; Details_lost; Wrong_color_temp; Undersaturated; Shadows_remain
bochum_bochum_000000_028764_leftImg8bit.png,bochum_000000_028764_leftImg8bit.png,0.8666666666666667,1.3333333333333333,0.3386747367869772,65.10115051269531,-2.5316948890686035,-75.22542238235474,0.038073362566967306,0.0,0.6951330754099353,0.5943869948387146,Structure_degraded; Details_lost; Wrong_color_temp; Undersaturated; Shadows_remain
bochum_bochum_000000_029203_leftImg8bit.png,bochum_000000_029203_leftImg8bit.png,1.0,2.0,0.3870949458904328,57.332467555999756,-1.14670991897583,-81.67930889129639,0.025210694565524116,0.0,0.5649783715672902,0.5282922983169556,Structure_degraded; Details_lost; Wrong_color_temp; Undersaturated; Overexposed; Shadows_remain
bochum_bochum_000000_029721_leftImg8bit.png,bochum_000000_029721_leftImg8bit.png,1.0,1.1428571428571428,0.3507968619182778,60.313029289245605,-4.738631725311279,-87.34602928161621,0.03532697995397826,0.0,0.7299774263387606,0.5718287825584412,Structure_degraded; Details_lost; Wrong_color_temp; Undersaturated; Shadows_remain
bochum_bochum_000000_030913_leftImg8bit.png,bochum_000000_030913_leftImg8bit.png,0.75,0.75,0.3671054554427008,54.67793846130371,-3.3566551208496094,-85.29000329971313,0.018451498071783316,0.0,0.7503362240810121,0.49912557005882263,Structure_degraded; Details_lost; Wrong_color_temp; Undersaturated; Shadows_remain
bochum_bochum_000000_031152_leftImg8bit.png,bochum_000000_031152_leftImg8bit.png,1.0,0.0,0.3783449928335712,65.0605263710022,-2.224778175354004,-83.8080620765686,0.03716638865719497,0.0,0.49602533583654485,0.5215674638748169,Structure_degraded; Details_lost; Wrong_color_temp; Undersaturated; Overexposed; Shadows_remain
bochum_bochum_000000_031477_leftImg8bit.png,bochum_000000_031477_leftImg8bit.png,0.5,0.5,0.3991529183507307,65.9862699508667,-2.3211722373962402,-79.88492965698242,0.06309536003274449,0.0,0.5326147977005242,0.47835707664489746,Structure_degraded; Details_lost; Wrong_color_temp; Undersaturated; Overexposed; Shadows_remain
bochum_bochum_000000_031687_leftImg8bit.png,bochum_000000_031687_leftImg8bit.png,1.0,2.0,0.3785224293771196,57.35035705566406,-2.1361050605773926,-89.23273754119873,0.02540722012681833,0.0,0.6002746555006828,0.4874221086502075,Structure_degraded; Details_lost; Wrong_color_temp; Undersaturated; Shadows_remain
bochum_bochum_000000_031922_leftImg8bit.png,bochum_000000_031922_leftImg8bit.png,1.0,1.0,0.42469513693314276,61.2126259803772,-1.3096413612365723,-84.66104030609131,0.025733576797305306,0.0,0.4312028441761704,0.5017208456993103,Structure_degraded; Details_lost; Wrong_color_temp; Undersaturated; Overexposed; Shadows_remain
bochum_bochum_000000_032169_leftImg8bit.png,bochum_000000_032169_leftImg8bit.png,1.0,1.6666666666666667,0.38212498262342387,62.98906707763672,-4.2744879722595215,-95.14058113098145,0.043204945646496296,0.0,0.5266587508929135,0.5134307742118835,Structure_degraded; Details_lost; Wrong_color_temp; Undersaturated; Overexposed; Shadows_remain
bochum_bochum_000000_033056_leftImg8bit.png,bochum_000000_033056_leftImg8bit.png,1.0,2.0,0.42463459926765523,66.83441877365112,0.14332342147827148,-92.8318338394165,0.043026221146901834,0.0,0.4409854832439264,0.5242959856987,Structure_degraded; Details_lost; Undersaturated; Overexposed; Shadows_remain
bochum_bochum_000000_033331_leftImg8bit.png,bochum_000000_033331_leftImg8bit.png,1.0,1.0,0.4358925493883635,65.90026521682739,0.08990287780761719,-83.31502532958984,0.050329197265098546,0.0,0.4619560677945984,0.5373857021331787,Structure_degraded; Details_lost; Undersaturated; Overexposed; Shadows_remain
bochum_bochum_000000_033531_leftImg8bit.png,bochum_000000_033531_leftImg8bit.png,1.0,0.6666666666666666,0.39073487673869683,67.65218162536621,-1.5016794204711914,-97.24710083007812,0.0745009604944251,0.0,0.71558539187297,0.47476842999458313,Structure_degraded; Details_lost; Wrong_color_temp; Undersaturated; Shadows_remain
bochum_bochum_000000_033714_leftImg8bit.png,bochum_000000_033714_leftImg8bit.png,1.0,1.4,0.3834273501120041,63.39641714096069,-3.0951337814331055,-92.5746054649353,0.04024778761060522,0.0,0.5705898380350847,0.46663910150527954,Structure_degraded; Details_lost; Wrong_color_temp; Undersaturated; Overexposed; Shadows_remain
bochum_bochum_000000_034936_leftImg8bit.png,bochum_000000_034936_leftImg8bit.png,0.92,1.2,0.4128929563390977,63.765575885772705,-1.7485909461975098,-98.9611144065857,0.03504813477736912,0.0,0.6441243449651677,0.44532305002212524,Structure_degraded; Details_lost; Wrong_color_temp; Undersaturated; Shadows_remain
bochum_bochum_000000_035958_leftImg8bit.png,bochum_000000_035958_leftImg8bit.png,0.8800000000000001,1.8,0.4302458705328676,68.93749046325684,-0.009537220001220703,-82.46151065826416,0.03027763510042165,0.0,0.5933673360978219,0.45549511909484863,Structure_degraded; Details_lost; Wrong_color_temp; Undersaturated; Overexposed; Shadows_remain
bochum_bochum_000000_036606_leftImg8bit.png,bochum_000000_036606_leftImg8bit.png,0.9,2.5,0.4005243181568989,66.59411430358887,-0.9990811347961426,-72.78803730010986,0.050028264556232334,0.0,0.5582339788134953,0.48929697275161743,Structure_degraded; Details_lost; Wrong_color_temp; Undersaturated; Overexposed; Shadows_remain
bochum_bochum_000000_037039_leftImg8bit.png,bochum_000000_037039_leftImg8bit.png,1.0,1.5,0.40628067345790114,66.52289628982544,-0.7819118499755859,-74.73981857299805,0.032257155735848475,0.0,0.5629018536989565,0.4918818175792694,Structure_degraded; Details_lost; Wrong_color_temp; Undersaturated; Overexposed; Shadows_remain
bochum_bochum_000000_037223_leftImg8bit.png,bochum_000000_037223_leftImg8bit.png,1.0,1.4,0.4099942573012233,65.86813259124756,0.05255556106567383,-96.0661416053772,0.07025303435504689,0.0,0.5369096426025513,0.4825729727745056,Structure_degraded; Details_lost; Undersaturated; Overexposed; Shadows_remain
bochum_bochum_000000_037829_leftImg8bit.png,bochum_000000_037829_leftImg8bit.png,0.1,2.0,0.35199096241198463,67.50143194198608,-6.519538402557373,-84.52405500411987,0.04759982960022251,0.0,0.6628720979735412,0.5003204941749573,Lost_objects; Structure_degraded; Details_lost; Wrong_color_temp; Undersaturated; Shadows_remain
bochum_bochum_000000_038022_leftImg8bit.png,bochum_000000_038022_leftImg8bit.png,1.0,1.6666666666666667,0.3965571256461538,65.28492736816406,-2.446214199066162,-90.4767656326294,0.046003114456252915,0.0,0.6319087504308856,0.44832322001457214,Structure_degraded; Details_lost; Wrong_color_temp; Undersaturated; Shadows_remain
bochum_bochum_000000_038150_leftImg8bit.png,bochum_000000_038150_leftImg8bit.png,1.0,1.3333333333333333,0.4057982938476234,61.591744899749756,-3.1681156158447266,-83.29148054122925,0.05436311748863412,0.0,0.7145786031230654,0.44266602396965027,Structure_degraded; Details_lost; Wrong_color_temp; Undersaturated; Shadows_remain
bremen_bremen_000000_000019_leftImg8bit.png,bremen_000000_000019_leftImg8bit.png,1.0,1.25,0.3808378102345753,67.14493942260742,-2.0122594833374023,-79.90060424804688,0.023527298850566262,0.0,0.7303074250911045,0.5487390160560608,Structure_degraded; Details_lost; Wrong_color_temp; Undersaturated; Shadows_remain
bremen_bremen_000001_000019_leftImg8bit.png,bremen_000001_000019_leftImg8bit.png,1.0,1.0,0.40052792415372573,64.64633655548096,-1.2830419540405273,-74.68548059463501,0.05038162593654143,0.0,0.617224006336329,0.5914208889007568,Structure_degraded; Details_lost; Wrong_color_temp; Undersaturated; Shadows_remain
bremen_bremen_000002_000019_leftImg8bit.png,bremen_000002_000019_leftImg8bit.png,0.5,0.5,0.302743539171607,74.49741792678833,-1.9865398406982422,-81.01360750198364,0.02715327587245279,0.0,0.7726369333504531,0.5618443489074707,Structure_degraded; Details_lost; Wrong_color_temp; Undersaturated; Shadows_remain
bremen_bremen_000003_000019_leftImg8bit.png,bremen_000003_000019_leftImg8bit.png,0.7333333333333333,1.6666666666666667,0.45110399813643137,55.05562353134155,0.44714784622192383,-83.53578996658325,0.06247636336129549,0.0,0.4223551809509948,0.5133435130119324,Structure_degraded; Details_lost; Undersaturated; Overexposed; Shadows_remain
bremen_bremen_000004_000019_leftImg8bit.png,bremen_000004_000019_leftImg8bit.png,1.0,1.2,0.43139468679242066,52.165703773498535,-0.01774740219116211,-74.84201335906982,0.043481142705626204,0.0,0.5426727756701017,0.48165130615234375,Structure_degraded; Details_lost; Wrong_color_temp; Undersaturated; Overexposed; Shadows_remain
bremen_bremen_000005_000019_leftImg8bit.png,bremen_000005_000019_leftImg8bit.png,1.0,1.0,0.4408348297963136,64.03887557983398,-0.2118840217590332,-77.87568187713623,0.03075396825395652,0.0,0.5245008798331141,0.5179535150527954,Structure_degraded; Details_lost; Wrong_color_temp; Undersaturated; Overexposed; Shadows_remain
bremen_bremen_000006_000019_leftImg8bit.png,bremen_000006_000019_leftImg8bit.png,0.5714285714285714,1.0,0.39783985909699987,61.94143533706665,-1.5933823585510254,-79.4749903678894,0.032030960517093324,0.0,0.5344389640006401,0.4934033751487732,Structure_degraded; Details_lost; Wrong_color_temp; Undersaturated; Overexposed; Shadows_remain
bremen_bremen_000007_000019_leftImg8bit.png,bremen_000007_000019_leftImg8bit.png,0.675,1.5,0.4238815229170919,62.08013105392456,-0.3336319923400879,-76.36369371414185,0.04186531585218941,0.0,0.5188009696067117,0.508550226688385,Structure_degraded; Details_lost; Wrong_color_temp; Undersaturated; Overexposed; Shadows_remain
bremen_bremen_000008_000019_leftImg8bit.png,bremen_000008_000019_leftImg8bit.png,1.0,3.0,0.41190081824685804,63.592480182647705,-1.3051586151123047,-75.29058694839478,0.036108963572679016,0.0,0.5568144294577524,0.5208016037940979,Structure_degraded; Details_lost; Wrong_color_temp; Undersaturated; Overexposed; Shadows_remain
bremen_bremen_000009_000019_leftImg8bit.png,bremen_000009_000019_leftImg8bit.png,0.6666666666666666,1.0,0.4671841248661673,67.61211442947388,-0.33090925216674805,-67.43810415267944,0.0204501561287258,0.0,0.3225435733616041,0.4834420680999756,Structure_degraded; Details_lost; Wrong_color_temp; Undersaturated; Overexposed; Shadows_remain
bremen_bremen_000010_000019_leftImg8bit.png,bremen_000010_000019_leftImg8bit.png,1.0,2.8,0.46761299878897467,67.69481706619263,0.6079864501953125,-75.22748756408691,0.025656027850093424,0.0,0.39691065061478736,0.4935682415962219,Structure_degraded; Details_lost; Undersaturated; Overexposed; Shadows_remain
bremen_bremen_000011_000019_leftImg8bit.png,bremen_000011_000019_leftImg8bit.png,0.7,1.3333333333333333,0.45031451342119755,61.08237648010254,-0.2144002914428711,-70.0918836593628,0.04607133948614466,0.0,0.4872070977866694,0.4961642920970917,Structure_degraded; Details_lost; Wrong_color_temp; Undersaturated; Overexposed; Shadows_remain
bremen_bremen_000012_000019_leftImg8bit.png,bremen_000012_000019_leftImg8bit.png,0.8583333333333334,1.25,0.4136716476403382,64.54774618148804,-1.793074607849121,-78.96052742004395,0.04946996466429873,0.0,0.8095856178116958,0.5077100396156311,Structure_degraded; Details_lost; Wrong_color_temp; Undersaturated; Shadows_remain
bremen_bremen_000013_000019_leftImg8bit.png,bremen_000013_000019_leftImg8bit.png,0.875,1.0,0.40414784128399545,56.868377685546875,-1.8583769798278809,-84.93150568008423,0.0477857878475552,0.0,0.5356641070465431,0.4938448667526245,Structure_degraded; Details_lost; Wrong_color_temp; Undersaturated; Overexposed; Shadows_remain
bremen_bremen_000014_000019_leftImg8bit.png,bremen_000014_000019_leftImg8bit.png,1.0,1.5,0.3587072207050548,64.1048493385315,-2.8287296295166016,-95.13593339920044,0.009353462422049362,0.0,0.715082794227314,0.6314769983291626,Structure_degraded; Details_lost; Wrong_color_temp; Undersaturated; Shadows_remain
bremen_bremen_000015_000019_leftImg8bit.png,bremen_000015_000019_leftImg8bit.png,1.0,1.0,0.3959600489044021,61.374942779541016,-3.3106689453125,-95.32262468338013,0.010543152582844727,0.0,0.7873452394873921,0.48561108112335205,Structure_degraded; Details_lost; Wrong_color_temp; Undersaturated; Shadows_remain
bremen_bremen_000016_000019_leftImg8bit.png,bremen_000016_000019_leftImg8bit.png,1.0,6.0,0.39922010973686883,55.13530397415161,-1.4665913581848145,-81.88516855239868,0.04600120264580104,0.0,0.7063371035745458,0.5479915142059326,Structure_degraded; Details_lost; Wrong_color_temp; Undersaturated; Shadows_remain
bremen_bremen_000017_000019_leftImg8bit.png,bremen_000017_000019_leftImg8bit.png,1.0,2.0,0.4436757870767147,54.507529735565186,-1.4961047172546387,-87.58603000640869,0.03221844293271343,0.0,0.45079986727859644,0.5379647016525269,Structure_degraded; Details_lost; Wrong_color_temp; Undersaturated; Overexposed; Shadows_remain
bremen_bremen_000018_000019_leftImg8bit.png,bremen_000018_000019_leftImg8bit.png,0.8571428571428571,1.0,0.40672239113540626,59.024234771728516,-2.5408434867858887,-79.05518817901611,0.03655913978493244,0.0,0.519198061641946,0.5117349624633789,Structure_degraded; Details_lost; Wrong_color_temp; Undersaturated; Overexposed; Shadows_remain
bremen_bremen_000019_000019_leftImg8bit.png,bremen_000019_000019_leftImg8bit.png,0.8875,1.125,0.40664253220427515,71.18060398101807,-1.7889723777770996,-83.41125535964966,0.019133130244236244,0.0,0.6033098767383461,0.5402909517288208,Structure_degraded; Details_lost; Wrong_color_temp; Undersaturated; Shadows_remain
bremen_bremen_000020_000019_leftImg8bit.png,bremen_000020_000019_leftImg8bit.png,1.0,1.3333333333333333,0.37897853529717923,81.8566198348999,-0.8641805648803711,-91.66784048080444,0.021934978456709775,0.0,0.718831635103248,0.5094515085220337,Structure_degraded; Details_lost; Wrong_color_temp; Undersaturated; Shadows_remain
bremen_bremen_000021_000019_leftImg8bit.png,bremen_000021_000019_leftImg8bit.png,0.3333333333333333,0.6666666666666666,0.3990217888558059,68.44400835037231,-3.5010499954223633,-82.81578540802002,0.04208353569693005,0.0,0.7095391454686168,0.45419594645500183,Lost_objects; Structure_degraded; Details_lost; Wrong_color_temp; Undersaturated; Shadows_remain
bremen_bremen_000022_000019_leftImg8bit.png,bremen_000022_000019_leftImg8bit.png,1.0,1.4,0.3707514000754266,55.04173803329468,-2.71342134475708,-84.21614217758179,0.05404724409447117,0.0,0.6691641944221034,0.5699051022529602,Structure_degraded; Details_lost; Wrong_color_temp; Undersaturated; Shadows_remain
bremen_bremen_000023_000019_leftImg8bit.png,bremen_000023_000019_leftImg8bit.png,1.0,2.0,0.3700442632131101,63.956379890441895,-1.6004838943481445,-97.11918640136719,0.00943027732826883,0.0,0.6451978948260189,0.581458568572998,Structure_degraded; Details_lost; Wrong_color_temp; Undersaturated; Shadows_remain
bremen_bremen_000024_000019_leftImg8bit.png,bremen_000024_000019_leftImg8bit.png,1.0,0.5,0.39498647791384767,65.50160884857178,-3.8761086463928223,-94.78365516662598,0.02418450696704704,0.0,0.5769508559616625,0.5499895811080933,Structure_degraded; Details_lost; Wrong_color_temp; Undersaturated; Overexposed; Shadows_remain
bremen_bremen_000025_000019_leftImg8bit.png,bremen_000025_000019_leftImg8bit.png,0.5,0.5,0.35902400557246883,57.936001777648926,-3.616504669189453,-90.75900459289551,0.012137067375729237,0.0,0.6823832251071894,0.5938442945480347,Structure_degraded; Details_lost; Wrong_color_temp; Undersaturated; Shadows_remain
bremen_bremen_000026_000019_leftImg8bit.png,bremen_000026_000019_leftImg8bit.png,0.7,1.3333333333333333,0.3665120432380038,69.01044607162476,-2.481752395629883,-84.07983350753784,0.004818744473914757,0.0,0.7974887232845164,0.5956400632858276,Structure_degraded; Details_lost; Wrong_color_temp; Undersaturated; Shadows_remain
bremen_bremen_000027_000019_leftImg8bit.png,bremen_000027_000019_leftImg8bit.png,1.0,1.0,0.41734638236335203,63.56678915023804,-3.125790596008301,-87.02187156677246,0.019222920577908087,0.0,0.742719270302103,0.5154385566711426,Structure_degraded; Details_lost; Wrong_color_temp; Undersaturated; Shadows_remain
bremen_bremen_000028_000019_leftImg8bit.png,bremen_000028_000019_leftImg8bit.png,0.75,0.75,0.387395630592894,58.88821887969971,-4.98213005065918,-104.30547666549683,0.012165220671440914,0.0,0.8421262828439038,0.539598822593689,Structure_degraded; Details_lost; Wrong_color_temp; Undersaturated; Shadows_remain
bremen_bremen_000029_000019_leftImg8bit.png,bremen_000029_000019_leftImg8bit.png,1.0,2.4,0.4267802866432459,56.93286991119385,-0.969367504119873,-87.71366596221924,0.05836596188981552,0.0,0.458184418871161,0.5410547852516174,Structure_degraded; Details_lost; Wrong_color_temp; Undersaturated; Overexposed; Shadows_remain
bremen_bremen_000030_000019_leftImg8bit.png,bremen_000030_000019_leftImg8bit.png,1.0,1.0,0.3826535787498537,59.518691062927246,-3.2940211296081543,-99.81030797958374,0.03305933343295978,0.0,0.7575928453899154,0.5256292223930359,Structure_degraded; Details_lost; Wrong_color_temp; Undersaturated; Shadows_remain
bremen_bremen_000031_000019_leftImg8bit.png,bremen_000031_000019_leftImg8bit.png,1.0,1.5,0.4079039221444821,56.95818042755127,-2.3387861251831055,-101.82944345474243,0.05567167983683116,0.0,0.5620336489347998,0.5495996475219727,Structure_degraded; Details_lost; Wrong_color_temp; Undersaturated; Overexposed; Shadows_remain
bremen_bremen_000032_000019_leftImg8bit.png,bremen_000032_000019_leftImg8bit.png,0.5,1.0,0.40626676068970463,65.12170362472534,-4.122931480407715,-91.75606107711792,0.026921066387865417,0.0,0.6834621189227638,0.4348791837692261,Structure_degraded; Details_lost; Wrong_color_temp; Undersaturated; Shadows_remain
bremen_bremen_000033_000019_leftImg8bit.png,bremen_000033_000019_leftImg8bit.png,0.6,2.0,0.3920271839646169,65.31698274612427,-5.082457065582275,-87.18081521987915,0.023979692429016174,0.0,0.8781726784397524,0.5159682035446167,Structure_degraded; Details_lost; Wrong_color_temp; Undersaturated; Shadows_remain
bremen_bremen_000034_000019_leftImg8bit.png,bremen_000034_000019_leftImg8bit.png,1.0,0.8571428571428571,0.3775940835413648,60.260818004608154,-1.8546838760375977,-73.15642499923706,0.028529429411403216,0.0,0.7692316423423644,0.565110445022583,Structure_degraded; Details_lost; Wrong_color_temp; Undersaturated; Shadows_remain
bremen_bremen_000035_000019_leftImg8bit.png,bremen_000035_000019_leftImg8bit.png,0.6,0.4,0.39873758060560044,67.14952325820923,-3.1400656700134277,-96.38342809677124,0.03902612826602399,0.0,0.7074264438789197,0.5188322067260742,Structure_degraded; Details_lost; Wrong_color_temp; Undersaturated; Shadows_remain
bremen_bremen_000036_000019_leftImg8bit.png,bremen_000036_000019_leftImg8bit.png,1.0,1.6666666666666667,0.3454017264000854,67.19267749786377,-0.36195850372314453,-85.35711336135864,0.021263210870650365,0.0,0.7317799091848525,0.5967113375663757,Structure_degraded; Details_lost; Wrong_color_temp; Undersaturated; Shadows_remain
bremen_bremen_000037_000019_leftImg8bit.png,bremen_000037_000019_leftImg8bit.png,0.7,1.3333333333333333,0.33389355446095853,71.03019523620605,-1.1278190612792969,-86.23751926422119,0.01121076233182851,0.0,0.8728995596466412,0.666499137878418,Structure_degraded; Details_lost; Wrong_color_temp; Undersaturated; Shadows_remain
bremen_bremen_000038_000019_leftImg8bit.png,bremen_000038_000019_leftImg8bit.png,1.0,0.875,0.39506711889762824,57.84248352050781,-1.1834650039672852,-86.3184814453125,0.03806441670517874,0.0,0.5776944167709825,0.5473016500473022,Structure_degraded; Details_lost; Wrong_color_temp; Undersaturated; Overexposed; Shadows_remain
bremen_bremen_000039_000019_leftImg8bit.png,bremen_000039_000019_leftImg8bit.png,1.0,3.0,0.3799830079516914,66.15003252029419,-2.7214865684509277,-79.657310962677,0.018230013253640195,0.0,0.7977826684577141,0.5267057418823242,Structure_degraded; Details_lost; Wrong_color_temp; Undersaturated; Shadows_remain
bremen_bremen_000040_000019_leftImg8bit.png,bremen_000040_000019_leftImg8bit.png,0.7666666666666666,2.0,0.39862659783003035,60.6201958656311,-0.10309696197509766,-58.630656242370605,0.030978185031854743,0.0,0.7695189148764081,0.46835044026374817,Structure_degraded; Details_lost; Wrong_color_temp; Undersaturated; Shadows_remain
bremen_bremen_000041_000019_leftImg8bit.png,bremen_000041_000019_leftImg8bit.png,0.6666666666666666,0.6666666666666666,0.3813082398266431,67.28454875946045,-1.6993951797485352,-90.18105745315552,0.03941638862181789,0.0,0.7702310428596697,0.5909503102302551,Structure_degraded; Details_lost; Wrong_color_temp; Undersaturated; Shadows_remain
bremen_bremen_000042_000019_leftImg8bit.png,bremen_000042_000019_leftImg8bit.png,0.7,1.3333333333333333,0.35073927494834034,68.99143981933594,-2.6701860427856445,-86.50408124923706,0.029611950852987883,0.0,0.7565397079724622,0.5807366371154785,Structure_degraded; Details_lost; Wrong_color_temp; Undersaturated; Shadows_remain
bremen_bremen_000043_000019_leftImg8bit.png,bremen_000043_000019_leftImg8bit.png,1.0,2.0,0.39660939632888853,57.47483968734741,-2.6809520721435547,-89.03607606887817,0.027962641910392057,0.0,0.5208969609342955,0.5420398116111755,Structure_degraded; Details_lost; Wrong_color_temp; Undersaturated; Overexposed; Shadows_remain
bremen_bremen_000044_000019_leftImg8bit.png,bremen_000044_000019_leftImg8bit.png,0.9333333333333333,2.0,0.40563006793606043,64.00844812393188,-2.8241071701049805,-89.86655330657959,0.030886843434891394,0.0,0.718584717567647,0.5140212178230286,Structure_degraded; Details_lost; Wrong_color_temp; Undersaturated; Shadows_remain
bremen_bremen_000045_000019_leftImg8bit.png,bremen_000045_000019_leftImg8bit.png,1.0,1.6,0.3878230525576773,62.24998760223389,-1.9336895942687988,-91.75916242599487,0.0480622053511149,0.0,0.5653409758464552,0.5403611063957214,Structure_degraded; Details_lost; Wrong_color_temp; Undersaturated; Overexposed; Shadows_remain
bremen_bremen_000046_000019_leftImg8bit.png,bremen_000046_000019_leftImg8bit.png,1.0,0.8181818181818182,0.4359821464267388,58.865254402160645,-3.4087767601013184,-92.37847995758057,0.04483039348709774,0.0,0.7322968215578679,0.46898961067199707,Structure_degraded; Details_lost; Wrong_color_temp; Undersaturated; Shadows_remain
bremen_bremen_000047_000019_leftImg8bit.png,bremen_000047_000019_leftImg8bit.png,0.8500000000000001,1.1666666666666667,0.4009574655427235,57.715267181396484,-2.726060390472412,-87.71639394760132,0.03821003702826825,0.0,0.6437450294941469,0.5603585243225098,Structure_degraded; Details_lost; Wrong_color_temp; Undersaturated; Shadows_remain
bremen_bremen_000048_000019_leftImg8bit.png,bremen_000048_000019_leftImg8bit.png,1.0,1.0,0.42237003875178347,66.82186126708984,-2.0322608947753906,-73.87816381454468,0.04151905028278901,0.0,0.6766410176240384,0.5205078721046448,Structure_degraded; Details_lost; Wrong_color_temp; Undersaturated; Shadows_remain
bremen_bremen_000049_000019_leftImg8bit.png,bremen_000049_000019_leftImg8bit.png,0.775,1.25,0.32189615897482976,73.84293270111084,-4.08007287979126,-68.70220851898193,0.005567327267438289,0.0,0.7778347086668571,0.5332445502281189,Structure_degraded; Details_lost; Wrong_color_temp; Undersaturated; Shadows_remain
bremen_bremen_000050_000019_leftImg8bit.png,bremen_000050_000019_leftImg8bit.png,1.0,1.0,0.4153962445911615,59.37229537963867,-2.409712314605713,-81.999915599823,0.05913363643969231,0.0,0.5490409971448948,0.4855409562587738,Structure_degraded; Details_lost; Wrong_color_temp; Undersaturated; Overexposed; Shadows_remain
bremen_bremen_000051_000019_leftImg8bit.png,bremen_000051_000019_leftImg8bit.png,1.0,1.1428571428571428,0.4110642998483869,59.029972076416016,-3.1926608085632324,-78.6369981765747,0.041133603238855294,0.0,0.5821790849597555,0.5238466262817383,Structure_degraded; Details_lost; Wrong_color_temp; Undersaturated; Overexposed; Shadows_remain
bremen_bremen_000052_000019_leftImg8bit.png,bremen_000052_000019_leftImg8bit.png,0.9181818181818181,1.0909090909090908,0.3516126549738625,63.697134494781494,-2.0381665229797363,-83.05425786972046,0.03335996043971495,0.0,0.7872387583631065,0.5319448113441467,Structure_degraded; Details_lost; Wrong_color_temp; Undersaturated; Shadows_remain
bremen_bremen_000053_000019_leftImg8bit.png,bremen_000053_000019_leftImg8bit.png,0.8500000000000001,1.1666666666666667,0.38117894490986326,63.65984869003296,-2.0498595237731934,-90.01470708847046,0.034794130637466364,0.0,0.5334981872197275,0.5672957301139832,Structure_degraded; Details_lost; Wrong_color_temp; Undersaturated; Overexposed; Shadows_remain
bremen_bremen_000054_000019_leftImg8bit.png,bremen_000054_000019_leftImg8bit.png,1.0,1.7142857142857142,0.38137111420523423,52.98363971710205,-3.3140015602111816,-83.11802625656128,0.07963705034310735,0.0,0.6715822968409255,0.4997748136520386,Structure_degraded; Details_lost; Wrong_color_temp; Undersaturated; Shadows_remain
bremen_bremen_000055_000019_leftImg8bit.png,bremen_000055_000019_leftImg8bit.png,0.9166666666666667,1.8333333333333333,0.3850039891056957,63.74994993209839,-1.5081267356872559,-73.2557725906372,0.04591556332749291,0.0,0.7049825444543494,0.5571091771125793,Structure_degraded; Details_lost; Wrong_color_temp; Undersaturated; Shadows_remain
bremen_bremen_000056_000019_leftImg8bit.png,bremen_000056_000019_leftImg8bit.png,0.6799999999999999,1.8,0.4193424315135686,62.29029989242554,-1.8290801048278809,-75.00431823730469,0.024545805952834353,0.0,0.6215342446177914,0.5330527424812317,Structure_degraded; Details_lost; Wrong_color_temp; Undersaturated; Shadows_remain
bremen_bremen_000057_000019_leftImg8bit.png,bremen_000057_000019_leftImg8bit.png,0.6,0.8,0.43157156428065524,63.30069541931152,-3.0863356590270996,-76.88712072372437,0.03135913505237733,0.0,0.7697774577678209,0.4630444347858429,Structure_degraded; Details_lost; Wrong_color_temp; Undersaturated; Shadows_remain
bremen_bremen_000058_000019_leftImg8bit.png,bremen_000058_000019_leftImg8bit.png,1.0,2.0,0.4048541299430186,58.92018747329712,-2.023690700531006,-86.60628128051758,0.048365779603483344,0.0,0.6542709900140022,0.5534457564353943,Structure_degraded; Details_lost; Wrong_color_temp; Undersaturated; Shadows_remain
bremen_bremen_000059_000019_leftImg8bit.png,bremen_000059_000019_leftImg8bit.png,0.85,2.0,0.3362127819606158,69.62929201126099,-2.1763620376586914,-76.08173131942749,0.003932864343875275,0.0,0.6499030802511165,0.5088356733322144,Structure_degraded; Details_lost; Wrong_color_temp; Undersaturated; Shadows_remain
bremen_bremen_000060_000019_leftImg8bit.png,bremen_000060_000019_leftImg8bit.png,1.0,2.0,0.4054077261970193,64.58461713790894,-2.5736355781555176,-79.65498065948486,0.029893022432404368,0.0,0.615592973886042,0.5068031549453735,Structure_degraded; Details_lost; Wrong_color_temp; Undersaturated; Shadows_remain
bremen_bremen_000061_000019_leftImg8bit.png,bremen_000061_000019_leftImg8bit.png,1.0,1.4444444444444444,0.3965366131741079,64.18639421463013,-3.6308460235595703,-84.08407545089722,0.026516865228968352,0.0,0.699230119731391,0.5026565194129944,Structure_degraded; Details_lost; Wrong_color_temp; Undersaturated; Shadows_remain
bremen_bremen_000062_000019_leftImg8bit.png,bremen_000062_000019_leftImg8bit.png,1.0,1.0,0.4166284486998656,63.27544116973877,-2.2361550331115723,-91.91674375534058,0.031580087752550896,0.0,0.6983737786569904,0.4986765384674072,Structure_degraded; Details_lost; Wrong_color_temp; Undersaturated; Shadows_remain
bremen_bremen_000063_000019_leftImg8bit.png,bremen_000063_000019_leftImg8bit.png,1.0,1.0,0.41971113624006506,67.7562484741211,-2.58414888381958,-76.98995018005371,0.020899982758946976,0.0,0.6119877852020608,0.5206431746482849,Structure_degraded; Details_lost; Wrong_color_temp; Undersaturated; Shadows_remain
bremen_bremen_000064_000019_leftImg8bit.png,bremen_000064_000019_leftImg8bit.png,0.5,1.0,0.371632277465353,65.9652886390686,-2.0959219932556152,-81.41497755050659,0.03013983933352272,0.0,0.7582034782462492,0.6263250112533569,Structure_degraded; Details_lost; Wrong_color_temp; Undersaturated; Shadows_remain
bremen_bremen_000065_000019_leftImg8bit.png,bremen_000065_000019_leftImg8bit.png,1.0,1.25,0.41040089814774594,57.174113750457764,-0.48610544204711914,-78.83547019958496,0.01987169457048531,0.0,0.6963450196131364,0.47453421354293823,Structure_degraded; Details_lost; Wrong_color_temp; Undersaturated; Shadows_remain
bremen_bremen_000066_000019_leftImg8bit.png,bremen_000066_000019_leftImg8bit.png,0.775,1.25,0.39442114047587995,58.86303186416626,-2.3536648750305176,-96.9272518157959,0.04075584328231866,0.0,0.5808683739076577,0.4632551670074463,Structure_degraded; Details_lost; Wrong_color_temp; Undersaturated; Overexposed; Shadows_remain
bremen_bremen_000067_000019_leftImg8bit.png,bremen_000067_000019_leftImg8bit.png,0.9272727272727272,1.1818181818181819,0.3886617697311684,62.674537658691406,-1.2479948997497559,-81.15560531616211,0.026610514624207098,0.0,0.7389106501015955,0.485763818025589,Structure_degraded; Details_lost; Wrong_color_temp; Undersaturated; Shadows_remain
bremen_bremen_000068_000019_leftImg8bit.png,bremen_000068_000019_leftImg8bit.png,1.0,1.0,0.3730302001030392,63.45562124252319,-1.9336280822753906,-72.62472629547119,0.015068294401721338,0.0,0.8074624824000672,0.5503743290901184,Structure_degraded; Details_lost; Wrong_color_temp; Undersaturated; Shadows_remain
bremen_bremen_000069_000019_leftImg8bit.png,bremen_000069_000019_leftImg8bit.png,1.0,3.6,0.4204356460981398,61.42102241516113,-1.455622673034668,-77.90233516693115,0.0365765132888335,0.0,0.6970131947609642,0.46789246797561646,Structure_degraded; Details_lost; Wrong_color_temp; Undersaturated; Shadows_remain
bremen_bremen_000070_000019_leftImg8bit.png,bremen_000070_000019_leftImg8bit.png,1.0,1.8333333333333333,0.41930827659473463,65.68639326095581,-0.8164105415344238,-72.0130615234375,0.05581296493090082,0.0,0.5119837956076696,0.5182875394821167,Structure_degraded; Details_lost; Wrong_color_temp; Undersaturated; Overexposed; Shadows_remain
bremen_bremen_000071_000019_leftImg8bit.png,bremen_000071_000019_leftImg8bit.png,0.7333333333333333,1.6666666666666667,0.4346970864869453,63.08917236328125,-0.8790936470031738,-79.88532876968384,0.06060091665250022,0.0,0.5472988181912672,0.4703763723373413,Structure_degraded; Details_lost; Wrong_color_temp; Undersaturated; Overexposed; Shadows_remain
bremen_bremen_000072_000019_leftImg8bit.png,bremen_000072_000019_leftImg8bit.png,1.0,2.0,0.3707719437050227,54.877631187438965,-0.9975361824035645,-101.05485439300537,0.05417971808924521,0.0,0.5674253323344175,0.5334776043891907,Structure_degraded; Details_lost; Wrong_color_temp; Undersaturated; Overexposed; Shadows_remain
bremen_bremen_000073_000019_leftImg8bit.png,bremen_000073_000019_leftImg8bit.png,1.0,1.1111111111111112,0.38038108623203704,68.66538858413696,-1.2737150192260742,-92.32392358779907,0.010829650837117316,0.0,0.8464672005895681,0.48165637254714966,Structure_degraded; Details_lost; Wrong_color_temp; Undersaturated; Shadows_remain
bremen_bremen_000074_000019_leftImg8bit.png,bremen_000074_000019_leftImg8bit.png,1.0,1.1666666666666667,0.39749280908681534,61.556203842163086,-1.6925997734069824,-90.485999584198,0.0322153866507834,0.0,0.7315615836529896,0.46970951557159424,Structure_degraded; Details_lost; Wrong_color_temp; Undersaturated; Shadows_remain
bremen_bremen_000075_000019_leftImg8bit.png,bremen_000075_000019_leftImg8bit.png,1.0,0.8,0.4328809884240202,62.516199588775635,-0.89898681640625,-79.30031490325928,0.027984046889798386,0.0,0.5505054755537007,0.4627649784088135,Structure_degraded; Details_lost; Wrong_color_temp; Undersaturated; Overexposed; Shadows_remain
bremen_bremen_000076_000019_leftImg8bit.png,bremen_000076_000019_leftImg8bit.png,1.0,4.0,0.40612366153576673,57.687050342559814,-1.012519359588623,-78.91921710968018,0.05014587365318174,0.0,0.5038729608567503,0.5027546286582947,Structure_degraded; Details_lost; Wrong_color_temp; Undersaturated; Overexposed; Shadows_remain
bremen_bremen_000077_000019_leftImg8bit.png,bremen_000077_000019_leftImg8bit.png,1.0,2.0,0.36405335649654935,64.50121927261353,-3.71903133392334,-79.22929668426514,0.024336391737396514,0.0,0.6527474976663343,0.5719967484474182,Structure_degraded; Details_lost; Wrong_color_temp; Undersaturated; Shadows_remain
bremen_bremen_000078_000019_leftImg8bit.png,bremen_000078_000019_leftImg8bit.png,0.8375,1.875,0.3996411728435576,59.13315010070801,-0.25788068771362305,-75.88565063476562,0.029233288383734055,0.0,0.6857548239807696,0.4781864285469055,Structure_degraded; Details_lost; Wrong_color_temp; Undersaturated; Shadows_remain
bremen_bremen_000079_000019_leftImg8bit.png,bremen_000079_000019_leftImg8bit.png,1.0,3.0,0.37263377797388,63.01013135910034,-2.119849681854248,-82.76921796798706,0.02303280710408762,0.0,0.7250954692111642,0.5355216860771179,Structure_degraded; Details_lost; Wrong_color_temp; Undersaturated; Shadows_remain
bremen_bremen_000080_000019_leftImg8bit.png,bremen_000080_000019_leftImg8bit.png,0.9500000000000001,1.5,0.379237063237964,66.15011262893677,-0.6776018142700195,-69.44587659835815,0.02235090568835057,0.0,0.7473028941327946,0.48639360070228577,Structure_degraded; Details_lost; Wrong_color_temp; Undersaturated; Shadows_remain
bremen_bremen_000081_000019_leftImg8bit.png,bremen_000081_000019_leftImg8bit.png,0.8,0.8,0.3829961870071809,61.30148267745972,-0.42673778533935547,-66.17897510528564,0.042721631837942114,0.0,0.5188677390209284,0.525265634059906,Structure_degraded; Details_lost; Wrong_color_temp; Undersaturated; Overexposed; Shadows_remain
bremen_bremen_000082_000019_leftImg8bit.png,bremen_000082_000019_leftImg8bit.png,1.0,2.0,0.397446514760406,68.43614912033081,-1.4452152252197266,-79.86504030227661,0.024337018871056545,0.0,0.7810671496735113,0.5122475028038025,Structure_degraded; Details_lost; Wrong_color_temp; Undersaturated; Shadows_remain
bremen_bremen_000083_000019_leftImg8bit.png,bremen_000083_000019_leftImg8bit.png,0.625,0.75,0.41083744900961133,70.07629060745239,-1.8360109329223633,-72.99885892868042,0.024773439485045998,0.0,0.6596285896416237,0.45901328325271606,Structure_degraded; Details_lost; Wrong_color_temp; Undersaturated; Shadows_remain
bremen_bremen_000084_000019_leftImg8bit.png,bremen_000084_000019_leftImg8bit.png,0.8416666666666667,1.0833333333333333,0.38791476314094286,69.5527400970459,-0.8054113388061523,-77.70276165008545,0.026170337492661348,0.0,0.7378879295312388,0.5774827003479004,Structure_degraded; Details_lost; Wrong_color_temp; Undersaturated; Shadows_remain
bremen_bremen_000085_000019_leftImg8bit.png,bremen_000085_000019_leftImg8bit.png,1.0,1.5,0.3586234709833361,66.73499965667725,-1.1341605186462402,-79.18893480300903,0.013073807380735132,0.0,0.7409239434704851,0.5491065979003906,Structure_degraded; Details_lost; Wrong_color_temp; Undersaturated; Shadows_remain
bremen_bremen_000086_000019_leftImg8bit.png,bremen_000086_000019_leftImg8bit.png,1.0,1.7142857142857142,0.4149880174742727,60.134284019470215,-1.8651814460754395,-69.703284740448,0.02078811652495554,0.0,0.5682136859076312,0.4909802973270416,Structure_degraded; Details_lost; Wrong_color_temp; Undersaturated; Overexposed; Shadows_remain
bremen_bremen_000087_000019_leftImg8bit.png,bremen_000087_000019_leftImg8bit.png,1.0,1.5555555555555556,0.4104633322730138,57.216869831085205,-0.9747409820556641,-73.43803024291992,0.034603149972831634,0.0,0.46786701873680103,0.5247957110404968,Structure_degraded; Details_lost; Wrong_color_temp; Undersaturated; Overexposed; Shadows_remain
bremen_bremen_000088_000019_leftImg8bit.png,bremen_000088_000019_leftImg8bit.png,1.0,1.0,0.4118307099828544,61.53254747390747,-2.128323554992676,-81.92094802856445,0.06042180224592691,0.0,0.4986196358680616,0.5143253207206726,Structure_degraded; Details_lost; Wrong_color_temp; Undersaturated; Overexposed; Shadows_remain
bremen_bremen_000089_000019_leftImg8bit.png,bremen_000089_000019_leftImg8bit.png,1.0,2.3333333333333335,0.4031587096151583,67.25676965713501,-0.2361903190612793,-72.78078889846802,0.023500396870386808,0.0,0.7311270962925106,0.514502227306366,Structure_degraded; Details_lost; Wrong_color_temp; Undersaturated; Shadows_remain
bremen_bremen_000090_000019_leftImg8bit.png,bremen_000090_000019_leftImg8bit.png,1.0,6.0,0.4192613880175849,69.64707374572754,-0.7043538093566895,-82.21223545074463,0.01650130180845243,0.0,0.5057058626563925,0.6329463124275208,Structure_degraded; Details_lost; Wrong_color_temp; Undersaturated; Overexposed; Shadows_remain
bremen_bremen_000091_000019_leftImg8bit.png,bremen_000091_000019_leftImg8bit.png,0.75,1.0,0.4127688358209011,60.17704439163208,-2.293135166168213,-86.48402643203735,0.03178757109458397,0.0,0.41188031491637966,0.521918535232544,Structure_degraded; Details_lost; Wrong_color_temp; Undersaturated; Overexposed; Shadows_remain
bremen_bremen_000092_000019_leftImg8bit.png,bremen_000092_000019_leftImg8bit.png,0.8200000000000001,1.2,0.4209686294464178,67.00158309936523,-1.4945454597473145,-77.65484237670898,0.020736288504877316,0.0,0.40327034290314645,0.5692664384841919,Structure_degraded; Details_lost; Wrong_color_temp; Undersaturated; Overexposed; Shadows_remain
bremen_bremen_000093_000019_leftImg8bit.png,bremen_000093_000019_leftImg8bit.png,0.9333333333333333,0.9333333333333333,0.4294642909268132,64.25041246414185,-1.1138339042663574,-74.4358696937561,0.027336336624168057,0.0,0.509620475289539,0.5110391974449158,Structure_degraded; Details_lost; Wrong_color_temp; Undersaturated; Overexposed; Shadows_remain
bremen_bremen_000094_000019_leftImg8bit.png,bremen_000094_000019_leftImg8bit.png,1.0,3.5,0.3914274680780572,62.1324143409729,-1.9715847969055176,-88.26897239685059,0.013971806332630897,0.0,0.5776631183698229,0.47344282269477844,Structure_degraded; Details_lost; Wrong_color_temp; Undersaturated; Overexposed; Shadows_remain
bremen_bremen_000095_000019_leftImg8bit.png,bremen_000095_000019_leftImg8bit.png,1.0,1.5,0.39546752554986486,66.04831790924072,-3.75120210647583,-86.5001482963562,0.03593150866057255,0.0,0.7140370381397299,0.48745542764663696,Structure_degraded; Details_lost; Wrong_color_temp; Undersaturated; Shadows_remain
bremen_bremen_000096_000019_leftImg8bit.png,bremen_000096_000019_leftImg8bit.png,0.8666666666666667,1.3333333333333333,0.3917117250627891,63.70356845855713,-3.219259262084961,-81.13954067230225,0.023706233031984186,0.0,0.7239874718335496,0.511339008808136,Structure_degraded; Details_lost; Wrong_color_temp; Undersaturated; Shadows_remain
bremen_bremen_000097_000019_leftImg8bit.png,bremen_000097_000019_leftImg8bit.png,0.9357142857142857,1.0714285714285714,0.44011959422099517,63.14181566238403,-1.1642470359802246,-78.74697923660278,0.040992427261849144,0.0,0.7602776548663892,0.4710933268070221,Structure_degraded; Details_lost; Wrong_color_temp; Undersaturated; Shadows_remain
bremen_bremen_000098_000019_leftImg8bit.png,bremen_000098_000019_leftImg8bit.png,1.0,1.5,0.45751852382111785,57.90018272399902,-0.7901387214660645,-87.08466958999634,0.05463968682801604,0.0,0.4776084760711685,0.47741276025772095,Structure_degraded; Details_lost; Wrong_color_temp; Undersaturated; Overexposed; Shadows_remain
bremen_bremen_000099_000019_leftImg8bit.png,bremen_000099_000019_leftImg8bit.png,1.0,1.7,0.4385041679235347,59.139676094055176,-0.8588118553161621,-79.5401406288147,0.046398046398035714,0.0,0.49142993100659393,0.5111522078514099,Structure_degraded; Details_lost; Wrong_color_temp; Undersaturated; Overexposed; Shadows_remain
bremen_bremen_000100_000019_leftImg8bit.png,bremen_000100_000019_leftImg8bit.png,1.0,1.7,0.4419414361546791,60.14745378494263,-0.807279109954834,-73.66896200180054,0.047216667741712175,0.0,0.4738310165992645,0.5015609264373779,Structure_degraded; Details_lost; Wrong_color_temp; Undersaturated; Overexposed; Shadows_remain
bremen_bremen_000101_000019_leftImg8bit.png,bremen_000101_000019_leftImg8bit.png,0.95,1.3333333333333333,0.4599605965607305,58.2554144859314,-0.5651321411132812,-72.52089357376099,0.05816062561325618,0.0,0.4632377403728989,0.4883953928947449,Structure_degraded; Details_lost; Wrong_color_temp; Undersaturated; Overexposed; Shadows_remain
bremen_bremen_000102_000019_leftImg8bit.png,bremen_000102_000019_leftImg8bit.png,0.9545454545454545,1.4545454545454546,0.46540084065572335,58.61486768722534,-0.44245195388793945,-79.83296966552734,0.03652799557235294,0.0,0.431716061787193,0.4584940969944,Structure_degraded; Details_lost; Wrong_color_temp; Undersaturated; Overexposed; Shadows_remain
bremen_bremen_000103_000019_leftImg8bit.png,bremen_000103_000019_leftImg8bit.png,1.0,2.5,0.46710755614093985,57.49080419540405,-0.9514460563659668,-74.98955869674683,0.05631852918372569,0.0,0.4501351729564712,0.4522523283958435,Structure_degraded; Details_lost; Wrong_color_temp; Undersaturated; Overexposed; Shadows_remain
bremen_bremen_000104_000019_leftImg8bit.png,bremen_000104_000019_leftImg8bit.png,0.8500000000000001,1.1666666666666667,0.4772847199769263,59.803115367889404,-0.23865747451782227,-79.18851137161255,0.06978085351785762,0.0,0.4160201750191226,0.45481374859809875,Structure_degraded; Details_lost; Wrong_color_temp; Undersaturated; Overexposed; Shadows_remain
bremen_bremen_000105_000019_leftImg8bit.png,bremen_000105_000019_leftImg8bit.png,1.0,1.8571428571428572,0.4262984931936315,66.80078172683716,-0.6791820526123047,-80.42298603057861,0.028728127448409232,0.0,0.6115688597775211,0.5598470568656921,Structure_degraded; Details_lost; Wrong_color_temp; Undersaturated; Shadows_remain
bremen_bremen_000106_000019_leftImg8bit.png,bremen_000106_000019_leftImg8bit.png,0.9090909090909091,1.0,0.4276188883015354,68.54025220870972,-1.0125350952148438,-70.42949628829956,0.030540089740871912,0.0,0.7886485862226592,0.4684024155139923,Structure_degraded; Details_lost; Wrong_color_temp; Undersaturated; Shadows_remain
bremen_bremen_000107_000019_leftImg8bit.png,bremen_000107_000019_leftImg8bit.png,1.0,2.0,0.3536552942377006,67.62587594985962,-3.6144447326660156,-86.2443299293518,0.024591681789554242,0.0,0.6792393130593191,0.5292686820030212,Structure_degraded; Details_lost; Wrong_color_temp; Undersaturated; Shadows_remain
bremen_bremen_000108_000019_leftImg8bit.png,bremen_000108_000019_leftImg8bit.png,1.0,1.0,0.38093935215077585,64.30177164077759,-4.559479236602783,-78.11881065368652,0.016525758628118573,0.0,0.6770626018764618,0.5022882223129272,Structure_degraded; Details_lost; Wrong_color_temp; Undersaturated; Shadows_remain
bremen_bremen_000109_000019_leftImg8bit.png,bremen_000109_000019_leftImg8bit.png,1.0,1.0833333333333333,0.37851979739387354,60.760262966156006,-2.5910606384277344,-70.53506517410278,0.023268805712753332,0.0,0.7364137535694382,0.48883262276649475,Structure_degraded; Details_lost; Wrong_color_temp; Undersaturated; Shadows_remain
bremen_bremen_000110_000019_leftImg8bit.png,bremen_000110_000019_leftImg8bit.png,0.9416666666666667,1.25,0.41135096252208764,69.07114839553833,-1.73543119430542,-79.57211589813232,0.02603497793447451,0.0,0.7459691293667141,0.5280842185020447,Structure_degraded; Details_lost; Wrong_color_temp; Undersaturated; Shadows_remain
bremen_bremen_000111_000019_leftImg8bit.png,bremen_000111_000019_leftImg8bit.png,1.0,1.9,0.41750395621967357,63.26055145263672,-5.194177150726318,-66.54509782791138,0.03183889143503307,0.0,0.7076704822633022,0.436887264251709,Structure_degraded; Details_lost; Wrong_color_temp; Undersaturated; Shadows_remain
bremen_bremen_000112_000019_leftImg8bit.png,bremen_000112_000019_leftImg8bit.png,1.0,0.9090909090909091,0.3932227794797488,57.8003454208374,-2.30792236328125,-76.60820198059082,0.03447346351981716,0.0,0.736009389678237,0.5235616564750671,Structure_degraded; Details_lost; Wrong_color_temp; Undersaturated; Shadows_remain
bremen_bremen_000113_000019_leftImg8bit.png,bremen_000113_000019_leftImg8bit.png,0.8181818181818182,0.8181818181818182,0.42432584002400114,56.26395654678345,-2.6811866760253906,-73.84329652786255,0.042340372875754345,0.0,0.6619495395639186,0.45963361859321594,Structure_degraded; Details_lost; Wrong_color_temp; Undersaturated; Shadows_remain
bremen_bremen_000114_000019_leftImg8bit.png,bremen_000114_000019_leftImg8bit.png,1.0,1.75,0.428817363792471,60.04917001724243,-0.022501468658447266,-76.09769248962402,0.03142042117626,0.0,0.45021159996891413,0.5561692118644714,Structure_degraded; Details_lost; Wrong_color_temp; Undersaturated; Overexposed; Shadows_remain
bremen_bremen_000115_000019_leftImg8bit.png,bremen_000115_000019_leftImg8bit.png,0.8333333333333334,0.9166666666666666,0.4131749577935161,65.03143119812012,-0.007241249084472656,-70.13981866836548,0.020805926746513603,0.0,0.5353041398072913,0.5429983735084534,Structure_degraded; Details_lost; Wrong_color_temp; Undersaturated; Overexposed; Shadows_remain
bremen_bremen_000116_000019_leftImg8bit.png,bremen_000116_000019_leftImg8bit.png,1.0,1.5714285714285714,0.44114342190896894,67.58179712295532,0.07310628890991211,-67.33291244506836,0.04977469959944519,0.0,0.48706130836800443,0.5122268795967102,Structure_degraded; Details_lost; Undersaturated; Overexposed; Shadows_remain
bremen_bremen_000117_000019_leftImg8bit.png,bremen_000117_000019_leftImg8bit.png,1.0,1.0,0.38458686739968345,60.34959363937378,-3.9575090408325195,-80.3873176574707,0.0661885620317622,0.0,0.5345307821314069,0.4588877558708191,Structure_degraded; Details_lost; Wrong_color_temp; Undersaturated; Overexposed; Shadows_remain
bremen_bremen_000118_000019_leftImg8bit.png,bremen_000118_000019_leftImg8bit.png,0.8200000000000001,1.2,0.433630393076971,61.99279832839966,-0.10940122604370117,-68.95330715179443,0.026432291666659787,0.0,0.49247815046882937,0.4919643998146057,Structure_degraded; Details_lost; Wrong_color_temp; Undersaturated; Overexposed; Shadows_remain
bremen_bremen_000119_000019_leftImg8bit.png,bremen_000119_000019_leftImg8bit.png,1.0,1.0909090909090908,0.41747775225019146,61.68187093734741,-0.7154078483581543,-74.81087636947632,0.032798184899039955,0.0,0.509729710053437,0.513247549533844,Structure_degraded; Details_lost; Wrong_color_temp; Undersaturated; Overexposed; Shadows_remain
bremen_bremen_000120_000019_leftImg8bit.png,bremen_000120_000019_leftImg8bit.png,1.0,1.0,0.3705992887781143,66.68674087524414,-3.059490203857422,-79.89896774291992,0.013297775179916963,0.0,0.7164609325720642,0.4971294701099396,Structure_degraded; Details_lost; Wrong_color_temp; Undersaturated; Shadows_remain
bremen_bremen_000121_000019_leftImg8bit.png,bremen_000121_000019_leftImg8bit.png,1.0,1.3333333333333333,0.37619045743123575,62.885376930236816,-5.613664150238037,-75.38250064849854,0.03970145865257969,0.0,0.6222022913325469,0.4998655617237091,Structure_degraded; Details_lost; Wrong_color_temp; Undersaturated; Shadows_remain
bremen_bremen_000122_000019_leftImg8bit.png,bremen_000122_000019_leftImg8bit.png,1.0,1.1818181818181819,0.37676834493165184,63.367170333862305,-5.356723308563232,-85.79678392410278,0.05881422508104848,0.0,0.574733388283556,0.5196676254272461,Structure_degraded; Details_lost; Wrong_color_temp; Undersaturated; Overexposed; Shadows_remain
bremen_bremen_000123_000019_leftImg8bit.png,bremen_000123_000019_leftImg8bit.png,1.0,2.5,0.39581480909250805,68.63557577133179,-2.456235885620117,-81.41961145401001,0.033870164369901264,0.0,0.7807901478056463,0.5416086316108704,Structure_degraded; Details_lost; Wrong_color_temp; Undersaturated; Shadows_remain
bremen_bremen_000124_000019_leftImg8bit.png,bremen_000124_000019_leftImg8bit.png,0.9384615384615385,1.1538461538461537,0.3876928280920419,66.50834321975708,-1.2460637092590332,-85.16414022445679,0.037529246607381835,0.0,0.815167517824468,0.5518637299537659,Structure_degraded; Details_lost; Wrong_color_temp; Undersaturated; Shadows_remain
bremen_bremen_000125_000019_leftImg8bit.png,bremen_000125_000019_leftImg8bit.png,0.75,1.0,0.3796882386250465,59.41777563095093,-3.122568130493164,-72.99712085723877,0.02615214243120663,0.0,0.744785822106343,0.501204252243042,Structure_degraded; Details_lost; Wrong_color_temp; Undersaturated; Shadows_remain
bremen_bremen_000126_000019_leftImg8bit.png,bremen_000126_000019_leftImg8bit.png,1.0,1.0,0.3528491578908481,62.92836284637451,-7.82844877243042,-80.59347629547119,0.02312138728322973,0.0,0.8333046183232284,0.5749911069869995,Structure_degraded; Details_lost; Wrong_color_temp; Undersaturated; Shadows_remain
bremen_bremen_000127_000019_leftImg8bit.png,bremen_000127_000019_leftImg8bit.png,0.6,0.8,0.32688636644060953,59.42466497421265,-5.757065773010254,-87.82776165008545,0.025244093691493275,0.0,0.9181906470117709,0.5672963857650757,Structure_degraded; Details_lost; Wrong_color_temp; Undersaturated; Shadows_remain
bremen_bremen_000128_000019_leftImg8bit.png,bremen_000128_000019_leftImg8bit.png,1.0,1.2,0.37845857713920256,60.724791526794434,-3.9356307983398438,-81.04618644714355,0.034029389017774234,0.0,0.6938698897331209,0.5271962881088257,Structure_degraded; Details_lost; Wrong_color_temp; Undersaturated; Shadows_remain
bremen_bremen_000129_000019_leftImg8bit.png,bremen_000129_000019_leftImg8bit.png,0.8200000000000001,1.2,0.38664664701101004,68.25959253311157,-2.437849998474121,-84.74885129928589,0.04363001745198583,0.0,0.8165650550549851,0.5889806747436523,Structure_degraded; Details_lost; Wrong_color_temp; Undersaturated; Shadows_remain
bremen_bremen_000130_000019_leftImg8bit.png,bremen_000130_000019_leftImg8bit.png,0.6666666666666666,0.7777777777777778,0.37940035087877494,71.93856382369995,-0.8657302856445312,-85.01495790481567,0.030430671365933002,0.0,0.8308646798879337,0.5460458993911743,Structure_degraded; Details_lost; Wrong_color_temp; Undersaturated; Shadows_remain
bremen_bremen_000131_000019_leftImg8bit.png,bremen_000131_000019_leftImg8bit.png,1.0,2.0,0.3571441354753534,70.07256269454956,-2.6880669593811035,-86.41601896286011,0.02422490803993058,0.0,0.8525557561691379,0.5714040398597717,Structure_degraded; Details_lost; Wrong_color_temp; Undersaturated; Shadows_remain
bremen_bremen_000132_000019_leftImg8bit.png,bremen_000132_000019_leftImg8bit.png,0.8666666666666667,1.3333333333333333,0.3997638142706539,65.49436044692993,-1.4241652488708496,-75.88926219940186,0.020431905766007258,0.0,0.6372268876391818,0.4912642240524292,Structure_degraded; Details_lost; Wrong_color_temp; Undersaturated; Shadows_remain
bremen_bremen_000133_000019_leftImg8bit.png,bremen_000133_000019_leftImg8bit.png,1.0,1.8333333333333333,0.3771730165781958,67.4548134803772,-1.6709480285644531,-80.55087327957153,0.04440736105314773,0.0,0.8984249593704716,0.5297631025314331,Structure_degraded; Details_lost; Wrong_color_temp; Undersaturated; Shadows_remain
bremen_bremen_000134_000019_leftImg8bit.png,bremen_000134_000019_leftImg8bit.png,1.0,1.5,0.3850206264143746,66.00693130493164,-2.1233925819396973,-81.7607798576355,0.04125799150218748,0.0,0.7711944452110785,0.5665867924690247,Structure_degraded; Details_lost; Wrong_color_temp; Undersaturated; Shadows_remain
bremen_bremen_000135_000019_leftImg8bit.png,bremen_000135_000019_leftImg8bit.png,1.0,1.6,0.38672500400856313,69.06124687194824,-0.7455306053161621,-71.89166975021362,0.01416952054793914,0.0,0.771320181340089,0.5581439137458801,Structure_degraded; Details_lost; Wrong_color_temp; Undersaturated; Shadows_remain
bremen_bremen_000136_000019_leftImg8bit.png,bremen_000136_000019_leftImg8bit.png,1.0,1.7777777777777777,0.3663266309903078,66.97677803039551,-2.3306732177734375,-77.00410747528076,0.033536247924727855,0.0,0.8025502640506191,0.5520336627960205,Structure_degraded; Details_lost; Wrong_color_temp; Undersaturated; Shadows_remain
bremen_bremen_000137_000019_leftImg8bit.png,bremen_000137_000019_leftImg8bit.png,1.0,1.6666666666666667,0.3967951606462896,69.92247343063354,-1.7920031547546387,-80.29497003555298,0.02361881289791959,0.0,0.7647497445666063,0.505306601524353,Structure_degraded; Details_lost; Wrong_color_temp; Undersaturated; Shadows_remain
bremen_bremen_000138_000019_leftImg8bit.png,bremen_000138_000019_leftImg8bit.png,0.8666666666666667,1.3333333333333333,0.360994759311297,68.77456378936768,-1.7524399757385254,-69.96005058288574,0.021441972661478473,0.0,0.929136874116736,0.517581045627594,Structure_degraded; Details_lost; Wrong_color_temp; Undersaturated; Shadows_remain
bremen_bremen_000139_000019_leftImg8bit.png,bremen_000139_000019_leftImg8bit.png,0.65,2.5,0.3614553586080769,65.83658266067505,-3.3693714141845703,-79.23941469192505,0.02739286859258811,0.0,0.8415840732601683,0.5173646807670593,Structure_degraded; Details_lost; Wrong_color_temp; Undersaturated; Shadows_remain
bremen_bremen_000140_000019_leftImg8bit.png,bremen_000140_000019_leftImg8bit.png,0.9166666666666667,1.8333333333333333,0.37145069812513926,69.54277181625366,-1.8525505065917969,-90.21262836456299,0.029790490263330575,0.0,0.7151800311710381,0.5204880237579346,Structure_degraded; Details_lost; Wrong_color_temp; Undersaturated; Shadows_remain
bremen_bremen_000141_000019_leftImg8bit.png,bremen_000141_000019_leftImg8bit.png,1.0,2.5,0.3598520925792573,73.08364534378052,0.5210428237915039,-82.32965993881226,0.04758793422627043,0.0,0.7465449303431422,0.5637848377227783,Structure_degraded; Details_lost; Undersaturated; Shadows_remain
bremen_bremen_000142_000019_leftImg8bit.png,bremen_000142_000019_leftImg8bit.png,1.0,0.0,0.35881452445075085,63.117915630340576,-3.968012809753418,-87.86304330825806,0.03079741255937329,0.0,0.7795281734461411,0.5716637372970581,Structure_degraded; Details_lost; Wrong_color_temp; Undersaturated; Shadows_remain
bremen_bremen_000143_000019_leftImg8bit.png,bremen_000143_000019_leftImg8bit.png,1.0,0.875,0.36075746749611987,66.67285108566284,-4.721545219421387,-88.54412841796875,0.030117163110136954,0.0,0.8850136926542441,0.5210214853286743,Structure_degraded; Details_lost; Wrong_color_temp; Undersaturated; Shadows_remain
bremen_bremen_000144_000019_leftImg8bit.png,bremen_000144_000019_leftImg8bit.png,1.0,4.0,0.3571485441612437,71.56025123596191,-5.149884223937988,-88.96180582046509,0.028406242689560404,0.0,0.9182957070811468,0.5341237187385559,Structure_degraded; Details_lost; Wrong_color_temp; Undersaturated; Shadows_remain
bremen_bremen_000145_000019_leftImg8bit.png,bremen_000145_000019_leftImg8bit.png,0.8857142857142857,1.2857142857142858,0.38192107715473467,72.49299764633179,-2.7177696228027344,-78.73509645462036,0.019806635516759295,0.0,0.7634075810075458,0.5516916513442993,Structure_degraded; Details_lost; Wrong_color_temp; Undersaturated; Shadows_remain
bremen_bremen_000146_000019_leftImg8bit.png,bremen_000146_000019_leftImg8bit.png,1.0,1.4,0.3559600466277383,64.05554723739624,-3.324798107147217,-71.63225364685059,0.03476742736001128,0.0,0.7785978780366177,0.5732566118240356,Structure_degraded; Details_lost; Wrong_color_temp; Undersaturated; Shadows_remain
bremen_bremen_000147_000019_leftImg8bit.png,bremen_000147_000019_leftImg8bit.png,1.0,1.3333333333333333,0.3608151184231039,70.219069480896,-3.5618200302124023,-91.812264919281,0.0520618556700852,0.0,0.8666946090139378,0.5268688201904297,Structure_degraded; Details_lost; Wrong_color_temp; Undersaturated; Shadows_remain
bremen_bremen_000148_000019_leftImg8bit.png,bremen_000148_000019_leftImg8bit.png,1.0,1.0,0.36818696205572526,65.7932505607605,-2.792330265045166,-81.0148777961731,0.030234492798827478,0.0,0.8067381546828464,0.5235949158668518,Structure_degraded; Details_lost; Wrong_color_temp; Undersaturated; Shadows_remain
bremen_bremen_000149_000019_leftImg8bit.png,bremen_000149_000019_leftImg8bit.png,1.0,1.0,0.3846083003693692,70.80404090881348,-3.0207676887512207,-80.9313416481018,0.020137958089502715,0.0,0.8361370096633691,0.5497044324874878,Structure_degraded; Details_lost; Wrong_color_temp; Undersaturated; Shadows_remain
bremen_bremen_000150_000019_leftImg8bit.png,bremen_000150_000019_leftImg8bit.png,0.7428571428571429,1.2857142857142858,0.3591075599407893,80.32011127471924,-1.6338906288146973,-75.14416551589966,0.022133049093980145,0.0,0.8931421786595896,0.5620146989822388,Structure_degraded; Details_lost; Wrong_color_temp; Undersaturated; Shadows_remain
bremen_bremen_000151_000019_leftImg8bit.png,bremen_000151_000019_leftImg8bit.png,1.0,0.875,0.3988965291836705,70.13403129577637,-1.4938359260559082,-75.37270593643188,0.04657197032698627,0.0,0.7769128588736584,0.5369147062301636,Structure_degraded; Details_lost; Wrong_color_temp; Undersaturated; Shadows_remain
bremen_bremen_000152_000019_leftImg8bit.png,bremen_000152_000019_leftImg8bit.png,1.0,1.0,0.37249850654709205,68.06870365142822,-1.830247402191162,-88.30842304229736,0.036465830420167086,0.0,0.8429777425532835,0.5783276557922363,Structure_degraded; Details_lost; Wrong_color_temp; Undersaturated; Shadows_remain
bremen_bremen_000153_000019_leftImg8bit.png,bremen_000153_000019_leftImg8bit.png,1.0,2.25,0.38265407886272096,74.30884838104248,-1.8843097686767578,-77.59382820129395,0.025433099889414612,0.0,0.7855755974188513,0.5399976968765259,Structure_degraded; Details_lost; Wrong_color_temp; Undersaturated; Shadows_remain
bremen_bremen_000154_000019_leftImg8bit.png,bremen_000154_000019_leftImg8bit.png,1.0,2.5,0.3715446725444751,71.9935851097107,-3.0035223960876465,-90.73249578475952,0.03320636780934557,0.0,0.833382499884151,0.5576132535934448,Structure_degraded; Details_lost; Wrong_color_temp; Undersaturated; Shadows_remain
bremen_bremen_000155_000019_leftImg8bit.png,bremen_000155_000019_leftImg8bit.png,1.0,1.7142857142857142,0.3614458865318391,73.77349472045898,-1.2509222030639648,-87.71617841720581,0.023084958217262155,0.0,0.8642821242936661,0.5342138409614563,Structure_degraded; Details_lost; Wrong_color_temp; Undersaturated; Shadows_remain
bremen_bremen_000156_000019_leftImg8bit.png,bremen_000156_000019_leftImg8bit.png,1.0,1.0,0.3664965604004942,69.41097211837769,-2.3597216606140137,-85.24674320220947,0.016464083905843137,0.0,0.9316016736110895,0.5610613226890564,Structure_degraded; Details_lost; Wrong_color_temp; Undersaturated; Shadows_remain
bremen_bremen_000157_000019_leftImg8bit.png,bremen_000157_000019_leftImg8bit.png,0.7,1.3333333333333333,0.3238075584862449,67.59602451324463,-8.813004493713379,-93.94751977920532,0.01612612287599981,0.0,0.8742150831068531,0.5950405597686768,Structure_degraded; Details_lost; Wrong_color_temp; Undersaturated; Shadows_remain
bremen_bremen_000158_000019_leftImg8bit.png,bremen_000158_000019_leftImg8bit.png,1.0,1.75,0.3886348593736758,74.75594472885132,-0.7178773880004883,-87.71846532821655,0.012520690972364279,0.0,0.8045152723384243,0.5598210692405701,Structure_degraded; Details_lost; Wrong_color_temp; Undersaturated; Shadows_remain
bremen_bremen_000159_000019_leftImg8bit.png,bremen_000159_000019_leftImg8bit.png,0.7666666666666666,2.0,0.3881942092937627,73.57435083389282,-0.1163640022277832,-72.03890228271484,0.022264042614263575,0.0,0.8684041088012626,0.543248176574707,Structure_degraded; Details_lost; Wrong_color_temp; Undersaturated; Shadows_remain
bremen_bremen_000160_000019_leftImg8bit.png,bremen_000160_000019_leftImg8bit.png,0.8500000000000001,1.1666666666666667,0.3673801299312472,63.68942451477051,-1.707045555114746,-90.77915382385254,0.020627161082619676,0.0,0.7092461953912332,0.5248715281486511,Structure_degraded; Details_lost; Wrong_color_temp; Undersaturated; Shadows_remain
bremen_bremen_000161_000019_leftImg8bit.png,bremen_000161_000019_leftImg8bit.png,1.0,1.1666666666666667,0.3919213119180391,62.94803857803345,-1.9407978057861328,-77.53336238861084,0.028593062666752506,0.0,0.6029859196595868,0.528855562210083,Structure_degraded; Details_lost; Wrong_color_temp; Undersaturated; Shadows_remain
bremen_bremen_000162_000019_leftImg8bit.png,bremen_000162_000019_leftImg8bit.png,0.3333333333333333,0.3333333333333333,0.3440541801444164,61.06972885131836,-7.53450345993042,-80.37750577926636,0.019675356615834264,0.0,0.7785025273375997,0.5424610376358032,Lost_objects; Structure_degraded; Details_lost; Wrong_color_temp; Undersaturated; Shadows_remain
bremen_bremen_000163_000019_leftImg8bit.png,bremen_000163_000019_leftImg8bit.png,1.0,1.125,0.402191776780292,59.35238218307495,-3.325845241546631,-79.02484369277954,0.024065271903879613,0.0,0.4772982815581631,0.5740456581115723,Structure_degraded; Details_lost; Wrong_color_temp; Undersaturated; Overexposed; Shadows_remain
bremen_bremen_000164_000019_leftImg8bit.png,bremen_000164_000019_leftImg8bit.png,0.8999999999999999,1.4285714285714286,0.39086127221388617,56.44912624359131,-3.2839765548706055,-84.79653310775757,0.01768483557620367,0.0,0.5642489084876112,0.6016803979873657,Structure_degraded; Details_lost; Wrong_color_temp; Undersaturated; Overexposed; Shadows_remain
bremen_bremen_000165_000019_leftImg8bit.png,bremen_000165_000019_leftImg8bit.png,1.0,2.0,0.3422636750372555,61.70624399185181,-3.2735114097595215,-90.40052366256714,0.009584664536737387,0.0,0.6579004441294497,0.5995622277259827,Structure_degraded; Details_lost; Wrong_color_temp; Undersaturated; Shadows_remain
bremen_bremen_000166_000019_leftImg8bit.png,bremen_000166_000019_leftImg8bit.png,1.0,1.0,0.393323635061258,54.825329303741455,-2.0157175064086914,-84.2494535446167,0.02974249135957273,0.0,0.519678607731516,0.5777599811553955,Structure_degraded; Details_lost; Wrong_color_temp; Undersaturated; Overexposed; Shadows_remain
bremen_bremen_000167_000019_leftImg8bit.png,bremen_000167_000019_leftImg8bit.png,1.0,1.5,0.3908968662300703,56.14884901046753,-2.077521324157715,-90.71914434432983,0.05065997779511877,0.0,0.5755981888154938,0.5187245011329651,Structure_degraded; Details_lost; Wrong_color_temp; Undersaturated; Overexposed; Shadows_remain
bremen_bremen_000168_000019_leftImg8bit.png,bremen_000168_000019_leftImg8bit.png,1.0,1.0,0.45743133029496047,58.7377028465271,-1.0341606140136719,-83.92711734771729,0.033141534604123196,0.0,0.46350500105658266,0.5094301104545593,Structure_degraded; Details_lost; Wrong_color_temp; Undersaturated; Overexposed; Shadows_remain
bremen_bremen_000169_000019_leftImg8bit.png,bremen_000169_000019_leftImg8bit.png,0.6666666666666666,1.0,0.43546840872801645,58.07325744628906,-0.26377153396606445,-81.50675582885742,0.05298610122856933,0.0,0.4857070910715515,0.49840182065963745,Structure_degraded; Details_lost; Wrong_color_temp; Undersaturated; Overexposed; Shadows_remain
bremen_bremen_000170_000019_leftImg8bit.png,bremen_000170_000019_leftImg8bit.png,1.0,1.5,0.4098733247515991,58.61820697784424,-0.6422038078308105,-89.05209541320801,0.03315847419206453,0.0,0.5172380004511452,0.5619802474975586,Structure_degraded; Details_lost; Wrong_color_temp; Undersaturated; Overexposed; Shadows_remain
bremen_bremen_000171_000019_leftImg8bit.png,bremen_000171_000019_leftImg8bit.png,1.0,3.0,0.39911215056669563,69.79042530059814,-0.7856268882751465,-88.61482906341553,0.04387061701546949,0.0,0.6747826085173627,0.5626517534255981,Structure_degraded; Details_lost; Wrong_color_temp; Undersaturated; Shadows_remain
bremen_bremen_000172_000019_leftImg8bit.png,bremen_000172_000019_leftImg8bit.png,0.7857142857142857,1.7142857142857142,0.3766468026290449,65.61421155929565,-1.6828923225402832,-90.57615947723389,0.04279812468085095,0.0,0.644329364924241,0.5659860968589783,Structure_degraded; Details_lost; Wrong_color_temp; Undersaturated; Shadows_remain
bremen_bremen_000173_000019_leftImg8bit.png,bremen_000173_000019_leftImg8bit.png,0.7,0.8,0.40068193711512357,62.35843467712402,-0.8709368705749512,-83.51443004608154,0.027622594661693665,0.0,0.5306919978705034,0.5228376388549805,Structure_degraded; Details_lost; Wrong_color_temp; Undersaturated; Overexposed; Shadows_remain
bremen_bremen_000174_000019_leftImg8bit.png,bremen_000174_000019_leftImg8bit.png,1.0,1.0,0.43949598280728985,61.002352714538574,0.0005044937133789062,-86.7634744644165,0.030772438857269872,0.0,0.49854690574256844,0.512627899646759,Structure_degraded; Details_lost; Undersaturated; Overexposed; Shadows_remain
bremen_bremen_000175_000019_leftImg8bit.png,bremen_000175_000019_leftImg8bit.png,1.0,1.2857142857142858,0.416265385191483,68.45092582702637,-1.4779877662658691,-86.86614322662354,0.021264786484885258,0.0,0.650921245889629,0.5554718375205994,Structure_degraded; Details_lost; Wrong_color_temp; Undersaturated; Shadows_remain
bremen_bremen_000176_000019_leftImg8bit.png,bremen_000176_000019_leftImg8bit.png,1.0,1.6666666666666667,0.3994581187632354,63.62634611129761,-1.624779224395752,-85.51431608200073,0.028833713264731428,0.0,0.5975076364073368,0.5227043628692627,Structure_degraded; Details_lost; Wrong_color_temp; Undersaturated; Overexposed; Shadows_remain
bremen_bremen_000177_000019_leftImg8bit.png,bremen_000177_000019_leftImg8bit.png,0.875,0.875,0.41736401237603565,64.5699028968811,-1.645948886871338,-83.25836086273193,0.03204545983836791,0.0,0.6666411868211318,0.4905388355255127,Structure_degraded; Details_lost; Wrong_color_temp; Undersaturated; Shadows_remain
bremen_bremen_000178_000019_leftImg8bit.png,bremen_000178_000019_leftImg8bit.png,0.875,0.875,0.41398013246781246,66.34774351119995,-1.545727252960205,-89.21569108963013,0.038118040512279815,0.0,0.6820159453254532,0.5325449705123901,Structure_degraded; Details_lost; Wrong_color_temp; Undersaturated; Shadows_remain
bremen_bremen_000179_000019_leftImg8bit.png,bremen_000179_000019_leftImg8bit.png,1.0,1.2857142857142858,0.3897002612275404,66.6650938987732,-2.3548998832702637,-91.0450005531311,0.052938407502606026,0.0,0.668019506319657,0.5650858879089355,Structure_degraded; Details_lost; Wrong_color_temp; Undersaturated; Shadows_remain
bremen_bremen_000180_000019_leftImg8bit.png,bremen_000180_000019_leftImg8bit.png,0.875,2.25,0.3985237792971309,71.09865522384644,-0.8919320106506348,-87.90954685211182,0.03387120220961118,0.0,0.7432486590741146,0.5502516031265259,Structure_degraded; Details_lost; Wrong_color_temp; Undersaturated; Shadows_remain
bremen_bremen_000181_000019_leftImg8bit.png,bremen_000181_000019_leftImg8bit.png,1.0,1.3333333333333333,0.3836410576171469,71.31818628311157,-2.1263303756713867,-95.59506940841675,0.029166797623902577,0.0,0.7672935763309142,0.591101348400116,Structure_degraded; Details_lost; Wrong_color_temp; Undersaturated; Shadows_remain
bremen_bremen_000182_000019_leftImg8bit.png,bremen_000182_000019_leftImg8bit.png,1.0,5.0,0.3833290523772783,59.31421232223511,-2.307371139526367,-96.64506578445435,0.05279615153334167,0.0,0.7077447944191022,0.5311754941940308,Structure_degraded; Details_lost; Wrong_color_temp; Undersaturated; Shadows_remain
bremen_bremen_000183_000019_leftImg8bit.png,bremen_000183_000019_leftImg8bit.png,1.0,1.75,0.423225558564564,57.57517623901367,-0.8352179527282715,-84.00505447387695,0.05010396211157153,0.0,0.5042010932988612,0.5247408747673035,Structure_degraded; Details_lost; Wrong_color_temp; Undersaturated; Overexposed; Shadows_remain
bremen_bremen_000184_000019_leftImg8bit.png,bremen_000184_000019_leftImg8bit.png,1.0,1.6666666666666667,0.40418691705961884,64.76079559326172,-0.973538875579834,-82.92912530899048,0.03134979035347476,0.0,0.6528632742056528,0.5380407571792603,Structure_degraded; Details_lost; Wrong_color_temp; Undersaturated; Shadows_remain
bremen_bremen_000185_000019_leftImg8bit.png,bremen_000185_000019_leftImg8bit.png,0.925,2.75,0.39614110572271866,67.78579616546631,-0.815788745880127,-88.17902851104736,0.035153953272463206,0.0,0.7281603278959982,0.5149239897727966,Structure_degraded; Details_lost; Wrong_color_temp; Undersaturated; Shadows_remain
bremen_bremen_000186_000019_leftImg8bit.png,bremen_000186_000019_leftImg8bit.png,1.0,1.75,0.3672521249127911,71.688955783844,-1.8017444610595703,-78.74959135055542,0.008124674723874365,0.0,0.8105234260847012,0.5286329984664917,Structure_degraded; Details_lost; Wrong_color_temp; Undersaturated; Shadows_remain
bremen_bremen_000187_000019_leftImg8bit.png,bremen_000187_000019_leftImg8bit.png,1.0,1.0,0.4357063081001569,59.712543964385986,-0.7497539520263672,-86.02843952178955,0.039175178851509555,0.0,0.5672153873464068,0.5074776411056519,Structure_degraded; Details_lost; Wrong_color_temp; Undersaturated; Overexposed; Shadows_remain
bremen_bremen_000188_000019_leftImg8bit.png,bremen_000188_000019_leftImg8bit.png,1.0,1.0,0.3965696068144472,75.33276653289795,-0.5389761924743652,-81.86695766448975,0.02689818358966285,0.0,0.7982732437943796,0.5568327903747559,Structure_degraded; Details_lost; Wrong_color_temp; Undersaturated; Shadows_remain
bremen_bremen_000189_000019_leftImg8bit.png,bremen_000189_000019_leftImg8bit.png,0.8333333333333334,0.8333333333333334,0.3815425984165868,59.35455131530762,-3.3984265327453613,-87.63066053390503,0.03530085491060854,0.0,0.536424171468958,0.5368915796279907,Structure_degraded; Details_lost; Wrong_color_temp; Undersaturated; Overexposed; Shadows_remain
bremen_bremen_000190_000019_leftImg8bit.png,bremen_000190_000019_leftImg8bit.png,0.8333333333333334,1.0,0.3686437612880996,60.22377395629883,-5.472184658050537,-84.62347650527954,0.024702906835732702,0.0,0.6179967690785011,0.5335708856582642,Structure_degraded; Details_lost; Wrong_color_temp; Undersaturated; Shadows_remain
bremen_bremen_000191_000019_leftImg8bit.png,bremen_000191_000019_leftImg8bit.png,1.0,2.0,0.33810724157966665,62.91850519180298,-3.2491250038146973,-92.3678388595581,0.015357308226572249,0.0,0.7832837046158413,0.6372091770172119,Structure_degraded; Details_lost; Wrong_color_temp; Undersaturated; Shadows_remain
bremen_bremen_000192_000019_leftImg8bit.png,bremen_000192_000019_leftImg8bit.png,1.0,1.1428571428571428,0.382486599554752,64.11888408660889,-1.681018352508545,-79.22592449188232,0.021093364695162528,0.0,0.6654840096984417,0.5241580605506897,Structure_degraded; Details_lost; Wrong_color_temp; Undersaturated; Shadows_remain
bremen_bremen_000193_000019_leftImg8bit.png,bremen_000193_000019_leftImg8bit.png,1.0,1.5,0.3788250688279616,63.96818542480469,-2.49013090133667,-89.18025827407837,0.03070037193468111,0.0,0.7533562295778843,0.5831078886985779,Structure_degraded; Details_lost; Wrong_color_temp; Undersaturated; Shadows_remain
bremen_bremen_000194_000019_leftImg8bit.png,bremen_000194_000019_leftImg8bit.png,1.0,1.4,0.37526151615625286,69.93771600723267,-1.234457015991211,-88.6523494720459,0.036725458342992366,0.0,0.7963651490281469,0.5828887224197388,Structure_degraded; Details_lost; Wrong_color_temp; Undersaturated; Shadows_remain
bremen_bremen_000195_000019_leftImg8bit.png,bremen_000195_000019_leftImg8bit.png,1.0,1.0,0.3909939036092517,69.36793947219849,0.1342921257019043,-73.55604219436646,0.028961869076469488,0.0,0.753512588249458,0.5584365725517273,Structure_degraded; Details_lost; Undersaturated; Shadows_remain
bremen_bremen_000196_000019_leftImg8bit.png,bremen_000196_000019_leftImg8bit.png,1.0,1.0,0.3891156588479025,69.34199666976929,-1.0302972793579102,-85.64457511901855,0.04071153493488329,0.0,0.7959061095445467,0.5568961501121521,Structure_degraded; Details_lost; Wrong_color_temp; Undersaturated; Shadows_remain
bremen_bremen_000197_000019_leftImg8bit.png,bremen_000197_000019_leftImg8bit.png,1.0,3.0,0.41042314414179604,60.391478538513184,-1.3194799423217773,-78.65715265274048,0.03876464323746605,0.0,0.6838071532688184,0.5317857265472412,Structure_degraded; Details_lost; Wrong_color_temp; Undersaturated; Shadows_remain
bremen_bremen_000198_000019_leftImg8bit.png,bremen_000198_000019_leftImg8bit.png,1.0,2.3333333333333335,0.42479923728204766,66.26884126663208,0.7330565452575684,-75.7644567489624,0.03659855593556181,0.0,0.7867205648718085,0.47660312056541443,Structure_degraded; Details_lost; Undersaturated; Shadows_remain
bremen_bremen_000199_000019_leftImg8bit.png,bremen_000199_000019_leftImg8bit.png,0.8,1.5,0.3926554863214736,61.96228361129761,-2.0356550216674805,-83.83650827407837,0.02174984596425031,0.0,0.5067246688881387,0.5508241653442383,Structure_degraded; Details_lost; Wrong_color_temp; Undersaturated; Overexposed; Shadows_remain
bremen_bremen_000200_000019_leftImg8bit.png,bremen_000200_000019_leftImg8bit.png,0.42000000000000004,1.2,0.3867373719922817,62.31355905532837,-1.7576537132263184,-84.4378981590271,0.01025348903445987,0.0,0.5586807975092286,0.48556339740753174,Lost_objects; Structure_degraded; Details_lost; Wrong_color_temp; Undersaturated; Overexposed; Shadows_remain
bremen_bremen_000201_000019_leftImg8bit.png,bremen_000201_000019_leftImg8bit.png,1.0,1.6,0.3654426391053832,68.2363395690918,-3.2253780364990234,-78.4372010231018,0.010477883509356797,0.0,0.836655182260084,0.5195563435554504,Structure_degraded; Details_lost; Wrong_color_temp; Undersaturated; Shadows_remain
bremen_bremen_000202_000019_leftImg8bit.png,bremen_000202_000019_leftImg8bit.png,1.0,2.3333333333333335,0.39733683716480567,62.97084093093872,-1.505263328552246,-76.867196559906,0.028948992184278863,0.0,0.7669219833600953,0.5330544114112854,Structure_degraded; Details_lost; Wrong_color_temp; Undersaturated; Shadows_remain
bremen_bremen_000203_000019_leftImg8bit.png,bremen_000203_000019_leftImg8bit.png,1.0,1.5714285714285714,0.36449771378404444,64.84415674209595,-2.70426607131958,-76.65906572341919,0.010378287160733968,0.0,0.7050552482085923,0.5728370547294617,Structure_degraded; Details_lost; Wrong_color_temp; Undersaturated; Shadows_remain
bremen_bremen_000204_000019_leftImg8bit.png,bremen_000204_000019_leftImg8bit.png,1.0,1.5555555555555556,0.3994363592188925,64.67525291442871,-0.8165102005004883,-78.6634750366211,0.029491672244741703,0.0,0.6232699871658702,0.5598986148834229,Structure_degraded; Details_lost; Wrong_color_temp; Undersaturated; Shadows_remain
bremen_bremen_000205_000019_leftImg8bit.png,bremen_000205_000019_leftImg8bit.png,1.0,1.6666666666666667,0.41043077414274226,60.68552923202515,-1.915071964263916,-85.03948497772217,0.04356154664773197,0.0,0.5942462464836625,0.5897256135940552,Structure_degraded; Details_lost; Wrong_color_temp; Undersaturated; Overexposed; Shadows_remain
bremen_bremen_000206_000019_leftImg8bit.png,bremen_000206_000019_leftImg8bit.png,1.0,1.7142857142857142,0.4269048049413068,61.027395248413086,0.2789778709411621,-74.53019762039185,0.03417570702952462,0.0,0.5451217329956527,0.5111852884292603,Structure_degraded; Details_lost; Undersaturated; Overexposed; Shadows_remain
bremen_bremen_000207_000019_leftImg8bit.png,bremen_000207_000019_leftImg8bit.png,1.0,1.4285714285714286,0.42850064845882124,65.03280973434448,-0.3812384605407715,-68.20889568328857,0.018077873918413145,0.0,0.7428308177149615,0.4906320571899414,Structure_degraded; Details_lost; Wrong_color_temp; Undersaturated; Shadows_remain
bremen_bremen_000208_000019_leftImg8bit.png,bremen_000208_000019_leftImg8bit.png,1.0,1.5,0.39431728789231657,67.58421754837036,-1.503699779510498,-86.76557922363281,0.0229107003384469,0.0,0.7744405808250471,0.556750476360321,Structure_degraded; Details_lost; Wrong_color_temp; Undersaturated; Shadows_remain
bremen_bremen_000209_000019_leftImg8bit.png,bremen_000209_000019_leftImg8bit.png,1.0,1.375,0.42002909019417284,59.918238162994385,-2.4285640716552734,-74.76991558074951,0.026689381033496804,0.0,0.6490687035291445,0.4893764853477478,Structure_degraded; Details_lost; Wrong_color_temp; Undersaturated; Shadows_remain
bremen_bremen_000210_000019_leftImg8bit.png,bremen_000210_000019_leftImg8bit.png,1.0,1.125,0.4289591280539163,63.72869634628296,-1.7036046981811523,-79.57738542556763,0.036001542529738875,0.0,0.5621370195580953,0.49935728311538696,Structure_degraded; Details_lost; Wrong_color_temp; Undersaturated; Overexposed; Shadows_remain
bremen_bremen_000211_000019_leftImg8bit.png,bremen_000211_000019_leftImg8bit.png,0.8888888888888888,1.0,0.38640447260788086,59.38729190826416,-3.0449271202087402,-81.38369846343994,0.017212490479811972,0.0,0.7208689819313763,0.4995010495185852,Structure_degraded; Details_lost; Wrong_color_temp; Undersaturated; Shadows_remain
bremen_bremen_000212_000019_leftImg8bit.png,bremen_000212_000019_leftImg8bit.png,1.0,2.0,0.3785850258921791,63.079484939575195,-4.719583034515381,-88.18809795379639,0.037282768500004795,0.0,0.6271953522744589,0.5804445147514343,Structure_degraded; Details_lost; Wrong_color_temp; Undersaturated; Shadows_remain
bremen_bremen_000213_000019_leftImg8bit.png,bremen_000213_000019_leftImg8bit.png,1.0,2.5,0.3728351521804939,60.939138412475586,-4.708709716796875,-83.56270122528076,0.04788486698645971,0.0,0.70607040702212,0.5479673147201538,Structure_degraded; Details_lost; Wrong_color_temp; Undersaturated; Shadows_remain
bremen_bremen_000214_000019_leftImg8bit.png,bremen_000214_000019_leftImg8bit.png,1.0,1.5714285714285714,0.42310562198520596,56.25305128097534,-1.2817721366882324,-70.29027557373047,0.043243811978840196,0.0,0.5058760500263382,0.5506584048271179,Structure_degraded; Details_lost; Wrong_color_temp; Undersaturated; Overexposed; Shadows_remain
bremen_bremen_000215_000019_leftImg8bit.png,bremen_000215_000019_leftImg8bit.png,1.0,1.1666666666666667,0.40366841445838836,59.93955993652344,-1.8522324562072754,-74.51517152786255,0.03508159759500884,0.0,0.5957300471638072,0.5221607685089111,Structure_degraded; Details_lost; Wrong_color_temp; Undersaturated; Overexposed; Shadows_remain
bremen_bremen_000216_000019_leftImg8bit.png,bremen_000216_000019_leftImg8bit.png,0.64,1.4,0.4350740994078887,58.57170867919922,-0.92431640625,-72.24152851104736,0.03846007242232191,0.0,0.5288039914605631,0.5457805395126343,Structure_degraded; Details_lost; Wrong_color_temp; Undersaturated; Overexposed; Shadows_remain
bremen_bremen_000217_000019_leftImg8bit.png,bremen_000217_000019_leftImg8bit.png,0.9,2.0,0.41509838554705,57.94318151473999,-1.5678319931030273,-87.67459487915039,0.022231575725100546,0.0,0.5399075546647634,0.5518545508384705,Structure_degraded; Details_lost; Wrong_color_temp; Undersaturated; Overexposed; Shadows_remain
bremen_bremen_000218_000019_leftImg8bit.png,bremen_000218_000019_leftImg8bit.png,1.0,2.1666666666666665,0.4362547677745977,61.79672336578369,-0.9548759460449219,-70.38060474395752,0.04173169573181729,0.0,0.5868984330158206,0.5250742435455322,Structure_degraded; Details_lost; Wrong_color_temp; Undersaturated; Overexposed; Shadows_remain
bremen_bremen_000219_000019_leftImg8bit.png,bremen_000219_000019_leftImg8bit.png,1.0,2.375,0.4299877119395745,61.95380258560181,-1.0674166679382324,-76.34018802642822,0.04730983302410248,0.0,0.5488854807986461,0.5570908188819885,Structure_degraded; Details_lost; Wrong_color_temp; Undersaturated; Overexposed; Shadows_remain
bremen_bremen_000220_000019_leftImg8bit.png,bremen_000220_000019_leftImg8bit.png,0.8500000000000001,1.1666666666666667,0.44420925592251603,57.384910106658936,-0.28101396560668945,-81.83126258850098,0.03503962018120464,0.0,0.5677772642729852,0.4953662157058716,Structure_degraded; Details_lost; Wrong_color_temp; Undersaturated; Overexposed; Shadows_remain
bremen_bremen_000221_000019_leftImg8bit.png,bremen_000221_000019_leftImg8bit.png,1.0,2.2,0.4183846117064707,63.552226543426514,-0.7713308334350586,-79.97298526763916,0.037150461190697016,0.0,0.5510357110972119,0.5336490869522095,Structure_degraded; Details_lost; Wrong_color_temp; Undersaturated; Overexposed; Shadows_remain
bremen_bremen_000222_000019_leftImg8bit.png,bremen_000222_000019_leftImg8bit.png,1.0,1.6,0.4379902296776856,57.422454833984375,-0.3920741081237793,-73.0216007232666,0.05068073010171653,0.0,0.5299490330093983,0.49695226550102234,Structure_degraded; Details_lost; Wrong_color_temp; Undersaturated; Overexposed; Shadows_remain
bremen_bremen_000223_000019_leftImg8bit.png,bremen_000223_000019_leftImg8bit.png,1.0,1.4,0.45395934141351946,57.92676639556885,-0.21956539154052734,-74.20514488220215,0.033690277135425065,0.0,0.5517810266737087,0.5200481414794922,Structure_degraded; Details_lost; Wrong_color_temp; Undersaturated; Overexposed; Shadows_remain
bremen_bremen_000224_000019_leftImg8bit.png,bremen_000224_000019_leftImg8bit.png,0.9928571428571429,1.6428571428571428,0.42397405703328267,61.27938270568848,-0.4157829284667969,-79.4017424583435,0.038577456298960755,0.0,0.6420505829627099,0.5466766357421875,Structure_degraded; Details_lost; Wrong_color_temp; Undersaturated; Shadows_remain
bremen_bremen_000225_000019_leftImg8bit.png,bremen_000225_000019_leftImg8bit.png,1.0,1.7,0.45001916879392906,60.23210859298706,-1.3367533683776855,-74.57995223999023,0.033934407096161905,0.0,0.6391209606993684,0.4997653067111969,Structure_degraded; Details_lost; Wrong_color_temp; Undersaturated; Shadows_remain
bremen_bremen_000226_000019_leftImg8bit.png,bremen_000226_000019_leftImg8bit.png,1.0,1.3333333333333333,0.3487281963450075,59.49713087081909,-2.9405722618103027,-78.07142543792725,0.015302992023670805,0.0,0.8338463280366673,0.584858775138855,Structure_degraded; Details_lost; Wrong_color_temp; Undersaturated; Shadows_remain
bremen_bremen_000227_000019_leftImg8bit.png,bremen_000227_000019_leftImg8bit.png,1.0,1.1538461538461537,0.43029532100757584,60.507872581481934,-1.401008129119873,-78.23215389251709,0.03831123070022477,0.0,0.5290005384972688,0.5449569821357727,Structure_degraded; Details_lost; Wrong_color_temp; Undersaturated; Overexposed; Shadows_remain
bremen_bremen_000228_000019_leftImg8bit.png,bremen_000228_000019_leftImg8bit.png,1.0,1.7142857142857142,0.43618834488296254,57.899402141571045,-1.721695899963379,-81.73808336257935,0.04389089976343265,0.0,0.565606128656078,0.52078777551651,Structure_degraded; Details_lost; Wrong_color_temp; Undersaturated; Overexposed; Shadows_remain
bremen_bremen_000229_000019_leftImg8bit.png,bremen_000229_000019_leftImg8bit.png,1.0,2.2857142857142856,0.4305492755059032,58.998085021972656,-1.1420392990112305,-81.88917112350464,0.02392502096058692,0.0,0.6285547072551021,0.5381852388381958,Structure_degraded; Details_lost; Wrong_color_temp; Undersaturated; Shadows_remain
bremen_bremen_000230_000019_leftImg8bit.png,bremen_000230_000019_leftImg8bit.png,1.0,2.0,0.41373359521295916,62.261744022369385,-0.6938552856445312,-81.7151575088501,0.022426542128807927,0.0,0.6422597424482075,0.5237600803375244,Structure_degraded; Details_lost; Wrong_color_temp; Undersaturated; Shadows_remain
bremen_bremen_000231_000019_leftImg8bit.png,bremen_000231_000019_leftImg8bit.png,1.0,2.6666666666666665,0.39526711420595395,67.513014793396,-0.8307909965515137,-80.46935367584229,0.03486065655061248,0.0,0.7253161006175854,0.5806553959846497,Structure_degraded; Details_lost; Wrong_color_temp; Undersaturated; Shadows_remain
bremen_bremen_000232_000019_leftImg8bit.png,bremen_000232_000019_leftImg8bit.png,1.0,1.5,0.4041470776756156,65.37154340744019,-0.9677119255065918,-82.3389139175415,0.03084682771434518,0.0,0.6563782045783486,0.544459342956543,Structure_degraded; Details_lost; Wrong_color_temp; Undersaturated; Shadows_remain
bremen_bremen_000233_000019_leftImg8bit.png,bremen_000233_000019_leftImg8bit.png,1.0,1.6666666666666667,0.4028854095280583,65.99586868286133,-1.3270812034606934,-81.96384191513062,0.02657551977994233,0.0,0.7194906599468411,0.5961645245552063,Structure_degraded; Details_lost; Wrong_color_temp; Undersaturated; Shadows_remain
bremen_bremen_000234_000019_leftImg8bit.png,bremen_000234_000019_leftImg8bit.png,1.0,2.2,0.38930385250431454,74.10393381118774,-0.35699892044067383,-76.2522964477539,0.02718686961304457,0.0,0.7895096259057038,0.5797109603881836,Structure_degraded; Details_lost; Wrong_color_temp; Undersaturated; Shadows_remain
bremen_bremen_000235_000019_leftImg8bit.png,bremen_000235_000019_leftImg8bit.png,1.0,1.0,0.3979131952767738,65.18018436431885,-1.323864459991455,-72.3884801864624,0.014351759934193395,0.0,0.7263680756349553,0.5549825429916382,Structure_degraded; Details_lost; Wrong_color_temp; Undersaturated; Shadows_remain
bremen_bremen_000236_000019_leftImg8bit.png,bremen_000236_000019_leftImg8bit.png,1.0,1.125,0.4233068774507718,67.3557677268982,-1.2094841003417969,-75.95034217834473,0.01789931988275294,0.0,0.6659056634508493,0.563327431678772,Structure_degraded; Details_lost; Wrong_color_temp; Undersaturated; Shadows_remain
bremen_bremen_000237_000019_leftImg8bit.png,bremen_000237_000019_leftImg8bit.png,0.9,1.25,0.3754072437475051,68.01419734954834,-0.8477697372436523,-87.40282917022705,0.03097445172958129,0.0,0.7829417155317958,0.5901744365692139,Structure_degraded; Details_lost; Wrong_color_temp; Undersaturated; Shadows_remain
bremen_bremen_000238_000019_leftImg8bit.png,bremen_000238_000019_leftImg8bit.png,1.0,1.4,0.402892455671061,68.21917295455933,-1.261486530303955,-85.70001459121704,0.026455510801895996,0.0,0.7001803114828931,0.4784906804561615,Structure_degraded; Details_lost; Wrong_color_temp; Undersaturated; Shadows_remain
bremen_bremen_000239_000019_leftImg8bit.png,bremen_000239_000019_leftImg8bit.png,0.8,1.5,0.414444546673137,67.52960014343262,0.08633661270141602,-75.15323495864868,0.026966887417211403,0.0,0.6834777832250949,0.5082105994224548,Structure_degraded; Details_lost; Undersaturated; Shadows_remain
bremen_bremen_000240_000019_leftImg8bit.png,bremen_000240_000019_leftImg8bit.png,0.9166666666666666,1.0,0.3948728752044785,72.60374021530151,-1.2004103660583496,-91.88030099868774,0.0335437019105981,0.0,0.7290559524143172,0.5282428860664368,Structure_degraded; Details_lost; Wrong_color_temp; Undersaturated; Shadows_remain
bremen_bremen_000241_000019_leftImg8bit.png,bremen_000241_000019_leftImg8bit.png,0.8181818181818182,1.0,0.3939528188070253,66.22137069702148,-1.2498469352722168,-83.22946405410767,0.032525330255218025,0.0,0.72394835417666,0.5558663606643677,Structure_degraded; Details_lost; Wrong_color_temp; Undersaturated; Shadows_remain
bremen_bremen_000242_000019_leftImg8bit.png,bremen_000242_000019_leftImg8bit.png,0.6,1.0,0.39562759050039786,60.25233268737793,-1.5780539512634277,-83.0110673904419,0.032702673371185216,0.0,0.6722813066596343,0.5345771908760071,Structure_degraded; Details_lost; Wrong_color_temp; Undersaturated; Shadows_remain
bremen_bremen_000243_000019_leftImg8bit.png,bremen_000243_000019_leftImg8bit.png,1.0,0.875,0.40530962053803443,67.16974020004272,-2.990926742553711,-83.93207931518555,0.019462859085495082,0.0,0.7592169899114,0.5660808086395264,Structure_degraded; Details_lost; Wrong_color_temp; Undersaturated; Shadows_remain
bremen_bremen_000244_000019_leftImg8bit.png,bremen_000244_000019_leftImg8bit.png,1.0,5.0,0.3922989331142433,68.9672646522522,-2.233604907989502,-92.63215827941895,0.015546900357021894,0.0,0.7057056926396603,0.5208752155303955,Structure_degraded; Details_lost; Wrong_color_temp; Undersaturated; Shadows_remain
bremen_bremen_000245_000019_leftImg8bit.png,bremen_000245_000019_leftImg8bit.png,1.0,1.1111111111111112,0.4027261216135034,61.471474170684814,-2.930356025695801,-88.95854234695435,0.028251143618351116,0.0,0.7079507271374197,0.4890099763870239,Structure_degraded; Details_lost; Wrong_color_temp; Undersaturated; Shadows_remain
bremen_bremen_000246_000019_leftImg8bit.png,bremen_000246_000019_leftImg8bit.png,0.8181818181818182,1.0,0.40349950600610485,63.27438688278198,-1.4926834106445312,-88.28950309753418,0.023418329243565718,0.0,0.7215133360025023,0.5048011541366577,Structure_degraded; Details_lost; Wrong_color_temp; Undersaturated; Shadows_remain
bremen_bremen_000247_000019_leftImg8bit.png,bremen_000247_000019_leftImg8bit.png,1.0,1.3333333333333333,0.416171246225108,69.91273546218872,-1.402407169342041,-82.9074559211731,0.021373746428365353,0.0,0.7478044280967959,0.5266711711883545,Structure_degraded; Details_lost; Wrong_color_temp; Undersaturated; Shadows_remain
bremen_bremen_000248_000019_leftImg8bit.png,bremen_000248_000019_leftImg8bit.png,0.7846153846153847,1.1538461538461537,0.40331442923055505,67.44901847839355,-1.1678466796875,-81.74759531021118,0.022294938917970707,0.0,0.7735322382813061,0.5312638282775879,Structure_degraded; Details_lost; Wrong_color_temp; Undersaturated; Shadows_remain
bremen_bremen_000249_000019_leftImg8bit.png,bremen_000249_000019_leftImg8bit.png,1.0,1.0909090909090908,0.4288001293355751,69.29642963409424,-2.0720067024230957,-78.55138778686523,0.03192940455974392,0.0,0.7825107933280759,0.4965610206127167,Structure_degraded; Details_lost; Wrong_color_temp; Undersaturated; Shadows_remain
bremen_bremen_000250_000019_leftImg8bit.png,bremen_000250_000019_leftImg8bit.png,1.0,1.2,0.39912819321051946,69.65179777145386,-0.8950099945068359,-82.03013277053833,0.02493087773559564,0.0,0.7759220346027104,0.5107242465019226,Structure_degraded; Details_lost; Wrong_color_temp; Undersaturated; Shadows_remain
bremen_bremen_000251_000019_leftImg8bit.png,bremen_000251_000019_leftImg8bit.png,0.7333333333333333,1.6666666666666667,0.3667378630262792,67.93014717102051,-4.684299945831299,-81.20980262756348,0.03901701995287783,0.0,0.8852929102391125,0.5615310668945312,Structure_degraded; Details_lost; Wrong_color_temp; Undersaturated; Shadows_remain
bremen_bremen_000252_000019_leftImg8bit.png,bremen_000252_000019_leftImg8bit.png,0.7,1.3333333333333333,0.39802005225979964,61.918405532836914,-2.284538745880127,-89.02589559555054,0.04047747008739273,0.0,0.7681856270069018,0.570499062538147,Structure_degraded; Details_lost; Wrong_color_temp; Undersaturated; Shadows_remain
bremen_bremen_000253_000019_leftImg8bit.png,bremen_000253_000019_leftImg8bit.png,1.0,1.3333333333333333,0.40655842384179147,66.59233903884888,-0.553248405456543,-84.40082788467407,0.04913895486934408,0.0,0.6570949600195246,0.5153552889823914,Structure_degraded; Details_lost; Wrong_color_temp; Undersaturated; Shadows_remain
bremen_bremen_000254_000019_leftImg8bit.png,bremen_000254_000019_leftImg8bit.png,0.9125,1.375,0.4012061814865853,62.41832399368286,-1.1237802505493164,-82.7408299446106,0.04207699194269321,0.0,0.7119433351307697,0.5334610342979431,Structure_degraded; Details_lost; Wrong_color_temp; Undersaturated; Shadows_remain
bremen_bremen_000255_000019_leftImg8bit.png,bremen_000255_000019_leftImg8bit.png,1.0,2.25,0.3819525869385793,73.94825315475464,0.43170166015625,-89.53690004348755,0.04453833630512267,0.0,0.7402088528865031,0.5329613089561462,Structure_degraded; Details_lost; Undersaturated; Shadows_remain
bremen_bremen_000256_000019_leftImg8bit.png,bremen_000256_000019_leftImg8bit.png,1.0,1.0,0.40938503829776357,62.80288076400757,-1.6132373809814453,-75.75918197631836,0.042850361042389915,0.0,0.7429247174715508,0.4905886650085449,Structure_degraded; Details_lost; Wrong_color_temp; Undersaturated; Shadows_remain
bremen_bremen_000257_000019_leftImg8bit.png,bremen_000257_000019_leftImg8bit.png,1.0,1.6,0.37294683064754297,60.7581467628479,-2.9572386741638184,-82.34152698516846,0.04617820642002413,0.0,0.7418690316535567,0.5248506665229797,Structure_degraded; Details_lost; Wrong_color_temp; Undersaturated; Shadows_remain
bremen_bremen_000258_000019_leftImg8bit.png,bremen_000258_000019_leftImg8bit.png,1.0,1.5454545454545454,0.38276378006181716,64.54689264297485,-0.8662867546081543,-77.04495334625244,0.027228760727956384,0.0,0.7371696812989371,0.5368291735649109,Structure_degraded; Details_lost; Wrong_color_temp; Undersaturated; Shadows_remain
bremen_bremen_000259_000019_leftImg8bit.png,bremen_000259_000019_leftImg8bit.png,1.0,1.1666666666666667,0.4148566499528197,59.07989692687988,-0.7418069839477539,-74.83191919326782,0.025605895095438782,0.0,0.7149742368027514,0.49122142791748047,Structure_degraded; Details_lost; Wrong_color_temp; Undersaturated; Shadows_remain
bremen_bremen_000260_000019_leftImg8bit.png,bremen_000260_000019_leftImg8bit.png,1.0,1.75,0.39879714964915747,63.869598388671875,-2.0315704345703125,-77.40833139419556,0.03445238574591442,0.0,0.7282691884916123,0.5047937631607056,Structure_degraded; Details_lost; Wrong_color_temp; Undersaturated; Shadows_remain
bremen_bremen_000261_000019_leftImg8bit.png,bremen_000261_000019_leftImg8bit.png,1.0,2.3333333333333335,0.39979237452251637,60.00589942932129,-1.2940073013305664,-98.35376787185669,0.04276016516199777,0.0,0.8155283990882732,0.4923298954963684,Structure_degraded; Details_lost; Wrong_color_temp; Undersaturated; Shadows_remain
bremen_bremen_000262_000019_leftImg8bit.png,bremen_000262_000019_leftImg8bit.png,1.0,2.0,0.3827290085441756,68.89460611343384,-1.360414981842041,-78.38552141189575,0.02081953523194609,0.0,0.7844896509374277,0.5367472171783447,Structure_degraded; Details_lost; Wrong_color_temp; Undersaturated; Shadows_remain
bremen_bremen_000263_000019_leftImg8bit.png,bremen_000263_000019_leftImg8bit.png,1.0,1.0,0.39368149051561346,64.04521179199219,-1.2610788345336914,-84.72156715393066,0.023748699025440557,0.0,0.8236458699233804,0.5743284821510315,Structure_degraded; Details_lost; Wrong_color_temp; Undersaturated; Shadows_remain
bremen_bremen_000264_000019_leftImg8bit.png,bremen_000264_000019_leftImg8bit.png,1.0,2.0,0.37915128694631284,64.50466442108154,-2.200775146484375,-77.86778354644775,0.027274799301028878,0.0,0.7884397628327425,0.5497449636459351,Structure_degraded; Details_lost; Wrong_color_temp; Undersaturated; Shadows_remain
bremen_bremen_000265_000019_leftImg8bit.png,bremen_000265_000019_leftImg8bit.png,1.0,1.2222222222222223,0.37122710347855575,75.22478771209717,-1.0215482711791992,-70.78399229049683,0.027909249137369717,0.0,0.8687616936725411,0.5225594639778137,Structure_degraded; Details_lost; Wrong_color_temp; Undersaturated; Shadows_remain
bremen_bremen_000266_000019_leftImg8bit.png,bremen_000266_000019_leftImg8bit.png,1.0,2.25,0.37006999118098166,75.66411828994751,-0.8659210205078125,-73.28871870040894,0.030404165136992154,0.0,0.8507396562752949,0.5479605197906494,Structure_degraded; Details_lost; Wrong_color_temp; Undersaturated; Shadows_remain
bremen_bremen_000267_000019_leftImg8bit.png,bremen_000267_000019_leftImg8bit.png,0.65,2.5,0.3502733886150771,69.8589448928833,-0.916107177734375,-80.80726718902588,0.008144718792864615,0.0,0.8317067091026547,0.6030139923095703,Structure_degraded; Details_lost; Wrong_color_temp; Undersaturated; Shadows_remain
bremen_bremen_000268_000019_leftImg8bit.png,bremen_000268_000019_leftImg8bit.png,0.6666666666666666,1.0,0.3851242743086431,65.99963331222534,-2.855208396911621,-78.6463623046875,0.02277355585356808,0.0,0.7804574098537047,0.5234529376029968,Structure_degraded; Details_lost; Wrong_color_temp; Undersaturated; Shadows_remain
bremen_bremen_000269_000019_leftImg8bit.png,bremen_000269_000019_leftImg8bit.png,1.0,1.2857142857142858,0.36602490847966906,75.93522787094116,-1.2826895713806152,-78.53258085250854,0.02035702131608441,0.0,0.8444095530961708,0.5647025108337402,Structure_degraded; Details_lost; Wrong_color_temp; Undersaturated; Shadows_remain
bremen_bremen_000270_000019_leftImg8bit.png,bremen_000270_000019_leftImg8bit.png,0.65,1.25,0.4327108797118857,63.5457820892334,0.048010826110839844,-69.54978942871094,0.02993768074618959,0.0,0.6801228556400184,0.5096966624259949,Structure_degraded; Details_lost; Undersaturated; Shadows_remain
bremen_bremen_000271_000019_leftImg8bit.png,bremen_000271_000019_leftImg8bit.png,1.0,1.6,0.41867063581199004,65.7662239074707,-0.6110754013061523,-68.60270595550537,0.03413165550367562,0.0,0.7423926746730785,0.5854000449180603,Structure_degraded; Details_lost; Wrong_color_temp; Undersaturated; Shadows_remain
bremen_bremen_000272_000019_leftImg8bit.png,bremen_000272_000019_leftImg8bit.png,0.5,0.5,0.3802683149681299,69.71755647659302,-0.3059506416320801,-73.52882385253906,0.01006076587938258,0.0,0.7414485359151025,0.5691099166870117,Structure_degraded; Details_lost; Wrong_color_temp; Undersaturated; Shadows_remain
bremen_bremen_000273_000019_leftImg8bit.png,bremen_000273_000019_leftImg8bit.png,1.0,1.8,0.3944840673767842,66.224862575531,-0.5839238166809082,-84.96239948272705,0.03474167444754328,0.0,0.7799339963956035,0.5094786882400513,Structure_degraded; Details_lost; Wrong_color_temp; Undersaturated; Shadows_remain
bremen_bremen_000274_000019_leftImg8bit.png,bremen_000274_000019_leftImg8bit.png,1.0,1.1538461538461537,0.384026979124197,57.810368061065674,-0.45148324966430664,-80.48774766921997,0.02127977860053806,0.0,0.6801295655712095,0.5807114839553833,Structure_degraded; Details_lost; Wrong_color_temp; Undersaturated; Shadows_remain
bremen_bremen_000275_000019_leftImg8bit.png,bremen_000275_000019_leftImg8bit.png,0.9444444444444444,1.5555555555555556,0.41581517207525376,54.52579593658447,-0.8028397560119629,-74.25710487365723,0.026293575113326154,0.0,0.5939020822296038,0.5681139230728149,Structure_degraded; Details_lost; Wrong_color_temp; Undersaturated; Overexposed; Shadows_remain
bremen_bremen_000276_000019_leftImg8bit.png,bremen_000276_000019_leftImg8bit.png,0.9166666666666666,1.0,0.3752877422370383,58.50960063934326,-1.9985270500183105,-78.08400821685791,0.024935204218421388,0.0,0.6863076697431514,0.5574701428413391,Structure_degraded; Details_lost; Wrong_color_temp; Undersaturated; Shadows_remain
bremen_bremen_000277_000019_leftImg8bit.png,bremen_000277_000019_leftImg8bit.png,0.8,0.9,0.3886989266289583,66.52457332611084,-1.3899197578430176,-80.95318746566772,0.02592668070556214,0.0,0.7636845817343465,0.546295702457428,Structure_degraded; Details_lost; Wrong_color_temp; Undersaturated; Shadows_remain
bremen_bremen_000278_000019_leftImg8bit.png,bremen_000278_000019_leftImg8bit.png,1.0,1.5,0.3883764557372174,59.13810062408447,-1.7673282623291016,-74.39671087265015,0.02532783814161659,0.0,0.6312131018797025,0.5688029527664185,Structure_degraded; Details_lost; Wrong_color_temp; Undersaturated; Shadows_remain
bremen_bremen_000279_000019_leftImg8bit.png,bremen_000279_000019_leftImg8bit.png,1.0,1.6,0.39341827460042816,60.22896718978882,-3.6914281845092773,-79.09985637664795,0.025399909064600216,0.0,0.6358819860822937,0.557826042175293,Structure_degraded; Details_lost; Wrong_color_temp; Undersaturated; Shadows_remain
bremen_bremen_000280_000019_leftImg8bit.png,bremen_000280_000019_leftImg8bit.png,0.825,1.75,0.43396928054593265,61.53620100021362,-1.1749534606933594,-74.88902997970581,0.05423367849010272,0.0,0.47753537749676567,0.5267743468284607,Structure_degraded; Details_lost; Wrong_color_temp; Undersaturated; Overexposed; Shadows_remain
bremen_bremen_000281_000019_leftImg8bit.png,bremen_000281_000019_leftImg8bit.png,1.0,1.0,0.4098322159589982,61.24232578277588,-0.6255307197570801,-88.77574253082275,0.026003483332647737,0.0,0.6107111349308619,0.5375576019287109,Structure_degraded; Details_lost; Wrong_color_temp; Undersaturated; Shadows_remain
bremen_bremen_000282_000019_leftImg8bit.png,bremen_000282_000019_leftImg8bit.png,1.0,1.0,0.3801882065923468,65.42641258239746,-2.2923521995544434,-74.99248361587524,0.028551604509964076,0.0,0.5614754485258513,0.49100297689437866,Structure_degraded; Details_lost; Wrong_color_temp; Undersaturated; Overexposed; Shadows_remain
bremen_bremen_000283_000019_leftImg8bit.png,bremen_000283_000019_leftImg8bit.png,1.0,1.3333333333333333,0.3859312040414098,64.67912149429321,-3.2944717407226562,-75.669677734375,0.034510461420226166,0.0,0.586912546379436,0.5555969476699829,Structure_degraded; Details_lost; Wrong_color_temp; Undersaturated; Overexposed; Shadows_remain
bremen_bremen_000284_000019_leftImg8bit.png,bremen_000284_000019_leftImg8bit.png,1.0,1.0,0.36697833976472943,66.66918563842773,-1.004389762878418,-70.86076974868774,0.012494770603817462,0.0,0.7670531468427452,0.572541356086731,Structure_degraded; Details_lost; Wrong_color_temp; Undersaturated; Shadows_remain
bremen_bremen_000285_000019_leftImg8bit.png,bremen_000285_000019_leftImg8bit.png,0.8363636363636364,1.1818181818181819,0.33935361235622385,61.632856369018555,-1.5569539070129395,-82.44853496551514,0.023589586991364382,0.0,0.7886121955311951,0.553411602973938,Structure_degraded; Details_lost; Wrong_color_temp; Undersaturated; Shadows_remain
bremen_bremen_000286_000019_leftImg8bit.png,bremen_000286_000019_leftImg8bit.png,1.0,2.0,0.4449181041835288,56.897013664245605,-0.4928398132324219,-86.07827568054199,0.0917414591777317,0.0,0.4126389007827086,0.5221540927886963,Structure_degraded; Details_lost; Wrong_color_temp; Undersaturated; Overexposed; Shadows_remain
bremen_bremen_000287_000019_leftImg8bit.png,bremen_000287_000019_leftImg8bit.png,0.9,1.6666666666666667,0.397514922105266,61.57934236526489,-0.5023617744445801,-81.60618162155151,0.02107173463728332,0.0,0.5858590939309891,0.5542030334472656,Structure_degraded; Details_lost; Wrong_color_temp; Undersaturated; Overexposed; Shadows_remain
bremen_bremen_000288_000019_leftImg8bit.png,bremen_000288_000019_leftImg8bit.png,1.0,2.25,0.39515121353021715,60.78265619277954,-0.9652485847473145,-85.40859794616699,0.04552828510123736,0.0,0.7023404783902749,0.5620518922805786,Structure_degraded; Details_lost; Wrong_color_temp; Undersaturated; Shadows_remain
bremen_bremen_000289_000019_leftImg8bit.png,bremen_000289_000019_leftImg8bit.png,1.0,1.2727272727272727,0.40442397507058203,62.216389179229736,-1.617372989654541,-71.85938167572021,0.01867434513991259,0.0,0.6261417562284843,0.5210251212120056,Structure_degraded; Details_lost; Wrong_color_temp; Undersaturated; Shadows_remain
bremen_bremen_000290_000019_leftImg8bit.png,bremen_000290_000019_leftImg8bit.png,1.0,1.4,0.3775735950011331,69.96327495574951,-1.6563596725463867,-88.7386589050293,0.013008672448291634,0.0,0.7778613205039114,0.5692486763000488,Structure_degraded; Details_lost; Wrong_color_temp; Undersaturated; Shadows_remain
bremen_bremen_000291_000019_leftImg8bit.png,bremen_000291_000019_leftImg8bit.png,0.5,0.6666666666666666,0.3715907385295765,63.9737114906311,-5.776463031768799,-81.57047700881958,0.039537898429144604,0.0,0.7742999312563956,0.5407379865646362,Structure_degraded; Details_lost; Wrong_color_temp; Undersaturated; Shadows_remain
bremen_bremen_000292_000019_leftImg8bit.png,bremen_000292_000019_leftImg8bit.png,1.0,1.1666666666666667,0.35229185391698264,66.54674768447876,-2.484151840209961,-90.3854398727417,0.015520253524553886,0.0,0.8149350921281576,0.5971605777740479,Structure_degraded; Details_lost; Wrong_color_temp; Undersaturated; Shadows_remain
bremen_bremen_000293_000019_leftImg8bit.png,bremen_000293_000019_leftImg8bit.png,1.0,1.1818181818181819,0.427776486361586,58.57844161987305,-0.4599447250366211,-75.03404998779297,0.04349433787841761,0.0,0.4785952983571744,0.5525296926498413,Structure_degraded; Details_lost; Wrong_color_temp; Undersaturated; Overexposed; Shadows_remain
bremen_bremen_000294_000019_leftImg8bit.png,bremen_000294_000019_leftImg8bit.png,1.0,1.8571428571428572,0.39493240397669044,64.68049001693726,-5.6241583824157715,-76.00599575042725,0.0528500952473732,0.0,0.5200661535073866,0.5744651556015015,Structure_degraded; Details_lost; Wrong_color_temp; Undersaturated; Overexposed; Shadows_remain
bremen_bremen_000295_000019_leftImg8bit.png,bremen_000295_000019_leftImg8bit.png,1.0,1.3333333333333333,0.3936629460213273,66.76028680801392,-1.9510436058044434,-87.72213554382324,0.022146459665824535,0.0,0.6586297778900434,0.5550386309623718,Structure_degraded; Details_lost; Wrong_color_temp; Undersaturated; Shadows_remain
bremen_bremen_000296_000019_leftImg8bit.png,bremen_000296_000019_leftImg8bit.png,0.8200000000000001,1.2,0.41626664059041474,60.876938819885254,-4.186647891998291,-77.50634765625,0.036544957374927925,0.0,0.4972672326159453,0.49293023347854614,Structure_degraded; Details_lost; Wrong_color_temp; Undersaturated; Overexposed; Shadows_remain
bremen_bremen_000297_000019_leftImg8bit.png,bremen_000297_000019_leftImg8bit.png,1.0,1.5,0.37088332859626977,62.3603196144104,-1.827423095703125,-86.72045803070068,0.015094798989617733,0.0,0.7156100780885619,0.5287624597549438,Structure_degraded; Details_lost; Wrong_color_temp; Undersaturated; Shadows_remain
bremen_bremen_000298_000019_leftImg8bit.png,bremen_000298_000019_leftImg8bit.png,1.0,1.4285714285714286,0.41274074029495783,61.950021266937256,-0.6568355560302734,-87.3789005279541,0.03745655285216215,0.0,0.45453906735055694,0.5569943189620972,Structure_degraded; Details_lost; Wrong_color_temp; Undersaturated; Overexposed; Shadows_remain
bremen_bremen_000299_000019_leftImg8bit.png,bremen_000299_000019_leftImg8bit.png,1.0,1.75,0.36066510195417434,59.40150785446167,-1.034088134765625,-77.03558683395386,0.014008783886107068,0.0,0.513896631647614,0.5734525322914124,Structure_degraded; Details_lost; Wrong_color_temp; Undersaturated; Overexposed; Shadows_remain
bremen_bremen_000300_000019_leftImg8bit.png,bremen_000300_000019_leftImg8bit.png,1.0,1.5714285714285714,0.37391224405818424,67.74674940109253,-2.5625534057617188,-75.39429378509521,0.057271932381213274,0.0,0.562131049862393,0.4829106032848358,Structure_degraded; Details_lost; Wrong_color_temp; Undersaturated; Overexposed; Shadows_remain
bremen_bremen_000301_000019_leftImg8bit.png,bremen_000301_000019_leftImg8bit.png,1.0,1.625,0.3803739007407431,65.33465433120728,-3.311997890472412,-80.42270135879517,0.062339147840988755,0.0,0.6523769093417409,0.4856299161911011,Structure_degraded; Details_lost; Wrong_color_temp; Undersaturated; Shadows_remain
bremen_bremen_000302_000019_leftImg8bit.png,bremen_000302_000019_leftImg8bit.png,0.75,1.0,0.43484793605026206,58.79235887527466,-0.30222129821777344,-82.36980485916138,0.0371745121196574,0.0,0.4191187909446188,0.5265211462974548,Structure_degraded; Details_lost; Wrong_color_temp; Undersaturated; Overexposed; Shadows_remain
bremen_bremen_000303_000019_leftImg8bit.png,bremen_000303_000019_leftImg8bit.png,1.0,2.2,0.4413233476745123,57.615753173828125,0.3484001159667969,-75.60267972946167,0.032150995739605594,0.0,0.41392431513785577,0.5229935646057129,Structure_degraded; Details_lost; Undersaturated; Overexposed; Shadows_remain
bremen_bremen_000304_000019_leftImg8bit.png,bremen_000304_000019_leftImg8bit.png,1.0,2.2857142857142856,0.429189088540445,60.37673759460449,-0.0569911003112793,-79.36340951919556,0.04850296729282562,0.0,0.46319112720198674,0.5183538198471069,Structure_degraded; Details_lost; Wrong_color_temp; Undersaturated; Overexposed; Shadows_remain
bremen_bremen_000305_000019_leftImg8bit.png,bremen_000305_000019_leftImg8bit.png,1.0,1.0,0.42715962707039035,58.43130445480347,-0.7402338981628418,-83.4861249923706,0.035451849941972646,0.0,0.4485048194101928,0.541603684425354,Structure_degraded; Details_lost; Wrong_color_temp; Undersaturated; Overexposed; Shadows_remain
bremen_bremen_000306_000019_leftImg8bit.png,bremen_000306_000019_leftImg8bit.png,0.8999999999999999,1.4285714285714286,0.42035603213048006,65.1825819015503,-0.43924665451049805,-90.32568502426147,0.018156538807552098,0.0,0.4501089217355988,0.536043107509613,Structure_degraded; Details_lost; Wrong_color_temp; Undersaturated; Overexposed; Shadows_remain
bremen_bremen_000307_000019_leftImg8bit.png,bremen_000307_000019_leftImg8bit.png,1.0,1.2,0.37559860165834286,64.96325588226318,-0.860999584197998,-86.20612382888794,0.003548698167790338,0.0,0.7625833615796049,0.5369125604629517,Structure_degraded; Details_lost; Wrong_color_temp; Undersaturated; Shadows_remain
bremen_bremen_000308_000019_leftImg8bit.png,bremen_000308_000019_leftImg8bit.png,1.0,2.25,0.4300792026109493,59.10430955886841,-0.29181766510009766,-82.55020141601562,0.01613432509296864,0.0,0.4495260009894868,0.5782559514045715,Structure_degraded; Details_lost; Wrong_color_temp; Undersaturated; Overexposed; Shadows_remain
bremen_bremen_000309_000019_leftImg8bit.png,bremen_000309_000019_leftImg8bit.png,1.0,0.8888888888888888,0.4006493896961328,66.21555519104004,-0.2658257484436035,-81.11244583129883,0.04852466574456411,0.0,0.5567901180984133,0.5750621557235718,Structure_degraded; Details_lost; Wrong_color_temp; Undersaturated; Overexposed; Shadows_remain
bremen_bremen_000310_000019_leftImg8bit.png,bremen_000310_000019_leftImg8bit.png,0.8999999999999999,1.1111111111111112,0.34665887703218967,69.05966281890869,-2.1778879165649414,-89.22473335266113,0.008741818847540508,0.0,0.8402242548207052,0.5993872880935669,Structure_degraded; Details_lost; Wrong_color_temp; Undersaturated; Shadows_remain
bremen_bremen_000311_000019_leftImg8bit.png,bremen_000311_000019_leftImg8bit.png,1.0,3.0,0.40504219563685145,62.801748275756836,-0.8654618263244629,-89.03822088241577,0.03537201603065195,0.0,0.6505765173051214,0.5183466076850891,Structure_degraded; Details_lost; Wrong_color_temp; Undersaturated; Shadows_remain
bremen_bremen_000312_000019_leftImg8bit.png,bremen_000312_000019_leftImg8bit.png,1.0,1.5555555555555556,0.40716806204063244,61.209060192108154,-0.7479443550109863,-81.55322074890137,0.020634067705529117,0.0,0.719823965015378,0.5275843143463135,Structure_degraded; Details_lost; Wrong_color_temp; Undersaturated; Shadows_remain
bremen_bremen_000313_000019_leftImg8bit.png,bremen_000313_000019_leftImg8bit.png,0.9636363636363636,1.5454545454545454,0.40317547991661984,59.39446401596069,-1.5429515838623047,-79.06494283676147,0.02994011976046897,0.0,0.6833210186297112,0.48005974292755127,Structure_degraded; Details_lost; Wrong_color_temp; Undersaturated; Shadows_remain
bremen_bremen_000314_000019_leftImg8bit.png,bremen_000314_000019_leftImg8bit.png,0.75,1.8333333333333333,0.4277261704159707,66.01043748855591,-0.2788424491882324,-85.67264604568481,0.01748666271487108,0.0,0.5119052805169156,0.5442050099372864,Structure_degraded; Details_lost; Wrong_color_temp; Undersaturated; Overexposed; Shadows_remain
bremen_bremen_000315_000019_leftImg8bit.png,bremen_000315_000019_leftImg8bit.png,0.8857142857142857,1.2857142857142858,0.40092711387719476,60.90150308609009,-1.3039464950561523,-78.28451585769653,0.03269556793411459,0.0,0.6316112774234804,0.5299409031867981,Structure_degraded; Details_lost; Wrong_color_temp; Undersaturated; Shadows_remain
cologne_cologne_000000_000019_leftImg8bit.png,cologne_000000_000019_leftImg8bit.png,0.775,1.25,0.38838923430415095,51.24244022369385,0.2943911552429199,-79.0272569656372,0.05649132553850944,0.0,0.6714564759559929,0.4911937713623047,Structure_degraded; Details_lost; Undersaturated; Shadows_remain
cologne_cologne_000001_000019_leftImg8bit.png,cologne_000001_000019_leftImg8bit.png,1.0,1.8571428571428572,0.41751963011176957,57.80278396606445,1.0959315299987793,-48.07639980316162,0.057948737655128944,0.0,0.5043952817372326,0.5073143243789673,Structure_degraded; Details_lost; Undersaturated; Overexposed; Shadows_remain
cologne_cologne_000002_000019_leftImg8bit.png,cologne_000002_000019_leftImg8bit.png,1.0,1.2222222222222223,0.42921505543925004,52.18584680557251,1.0184030532836914,-44.79757881164551,0.03392061260505701,0.0,0.47828122290347863,0.5181651711463928,Structure_degraded; Details_lost; Undersaturated; Overexposed; Shadows_remain
cologne_cologne_000003_000019_leftImg8bit.png,cologne_000003_000019_leftImg8bit.png,1.0,1.4444444444444444,0.44311895328513173,61.82692623138428,1.5322299003601074,-47.72218132019043,0.02786032689449282,0.0,0.5116157757481672,0.5146747827529907,Structure_degraded; Details_lost; Undersaturated; Overexposed; Shadows_remain
cologne_cologne_000004_000019_leftImg8bit.png,cologne_000004_000019_leftImg8bit.png,1.0,1.3333333333333333,0.4336523712164212,62.851229190826416,-1.3926172256469727,-84.45543384552002,0.041178439906232885,0.0,0.5730640547088295,0.5883176922798157,Structure_degraded; Details_lost; Wrong_color_temp; Undersaturated; Overexposed; Shadows_remain
cologne_cologne_000005_000019_leftImg8bit.png,cologne_000005_000019_leftImg8bit.png,1.0,1.2,0.44806737295563054,65.24609899520874,-1.3617353439331055,-74.02426052093506,0.05361783035807466,0.0,0.514421695260612,0.41757407784461975,Structure_degraded; Details_lost; Wrong_color_temp; Undersaturated; Overexposed; Shadows_remain
cologne_cologne_000006_000019_leftImg8bit.png,cologne_000006_000019_leftImg8bit.png,1.0,2.5,0.4066494235852283,71.13083219528198,-0.5430035591125488,-79.07249116897583,0.04176264939428121,0.0,0.6935016736550408,0.4747768044471741,Structure_degraded; Details_lost; Wrong_color_temp; Undersaturated; Shadows_remain
cologne_cologne_000007_000019_leftImg8bit.png,cologne_000007_000019_leftImg8bit.png,0.925,1.5,0.43172900600496966,66.32034111022949,-0.5039067268371582,-71.79038763046265,0.05135712590012098,0.0,0.5545672501700494,0.4884793162345886,Structure_degraded; Details_lost; Wrong_color_temp; Undersaturated; Overexposed; Shadows_remain
cologne_cologne_000008_000019_leftImg8bit.png,cologne_000008_000019_leftImg8bit.png,1.0,1.1666666666666667,0.41322825820553655,63.020594120025635,-0.23340988159179688,-73.9123969078064,0.04641383069853168,0.0,0.6925808146315812,0.4912840723991394,Structure_degraded; Details_lost; Wrong_color_temp; Undersaturated; Shadows_remain
cologne_cologne_000009_000019_leftImg8bit.png,cologne_000009_000019_leftImg8bit.png,0.8222222222222222,1.4444444444444444,0.41348285261767737,63.208016872406006,-0.2565884590148926,-71.89672946929932,0.042921134790269336,0.0,0.6649980611021797,0.5073330402374268,Structure_degraded; Details_lost; Wrong_color_temp; Undersaturated; Shadows_remain
cologne_cologne_000010_000019_leftImg8bit.png,cologne_000010_000019_leftImg8bit.png,1.0,1.3,0.3897847762024409,59.55265283584595,0.3996720314025879,-52.11043977737427,0.03151519185329578,0.0,0.6246380172629433,0.52541184425354,Structure_degraded; Details_lost; Undersaturated; Shadows_remain
cologne_cologne_000011_000019_leftImg8bit.png,cologne_000011_000019_leftImg8bit.png,1.0,1.0,0.36591865658442013,60.57851839065552,-4.637831211090088,-70.62111186981201,0.03140015375744008,0.0,0.6702456400016985,0.5092094540596008,Structure_degraded; Details_lost; Wrong_color_temp; Undersaturated; Shadows_remain
cologne_cologne_000012_000019_leftImg8bit.png,cologne_000012_000019_leftImg8bit.png,0.9166666666666666,0.9166666666666666,0.4144655276256652,73.36788606643677,0.7099251747131348,-72.79056406021118,0.04188214132411302,0.0,0.7468605004662734,0.48356902599334717,Structure_degraded; Details_lost; Undersaturated; Shadows_remain
cologne_cologne_000013_000019_leftImg8bit.png,cologne_000013_000019_leftImg8bit.png,1.0,3.0,0.3971304351175056,71.2699384689331,-0.7160153388977051,-76.36365509033203,0.03336547733846565,0.0,0.6901527651199277,0.49065035581588745,Structure_degraded; Details_lost; Wrong_color_temp; Undersaturated; Shadows_remain
cologne_cologne_000014_000019_leftImg8bit.png,cologne_000014_000019_leftImg8bit.png,1.0,1.0,0.436862498640336,69.59960174560547,0.34461116790771484,-62.44971323013306,0.04564401834095955,0.0,0.6771363011270459,0.5213080644607544,Structure_degraded; Details_lost; Undersaturated; Shadows_remain
cologne_cologne_000015_000019_leftImg8bit.png,cologne_000015_000019_leftImg8bit.png,1.0,1.2142857142857142,0.42132543032362885,68.57281064987183,0.23525094985961914,-67.00788927078247,0.03874335039645915,0.0,0.6907027650119164,0.4425155520439148,Structure_degraded; Details_lost; Undersaturated; Shadows_remain
cologne_cologne_000016_000019_leftImg8bit.png,cologne_000016_000019_leftImg8bit.png,1.0,1.4545454545454546,0.4070170770113327,63.14961624145508,1.8064112663269043,-51.49032020568848,0.042176241158180014,0.0,0.6060112321423676,0.5177215337753296,Structure_degraded; Details_lost; Undersaturated; Shadows_remain
cologne_cologne_000017_000019_leftImg8bit.png,cologne_000017_000019_leftImg8bit.png,1.0,1.1666666666666667,0.41379939978556496,68.83332443237305,1.4162278175354004,-63.82617139816284,0.06156478683508881,0.0,0.6372731609708169,0.507136881351471,Structure_degraded; Details_lost; Undersaturated; Shadows_remain
cologne_cologne_000018_000019_leftImg8bit.png,cologne_000018_000019_leftImg8bit.png,0.8181818181818182,1.0,0.38350076993857246,66.81361818313599,-2.054826259613037,-70.9254674911499,0.04347514511620203,0.0,0.7194052237093242,0.4458487927913666,Structure_degraded; Details_lost; Wrong_color_temp; Undersaturated; Shadows_remain
cologne_cologne_000019_000019_leftImg8bit.png,cologne_000019_000019_leftImg8bit.png,1.0,1.3,0.4011518338537681,66.88793659210205,-0.2818183898925781,-74.94663381576538,0.04506773920405482,0.0,0.614972236339244,0.40771031379699707,Structure_degraded; Details_lost; Wrong_color_temp; Undersaturated; Shadows_remain
cologne_cologne_000020_000019_leftImg8bit.png,cologne_000020_000019_leftImg8bit.png,1.0,1.25,0.4376655415806078,57.71019458770752,-1.0926809310913086,-75.8791389465332,0.04068115245047858,0.0,0.46579039403272837,0.4394952654838562,Structure_degraded; Details_lost; Wrong_color_temp; Undersaturated; Overexposed; Shadows_remain
cologne_cologne_000021_000019_leftImg8bit.png,cologne_000021_000019_leftImg8bit.png,0.875,1.0,0.3833304746352794,67.92003059387207,0.3144712448120117,-57.004194259643555,0.023759435713396906,0.0,0.6951394088142724,0.4458664059638977,Structure_degraded; Details_lost; Undersaturated; Shadows_remain
cologne_cologne_000022_000019_leftImg8bit.png,cologne_000022_000019_leftImg8bit.png,0.9571428571428571,2.0,0.3686014116433418,58.177823543548584,-2.319089412689209,-77.26993560791016,0.046350168679400006,0.0,0.7046642178948767,0.5019444227218628,Structure_degraded; Details_lost; Wrong_color_temp; Undersaturated; Shadows_remain
cologne_cologne_000023_000019_leftImg8bit.png,cologne_000023_000019_leftImg8bit.png,0.9166666666666667,1.8333333333333333,0.3916373948938098,62.65769720077515,-0.6578798294067383,-44.18629598617554,0.03159796354080092,0.0,0.8255718250789353,0.5261223912239075,Structure_degraded; Details_lost; Wrong_color_temp; Undersaturated; Shadows_remain
cologne_cologne_000024_000019_leftImg8bit.png,cologne_000024_000019_leftImg8bit.png,1.0,1.0833333333333333,0.39267767436509743,53.808815479278564,-3.3520336151123047,-80.88978052139282,0.034850901951154305,0.0,0.6338762601467931,0.41314324736595154,Structure_degraded; Details_lost; Wrong_color_temp; Undersaturated; Shadows_remain
cologne_cologne_000025_000019_leftImg8bit.png,cologne_000025_000019_leftImg8bit.png,1.0,1.5454545454545454,0.41517659933687756,56.73668718338013,-2.174384593963623,-74.60522603988647,0.04742300006889558,0.0,0.5831885309051152,0.4402110278606415,Structure_degraded; Details_lost; Wrong_color_temp; Undersaturated; Overexposed; Shadows_remain
cologne_cologne_000026_000019_leftImg8bit.png,cologne_000026_000019_leftImg8bit.png,0.8888888888888888,0.7777777777777778,0.3964824479044588,64.20604181289673,-0.568455696105957,-81.757896900177,0.06434363912821482,0.0,0.6148041134757187,0.4646603763103485,Structure_degraded; Details_lost; Wrong_color_temp; Undersaturated; Shadows_remain
cologne_cologne_000027_000019_leftImg8bit.png,cologne_000027_000019_leftImg8bit.png,0.8571428571428571,1.0,0.3759055373522322,67.30860424041748,-1.0377755165100098,-71.34795379638672,0.01908954013668039,0.0,0.6918982337910697,0.5254942178726196,Structure_degraded; Details_lost; Wrong_color_temp; Undersaturated; Shadows_remain
cologne_cologne_000028_000019_leftImg8bit.png,cologne_000028_000019_leftImg8bit.png,1.0,2.0,0.37425530480736446,65.01459217071533,-3.2639565467834473,-96.61588525772095,0.03466332562322197,0.0,0.5735671102228803,0.46767306327819824,Structure_degraded; Details_lost; Wrong_color_temp; Undersaturated; Overexposed; Shadows_remain
cologne_cologne_000029_000019_leftImg8bit.png,cologne_000029_000019_leftImg8bit.png,0.8888888888888888,1.0,0.45984194072110507,62.65746593475342,-1.0457091331481934,-73.66684103012085,0.051007100420214176,0.0,0.594067492355389,0.4431695342063904,Structure_degraded; Details_lost; Wrong_color_temp; Undersaturated; Overexposed; Shadows_remain
cologne_cologne_000030_000019_leftImg8bit.png,cologne_000030_000019_leftImg8bit.png,1.0,2.0,0.39023361326180306,66.32636260986328,-1.3256516456604004,-85.74386167526245,0.037750278086736824,0.0,0.6530691430398324,0.5237677693367004,Structure_degraded; Details_lost; Wrong_color_temp; Undersaturated; Shadows_remain
cologne_cologne_000031_000019_leftImg8bit.png,cologne_000031_000019_leftImg8bit.png,0.8888888888888888,1.0,0.4614805965969802,70.81607675552368,-1.0588078498840332,-69.69072341918945,0.0328610948109511,0.0,0.5304393966203655,0.5280319452285767,Structure_degraded; Details_lost; Wrong_color_temp; Undersaturated; Overexposed; Shadows_remain
cologne_cologne_000032_000019_leftImg8bit.png,cologne_000032_000019_leftImg8bit.png,1.0,2.4,0.38910992470539124,62.40993404388428,-2.484622001647949,-80.8484697341919,0.015004358112311668,0.0,0.7938691831042282,0.4810427725315094,Structure_degraded; Details_lost; Wrong_color_temp; Undersaturated; Shadows_remain
cologne_cologne_000033_000019_leftImg8bit.png,cologne_000033_000019_leftImg8bit.png,1.0,1.2222222222222223,0.3826907930740304,59.42395877838135,-1.8053221702575684,-84.0273323059082,0.02829484307818329,0.0,0.7701042070649126,0.5207011103630066,Structure_degraded; Details_lost; Wrong_color_temp; Undersaturated; Shadows_remain
cologne_cologne_000034_000019_leftImg8bit.png,cologne_000034_000019_leftImg8bit.png,0.6666666666666666,0.6666666666666666,0.3753008255681423,68.32617330551147,-4.608543395996094,-80.57690572738647,0.05633731694999894,0.0,0.8110151641895335,0.4604254364967346,Structure_degraded; Details_lost; Wrong_color_temp; Undersaturated; Shadows_remain
cologne_cologne_000035_000019_leftImg8bit.png,cologne_000035_000019_leftImg8bit.png,1.0,2.5714285714285716,0.4047805550891781,56.4846715927124,-0.6198925971984863,-69.09699058532715,0.06887412884858525,0.0,0.5642885079717472,0.47567087411880493,Structure_degraded; Details_lost; Wrong_color_temp; Undersaturated; Overexposed; Shadows_remain
cologne_cologne_000036_000019_leftImg8bit.png,cologne_000036_000019_leftImg8bit.png,1.0,2.4,0.4184617396602249,63.47270488739014,-0.5349578857421875,-70.82952785491943,0.036778894617079935,0.0,0.5785119121137333,0.5283179879188538,Structure_degraded; Details_lost; Wrong_color_temp; Undersaturated; Overexposed; Shadows_remain
cologne_cologne_000037_000019_leftImg8bit.png,cologne_000037_000019_leftImg8bit.png,1.0,1.0,0.3806985439586592,58.084195137023926,-1.5101017951965332,-75.78057050704956,0.021586912329378986,0.0,0.6312143119338713,0.47675591707229614,Structure_degraded; Details_lost; Wrong_color_temp; Undersaturated; Shadows_remain
cologne_cologne_000038_000019_leftImg8bit.png,cologne_000038_000019_leftImg8bit.png,0.6666666666666666,0.6666666666666666,0.3436079715284791,66.39706945419312,-7.847585201263428,-80.42540454864502,0.018501506577493478,0.0,0.9268546099254305,0.5069889426231384,Structure_degraded; Details_lost; Wrong_color_temp; Undersaturated; Shadows_remain
cologne_cologne_000039_000019_leftImg8bit.png,cologne_000039_000019_leftImg8bit.png,1.0,1.6666666666666667,0.37583632393707467,60.55926179885864,-4.388890266418457,-81.82800579071045,0.036604586831343364,0.0,0.5531314419993263,0.46616214513778687,Structure_degraded; Details_lost; Wrong_color_temp; Undersaturated; Overexposed; Shadows_remain
cologne_cologne_000040_000019_leftImg8bit.png,cologne_000040_000019_leftImg8bit.png,1.0,4.0,0.43157218661152164,63.955769538879395,0.059008121490478516,-76.0069351196289,0.041064932201510015,0.0,0.48892307605976826,0.44667959213256836,Structure_degraded; Details_lost; Undersaturated; Overexposed; Shadows_remain
cologne_cologne_000041_000019_leftImg8bit.png,cologne_000041_000019_leftImg8bit.png,1.0,2.2,0.4494497699416851,61.283501625061035,1.344986915588379,-72.69222831726074,0.07819080754438192,0.0,0.5367212683088969,0.4693897068500519,Structure_degraded; Details_lost; Undersaturated; Overexposed; Shadows_remain
cologne_cologne_000042_000019_leftImg8bit.png,cologne_000042_000019_leftImg8bit.png,0.7142857142857143,1.0,0.44220669864285195,61.02382802963257,-0.3444333076477051,-76.638108253479,0.05829422987674463,0.0,0.6177696353263251,0.478628009557724,Structure_degraded; Details_lost; Wrong_color_temp; Undersaturated; Shadows_remain
cologne_cologne_000043_000019_leftImg8bit.png,cologne_000043_000019_leftImg8bit.png,0.5,2.0,0.4088193029057369,56.371065616607666,-0.9019079208374023,-75.72446727752686,0.03609849390388888,0.0,0.6677909618592011,0.4661117494106293,Structure_degraded; Details_lost; Wrong_color_temp; Undersaturated; Shadows_remain
cologne_cologne_000044_000019_leftImg8bit.png,cologne_000044_000019_leftImg8bit.png,1.0,2.6666666666666665,0.418604777195789,65.97100496292114,-1.1397790908813477,-83.45518159866333,0.035353039379340395,0.0,0.6732285944172669,0.5282340049743652,Structure_degraded; Details_lost; Wrong_color_temp; Undersaturated; Shadows_remain
cologne_cologne_000045_000019_leftImg8bit.png,cologne_000045_000019_leftImg8bit.png,1.0,2.6666666666666665,0.4560417683367298,59.41349744796753,0.4942054748535156,-54.17611646652222,0.05174617430652121,0.0,0.645106266140792,0.48882243037223816,Structure_degraded; Details_lost; Undersaturated; Shadows_remain
cologne_cologne_000046_000019_leftImg8bit.png,cologne_000046_000019_leftImg8bit.png,1.0,1.1428571428571428,0.4513135708838525,58.832642555236816,1.233154296875,-37.94902420043945,0.03489646258884693,0.0,0.4911434821022356,0.4917946755886078,Structure_degraded; Details_lost; Undersaturated; Overexposed; Shadows_remain
cologne_cologne_000047_000019_leftImg8bit.png,cologne_000047_000019_leftImg8bit.png,1.0,1.3333333333333333,0.3995030250386834,59.77715826034546,-0.22789907455444336,-56.66068410873413,0.05227777926563318,0.0,0.6192137864236102,0.49351251125335693,Structure_degraded; Details_lost; Wrong_color_temp; Undersaturated; Shadows_remain
cologne_cologne_000048_000019_leftImg8bit.png,cologne_000048_000019_leftImg8bit.png,1.0,1.7777777777777777,0.463230009077221,74.9710431098938,-0.591677188873291,-76.71933317184448,0.05276136950161933,0.0,0.5943800587202259,0.4964817762374878,Structure_degraded; Details_lost; Wrong_color_temp; Undersaturated; Overexposed; Shadows_remain
cologne_cologne_000049_000019_leftImg8bit.png,cologne_000049_000019_leftImg8bit.png,1.0,1.4545454545454546,0.4260490828550562,69.63129997253418,-0.16823101043701172,-75.01324510574341,0.03675898684520755,0.0,0.6597438319575708,0.5191306471824646,Structure_degraded; Details_lost; Wrong_color_temp; Undersaturated; Shadows_remain
cologne_cologne_000050_000019_leftImg8bit.png,cologne_000050_000019_leftImg8bit.png,1.0,1.3,0.44474392267320495,51.27240610122681,-1.5291767120361328,-76.80512714385986,0.03625890852288661,0.0,0.5930513200825577,0.4637226164340973,Structure_degraded; Details_lost; Wrong_color_temp; Undersaturated; Overexposed; Shadows_remain
cologne_cologne_000051_000019_leftImg8bit.png,cologne_000051_000019_leftImg8bit.png,1.0,1.2857142857142858,0.48487409236973505,56.312504291534424,-0.5850157737731934,-77.52804374694824,0.047724979952909356,0.0,0.5274595099385859,0.4287058115005493,Structure_degraded; Details_lost; Wrong_color_temp; Undersaturated; Overexposed; Shadows_remain
cologne_cologne_000052_000019_leftImg8bit.png,cologne_000052_000019_leftImg8bit.png,0.9,1.0,0.41452428608316566,63.52802515029907,-2.558492660522461,-76.41620588302612,0.045248175322303165,0.0,0.5908063802038586,0.4647265672683716,Structure_degraded; Details_lost; Wrong_color_temp; Undersaturated; Overexposed; Shadows_remain
cologne_cologne_000053_000019_leftImg8bit.png,cologne_000053_000019_leftImg8bit.png,0.8733333333333334,1.0666666666666667,0.45848245042562247,60.812466621398926,0.836184024810791,-65.56178283691406,0.0676418673537569,0.0,0.5490472161494757,0.4275501072406769,Structure_degraded; Details_lost; Undersaturated; Overexposed; Shadows_remain
cologne_cologne_000054_000019_leftImg8bit.png,cologne_000054_000019_leftImg8bit.png,1.0,2.0,0.43498353680957147,65.82449293136597,0.34693336486816406,-68.33064556121826,0.05073673167706578,0.0,0.5492439662576658,0.535689115524292,Structure_degraded; Details_lost; Undersaturated; Overexposed; Shadows_remain
cologne_cologne_000055_000019_leftImg8bit.png,cologne_000055_000019_leftImg8bit.png,1.0,1.5454545454545454,0.4283106164118318,67.38554096221924,-1.4641284942626953,-79.00555229187012,0.043221762464646964,0.0,0.6726298296888282,0.5287594199180603,Structure_degraded; Details_lost; Wrong_color_temp; Undersaturated; Shadows_remain
cologne_cologne_000056_000019_leftImg8bit.png,cologne_000056_000019_leftImg8bit.png,1.0,1.25,0.44673874697423077,66.67571210861206,-0.1900634765625,-73.30960083007812,0.04644106150996543,0.0,0.6453611952520627,0.46527963876724243,Structure_degraded; Details_lost; Wrong_color_temp; Undersaturated; Shadows_remain
cologne_cologne_000057_000019_leftImg8bit.png,cologne_000057_000019_leftImg8bit.png,0.8625,2.125,0.44475226928763045,70.6168360710144,-0.5480861663818359,-75.27153158187866,0.03907735414789376,0.0,0.6037125690142193,0.4046664834022522,Structure_degraded; Details_lost; Wrong_color_temp; Undersaturated; Shadows_remain
cologne_cologne_000058_000019_leftImg8bit.png,cologne_000058_000019_leftImg8bit.png,1.0,2.0,0.36113353671888,71.51321172714233,-0.4921903610229492,-72.24874353408813,0.046905012702121,0.0,0.715837197723298,0.5524768829345703,Structure_degraded; Details_lost; Wrong_color_temp; Undersaturated; Shadows_remain
cologne_cologne_000059_000019_leftImg8bit.png,cologne_000059_000019_leftImg8bit.png,0.8666666666666667,1.3333333333333333,0.42574175812290993,71.7053165435791,-1.6062731742858887,-72.48141622543335,0.049988126335767435,0.0,0.5550180195866214,0.5120408535003662,Structure_degraded; Details_lost; Wrong_color_temp; Undersaturated; Overexposed; Shadows_remain
cologne_cologne_000060_000019_leftImg8bit.png,cologne_000060_000019_leftImg8bit.png,0.8600000000000001,1.6,0.44504741988264973,63.39019250869751,-1.6432604789733887,-52.819915771484375,0.03684531059681443,0.0,0.5489236756830451,0.5381899476051331,Structure_degraded; Details_lost; Wrong_color_temp; Undersaturated; Overexposed; Shadows_remain
cologne_cologne_000061_000019_leftImg8bit.png,cologne_000061_000019_leftImg8bit.png,1.0,1.4444444444444444,0.4201619250452195,65.52510404586792,0.7354907989501953,-68.48161220550537,0.09244285764286729,0.0,0.610408701053113,0.49377158284187317,Structure_degraded; Details_lost; Undersaturated; Shadows_remain
cologne_cologne_000062_000019_leftImg8bit.png,cologne_000062_000019_leftImg8bit.png,1.0,4.0,0.39669608964187913,62.54656648635864,-0.546088695526123,-59.927815437316895,0.04270921292385107,0.0,0.6383493693266653,0.475552499294281,Structure_degraded; Details_lost; Wrong_color_temp; Undersaturated; Shadows_remain
cologne_cologne_000063_000019_leftImg8bit.png,cologne_000063_000019_leftImg8bit.png,1.0,3.0,0.3661106138247617,63.72342300415039,-1.4863615036010742,-62.38435173034668,0.017544646863493878,0.0,0.6972433939288714,0.48604828119277954,Structure_degraded; Details_lost; Wrong_color_temp; Undersaturated; Shadows_remain
cologne_cologne_000064_000019_leftImg8bit.png,cologne_000064_000019_leftImg8bit.png,1.0,1.25,0.4788640488722328,60.515522956848145,-0.28963422775268555,-68.37056255340576,0.052169781438057596,0.0,0.46039998932937487,0.49654924869537354,Structure_degraded; Details_lost; Wrong_color_temp; Undersaturated; Overexposed; Shadows_remain
cologne_cologne_000065_000019_leftImg8bit.png,cologne_000065_000019_leftImg8bit.png,0.975,1.5833333333333333,0.454153085412333,57.77784252166748,1.0137133598327637,-65.60675859451294,0.03702337023369095,0.0,0.5084520892740796,0.4903508424758911,Structure_degraded; Details_lost; Undersaturated; Overexposed; Shadows_remain
cologne_cologne_000066_000019_leftImg8bit.png,cologne_000066_000019_leftImg8bit.png,1.0,1.5,0.3859331610553247,59.194416522979736,0.8100461959838867,-54.70348024368286,0.0320349344978054,0.0,0.6065494936575649,0.5169222354888916,Structure_degraded; Details_lost; Undersaturated; Shadows_remain
cologne_cologne_000067_000019_leftImg8bit.png,cologne_000067_000019_leftImg8bit.png,0.925,1.5,0.4009596334904176,61.58090162277222,0.6391510963439941,-58.59978246688843,0.04734931994707209,0.0,0.5702038880971717,0.5157539248466492,Structure_degraded; Details_lost; Undersaturated; Overexposed; Shadows_remain
cologne_cologne_000068_000019_leftImg8bit.png,cologne_000068_000019_leftImg8bit.png,0.8,1.2222222222222223,0.418916328165243,60.491037368774414,0.26773500442504883,-64.61087322235107,0.04082783908611895,0.0,0.512474126440348,0.5208719968795776,Structure_degraded; Details_lost; Undersaturated; Overexposed; Shadows_remain
cologne_cologne_000069_000019_leftImg8bit.png,cologne_000069_000019_leftImg8bit.png,0.9461538461538462,1.2307692307692308,0.43947064579742057,55.22077655792236,0.40277767181396484,-62.88610076904297,0.05453612947342873,0.0,0.5229969106410094,0.4514048993587494,Structure_degraded; Details_lost; Undersaturated; Overexposed; Shadows_remain
cologne_cologne_000070_000019_leftImg8bit.png,cologne_000070_000019_leftImg8bit.png,0.9285714285714286,1.0,0.4257856744660673,55.340774059295654,-0.4620180130004883,-76.13711833953857,0.0391240875912266,0.0,0.5056683200980994,0.5096737742424011,Structure_degraded; Details_lost; Wrong_color_temp; Undersaturated; Overexposed; Shadows_remain
cologne_cologne_000071_000019_leftImg8bit.png,cologne_000071_000019_leftImg8bit.png,1.0,1.1666666666666667,0.3706278694913588,55.42962408065796,-1.783989429473877,-70.07385492324829,0.03635187200375391,0.0,0.8763043293256357,0.5141646862030029,Structure_degraded; Details_lost; Wrong_color_temp; Undersaturated; Shadows_remain
cologne_cologne_000072_000019_leftImg8bit.png,cologne_000072_000019_leftImg8bit.png,1.0,1.8461538461538463,0.44789083258889717,58.17860174179077,0.9307622909545898,-66.01118087768555,0.06275814174492388,0.0,0.5513803304764082,0.49062657356262207,Structure_degraded; Details_lost; Undersaturated; Overexposed; Shadows_remain
cologne_cologne_000073_000019_leftImg8bit.png,cologne_000073_000019_leftImg8bit.png,0.93,1.3,0.44570138095854134,58.818963050842285,0.1616368293762207,-69.90002155303955,0.0544054346871089,0.0,0.46334809954584366,0.47877511382102966,Structure_degraded; Details_lost; Undersaturated; Overexposed; Shadows_remain
cologne_cologne_000074_000019_leftImg8bit.png,cologne_000074_000019_leftImg8bit.png,1.0,1.3125,0.4592697274838368,63.85375785827637,0.29755258560180664,-66.19225215911865,0.04290003225565271,0.0,0.4749924217909014,0.479034423828125,Structure_degraded; Details_lost; Undersaturated; Overexposed; Shadows_remain
cologne_cologne_000075_000019_leftImg8bit.png,cologne_000075_000019_leftImg8bit.png,1.0,1.5,0.38371624738420246,61.8846869468689,0.8081889152526855,-59.07396745681763,0.018118735543554306,0.0,0.5792825060652028,0.48516809940338135,Structure_degraded; Details_lost; Undersaturated; Overexposed; Shadows_remain
cologne_cologne_000076_000019_leftImg8bit.png,cologne_000076_000019_leftImg8bit.png,1.0,1.3333333333333333,0.4178294247478494,59.44315147399902,0.05361795425415039,-63.063162326812744,0.055209296714763274,0.0,0.5387197379113182,0.4732774496078491,Structure_degraded; Details_lost; Undersaturated; Overexposed; Shadows_remain
cologne_cologne_000077_000019_leftImg8bit.png,cologne_000077_000019_leftImg8bit.png,0.9642857142857143,1.3571428571428572,0.4077733583262987,54.17683410644531,-0.43842363357543945,-59.78140640258789,0.04293365583965592,0.0,0.5451620485470631,0.49345484375953674,Structure_degraded; Details_lost; Wrong_color_temp; Undersaturated; Overexposed; Shadows_remain
cologne_cologne_000078_000019_leftImg8bit.png,cologne_000078_000019_leftImg8bit.png,0.8200000000000001,1.2,0.43232345752427176,60.37525987625122,0.5682125091552734,-64.71968269348145,0.04936129365722168,0.0,0.5098875012177179,0.5241636633872986,Structure_degraded; Details_lost; Undersaturated; Overexposed; Shadows_remain
cologne_cologne_000079_000019_leftImg8bit.png,cologne_000079_000019_leftImg8bit.png,1.0,1.0,0.462530707749118,55.423717975616455,0.4176783561706543,-68.59081268310547,0.04594423320657606,0.0,0.4919017243594235,0.45453640818595886,Structure_degraded; Details_lost; Undersaturated; Overexposed; Shadows_remain
cologne_cologne_000080_000019_leftImg8bit.png,cologne_000080_000019_leftImg8bit.png,1.0,1.1333333333333333,0.47096038215773406,56.262322425842285,0.38449525833129883,-72.40884256362915,0.04274599815183393,0.0,0.5065939448890043,0.47687625885009766,Structure_degraded; Details_lost; Undersaturated; Overexposed; Shadows_remain
cologne_cologne_000081_000019_leftImg8bit.png,cologne_000081_000019_leftImg8bit.png,1.0,1.3636363636363635,0.4604505793293757,57.8290696144104,0.30794858932495117,-73.24237775802612,0.034915532453308626,0.0,0.468539933956613,0.4908546805381775,Structure_degraded; Details_lost; Undersaturated; Overexposed; Shadows_remain
cologne_cologne_000082_000019_leftImg8bit.png,cologne_000082_000019_leftImg8bit.png,1.0,1.7142857142857142,0.41618079451487927,62.182437896728516,0.6672477722167969,-67.17607545852661,0.03175160513642067,0.0,0.4904394898708202,0.4851580262184143,Structure_degraded; Details_lost; Undersaturated; Overexposed; Shadows_remain
cologne_cologne_000083_000019_leftImg8bit.png,cologne_000083_000019_leftImg8bit.png,1.0,1.8571428571428572,0.456827562095551,60.02385711669922,0.2019505500793457,-71.37974166870117,0.037462816756494495,0.0,0.6293788413728535,0.40608400106430054,Structure_degraded; Details_lost; Undersaturated; Shadows_remain
cologne_cologne_000084_000019_leftImg8bit.png,cologne_000084_000019_leftImg8bit.png,0.9500000000000001,1.2142857142857142,0.4435754847145696,59.956435203552246,0.06772994995117188,-70.66171455383301,0.03219867748721363,0.0,0.6224783929013162,0.5146341323852539,Structure_degraded; Details_lost; Undersaturated; Shadows_remain
cologne_cologne_000085_000019_leftImg8bit.png,cologne_000085_000019_leftImg8bit.png,0.96,1.6,0.4498417933636782,59.437317848205566,0.12452268600463867,-72.56102752685547,0.030447445062208613,0.0,0.6658536594505237,0.4795670509338379,Structure_degraded; Details_lost; Undersaturated; Shadows_remain
cologne_cologne_000086_000019_leftImg8bit.png,cologne_000086_000019_leftImg8bit.png,0.9692307692307693,1.4615384615384615,0.42650787567345516,62.30231285095215,-0.04484891891479492,-70.06900882720947,0.023549950121125998,0.0,0.6859182919997857,0.5215351581573486,Structure_degraded; Details_lost; Wrong_color_temp; Undersaturated; Shadows_remain
cologne_cologne_000087_000019_leftImg8bit.png,cologne_000087_000019_leftImg8bit.png,1.0,1.6,0.4436419881069081,58.706496715545654,-0.21469974517822266,-72.95554208755493,0.05707378146178946,0.0,0.7253841099738612,0.5127211809158325,Structure_degraded; Details_lost; Wrong_color_temp; Undersaturated; Shadows_remain
cologne_cologne_000088_000019_leftImg8bit.png,cologne_000088_000019_leftImg8bit.png,0.95,1.3333333333333333,0.42146085977736336,63.50974130630493,-0.1869044303894043,-73.86572074890137,0.04417747877621522,0.0,0.7527968014351107,0.5368776917457581,Structure_degraded; Details_lost; Wrong_color_temp; Undersaturated; Shadows_remain
cologne_cologne_000089_000019_leftImg8bit.png,cologne_000089_000019_leftImg8bit.png,1.0,2.3333333333333335,0.4383225400630851,66.08715915679932,-0.498629093170166,-72.99093866348267,0.04785623596052744,0.0,0.7218778134774471,0.5196453332901001,Structure_degraded; Details_lost; Wrong_color_temp; Undersaturated; Shadows_remain
cologne_cologne_000090_000019_leftImg8bit.png,cologne_000090_000019_leftImg8bit.png,1.0,1.0833333333333333,0.4144440627957845,59.57588243484497,-1.5299906730651855,-74.46955108642578,0.02230483271374877,0.0,0.7366919309578551,0.5207395553588867,Structure_degraded; Details_lost; Wrong_color_temp; Undersaturated; Shadows_remain
cologne_cologne_000091_000019_leftImg8bit.png,cologne_000091_000019_leftImg8bit.png,1.0,1.0625,0.43679356716456424,63.46157884597778,-1.1223316192626953,-81.70141077041626,0.06141787552642097,0.0,0.6572002851736751,0.4719982147216797,Structure_degraded; Details_lost; Wrong_color_temp; Undersaturated; Shadows_remain
cologne_cologne_000092_000019_leftImg8bit.png,cologne_000092_000019_leftImg8bit.png,0.8846153846153846,1.3846153846153846,0.42647886374945354,63.88179636001587,-0.6989116668701172,-71.7635407447815,0.032921695200664354,0.0,0.652229392050055,0.5345378518104553,Structure_degraded; Details_lost; Wrong_color_temp; Undersaturated; Shadows_remain
cologne_cologne_000093_000019_leftImg8bit.png,cologne_000093_000019_leftImg8bit.png,1.0,1.3636363636363635,0.42615959727108976,55.918227672576904,-1.1319141387939453,-74.9781813621521,0.03579038295420795,0.0,0.6752123342317522,0.4518507122993469,Structure_degraded; Details_lost; Wrong_color_temp; Undersaturated; Shadows_remain
cologne_cologne_000094_000019_leftImg8bit.png,cologne_000094_000019_leftImg8bit.png,0.8875,1.125,0.4010451492420377,62.31884145736694,-0.6777820587158203,-61.99321746826172,0.02879002737195238,0.0,0.6394145907853268,0.5702409744262695,Structure_degraded; Details_lost; Wrong_color_temp; Undersaturated; Shadows_remain
cologne_cologne_000095_000019_leftImg8bit.png,cologne_000095_000019_leftImg8bit.png,0.95625,1.1875,0.4720987449382242,61.7431697845459,0.9386610984802246,-63.55760145187378,0.07283968368078424,0.0,0.5008080388322466,0.4630511701107025,Structure_degraded; Details_lost; Undersaturated; Overexposed; Shadows_remain
cologne_cologne_000096_000019_leftImg8bit.png,cologne_000096_000019_leftImg8bit.png,0.8999999999999999,1.4285714285714286,0.4036426356560233,62.47258806228638,-0.8689937591552734,-70.26992607116699,0.03801761235713813,0.0,0.5853214182101145,0.5004116296768188,Structure_degraded; Details_lost; Wrong_color_temp; Undersaturated; Overexposed; Shadows_remain
cologne_cologne_000097_000019_leftImg8bit.png,cologne_000097_000019_leftImg8bit.png,0.9,1.6666666666666667,0.3711949796091623,64.52405643463135,-2.10282039642334,-75.86524629592896,0.027099515831262983,0.0,0.7209613241810718,0.5324404239654541,Structure_degraded; Details_lost; Wrong_color_temp; Undersaturated; Shadows_remain
cologne_cologne_000098_000019_leftImg8bit.png,cologne_000098_000019_leftImg8bit.png,1.0,1.4,0.3818592409455959,52.97915172576904,-2.070436954498291,-94.1674575805664,0.05210149138096323,0.0,0.6755767304718163,0.4346003532409668,Structure_degraded; Details_lost; Wrong_color_temp; Undersaturated; Shadows_remain
cologne_cologne_000099_000019_leftImg8bit.png,cologne_000099_000019_leftImg8bit.png,1.0,4.0,0.41703872920366797,57.80439329147339,-1.4870214462280273,-79.52406072616577,0.02900416508897413,0.0,0.529311331624203,0.48912250995635986,Structure_degraded; Details_lost; Wrong_color_temp; Undersaturated; Overexposed; Shadows_remain
cologne_cologne_000100_000019_leftImg8bit.png,cologne_000100_000019_leftImg8bit.png,1.0,1.375,0.4268404731177503,63.20419931411743,0.11142826080322266,-68.74815893173218,0.03300770179707498,0.0,0.5351594474561319,0.5054759979248047,Structure_degraded; Details_lost; Undersaturated; Overexposed; Shadows_remain
cologne_cologne_000101_000019_leftImg8bit.png,cologne_000101_000019_leftImg8bit.png,0.2,3.0,0.3942458773799283,57.12593173980713,-2.432007312774658,-75.19160890579224,0.03175990675989905,0.0,0.7444490339750157,0.45725658535957336,Lost_objects; Structure_degraded; Details_lost; Wrong_color_temp; Undersaturated; Shadows_remain
cologne_cologne_000102_000019_leftImg8bit.png,cologne_000102_000019_leftImg8bit.png,1.0,1.8571428571428572,0.42475683704672196,63.475430965423584,0.24696063995361328,-69.63303232192993,0.040637699281012615,0.0,0.6148500178865948,0.4992958605289459,Structure_degraded; Details_lost; Undersaturated; Shadows_remain
cologne_cologne_000103_000019_leftImg8bit.png,cologne_000103_000019_leftImg8bit.png,0.9466666666666667,1.1333333333333333,0.434410330144242,60.1060676574707,1.2857260704040527,-61.719398021698,0.03771189130847638,0.0,0.5889753958905728,0.493228018283844,Structure_degraded; Details_lost; Undersaturated; Overexposed; Shadows_remain
cologne_cologne_000104_000019_leftImg8bit.png,cologne_000104_000019_leftImg8bit.png,1.0,1.6,0.44443998163636467,55.06466865539551,2.4253530502319336,-39.085525035858154,0.04430441105185548,0.0,0.6010528155659053,0.4859529733657837,Structure_degraded; Details_lost; Undersaturated; Shadows_remain
cologne_cologne_000105_000019_leftImg8bit.png,cologne_000105_000019_leftImg8bit.png,1.0,3.6666666666666665,0.41747172724250775,64.4424524307251,0.8430581092834473,-64.14862060546875,0.0463206440389796,0.0,0.6408437468210781,0.519473135471344,Structure_degraded; Details_lost; Undersaturated; Shadows_remain
cologne_cologne_000106_000019_leftImg8bit.png,cologne_000106_000019_leftImg8bit.png,1.0,3.0,0.4110531989395935,62.082345485687256,0.9957661628723145,-61.029630184173584,0.047798185439235315,0.0,0.6187787746330358,0.585377037525177,Structure_degraded; Details_lost; Undersaturated; Shadows_remain
cologne_cologne_000107_000019_leftImg8bit.png,cologne_000107_000019_leftImg8bit.png,1.0,1.5,0.4132374812423322,61.225951194763184,1.0683307647705078,-60.42945671081543,0.02706280335342106,0.0,0.6204369872991139,0.5735251307487488,Structure_degraded; Details_lost; Undersaturated; Shadows_remain
cologne_cologne_000108_000019_leftImg8bit.png,cologne_000108_000019_leftImg8bit.png,0.8333333333333334,0.9166666666666666,0.43281137039746714,58.22791385650635,1.261580467224121,-58.73497295379639,0.01037686240139864,0.0,0.48219910703625246,0.4939658045768738,Structure_degraded; Details_lost; Undersaturated; Overexposed; Shadows_remain
cologne_cologne_000109_000019_leftImg8bit.png,cologne_000109_000019_leftImg8bit.png,1.0,2.0,0.42373508694841483,58.263400077819824,0.6270418167114258,-50.57210922241211,0.034130310248127925,0.0,0.4590251769989482,0.4803553819656372,Structure_degraded; Details_lost; Undersaturated; Overexposed; Shadows_remain
cologne_cologne_000110_000019_leftImg8bit.png,cologne_000110_000019_leftImg8bit.png,1.0,1.3333333333333333,0.40747292524732914,64.76730728149414,-0.8069930076599121,-64.41975164413452,0.06487148102812124,0.0,0.6284784887593093,0.5534789562225342,Structure_degraded; Details_lost; Wrong_color_temp; Undersaturated; Shadows_remain
cologne_cologne_000111_000019_leftImg8bit.png,cologne_000111_000019_leftImg8bit.png,0.9249999999999999,1.0833333333333333,0.4315937920125771,55.36392402648926,0.8896913528442383,-60.48662757873535,0.027744901048683566,0.0,0.4722959999764529,0.4851446747779846,Structure_degraded; Details_lost; Undersaturated; Overexposed; Shadows_remain
cologne_cologne_000112_000019_leftImg8bit.png,cologne_000112_000019_leftImg8bit.png,1.0,1.0,0.41786925512708983,60.07890796661377,0.4989480972290039,-59.221328258514404,0.022317851313244604,0.0,0.5959586569795156,0.49352747201919556,Structure_degraded; Details_lost; Undersaturated; Overexposed; Shadows_remain
cologne_cologne_000113_000019_leftImg8bit.png,cologne_000113_000019_leftImg8bit.png,1.0,1.4,0.4574562810235255,65.80056381225586,1.2523984909057617,-62.7723913192749,0.030037231021634997,0.0,0.417357049709421,0.5145994424819946,Structure_degraded; Details_lost; Undersaturated; Overexposed; Shadows_remain
cologne_cologne_000114_000019_leftImg8bit.png,cologne_000114_000019_leftImg8bit.png,1.0,1.6,0.43370371994866086,60.647178649902344,0.386624813079834,-65.54947185516357,0.052673350041760096,0.0,0.5464426438465303,0.4609150290489197,Structure_degraded; Details_lost; Undersaturated; Overexposed; Shadows_remain
cologne_cologne_000115_000019_leftImg8bit.png,cologne_000115_000019_leftImg8bit.png,1.0,1.2857142857142858,0.37299210719984766,64.01843595504761,-1.9784126281738281,-60.85912275314331,0.04911288897861114,0.0,0.7578891213771367,0.5154385566711426,Structure_degraded; Details_lost; Wrong_color_temp; Undersaturated; Shadows_remain
cologne_cologne_000116_000019_leftImg8bit.png,cologne_000116_000019_leftImg8bit.png,1.0,3.5,0.3937908365145577,65.71062231063843,0.6075153350830078,-68.14503717422485,0.056931687330943705,0.0,0.6329454231080687,0.4953111708164215,Structure_degraded; Details_lost; Undersaturated; Shadows_remain
cologne_cologne_000117_000019_leftImg8bit.png,cologne_000117_000019_leftImg8bit.png,1.0,1.8333333333333333,0.42759526929798786,62.23244047164917,0.07650613784790039,-57.562952518463135,0.03819529527075527,0.0,0.6664853485732944,0.4886552691459656,Structure_degraded; Details_lost; Undersaturated; Shadows_remain
cologne_cologne_000118_000019_leftImg8bit.png,cologne_000118_000019_leftImg8bit.png,1.0,1.0,0.4126243624899427,69.89282321929932,-0.5989556312561035,-67.34576368331909,0.038185951483399566,0.0,0.7360970472138183,0.5121305584907532,Structure_degraded; Details_lost; Wrong_color_temp; Undersaturated; Shadows_remain
cologne_cologne_000119_000019_leftImg8bit.png,cologne_000119_000019_leftImg8bit.png,1.0,2.25,0.3993068250720004,70.17881298065186,1.30181884765625,-59.15962743759155,0.024148353378243136,0.0,0.7427027930682099,0.5124388933181763,Structure_degraded; Details_lost; Undersaturated; Shadows_remain
cologne_cologne_000120_000019_leftImg8bit.png,cologne_000120_000019_leftImg8bit.png,0.9545454545454545,1.4545454545454546,0.389484471298651,68.47024869918823,0.6943807601928711,-68.20700740814209,0.02766676913617348,0.0,0.7521777354799468,0.4963935613632202,Structure_degraded; Details_lost; Undersaturated; Shadows_remain
cologne_cologne_000121_000019_leftImg8bit.png,cologne_000121_000019_leftImg8bit.png,1.0,1.375,0.4120332974656386,70.29639005661011,2.3785643577575684,-49.23571825027466,0.019055706521732656,0.0,0.7624775249517168,0.4999100863933563,Structure_degraded; Details_lost; Undersaturated; Shadows_remain
cologne_cologne_000122_000019_leftImg8bit.png,cologne_000122_000019_leftImg8bit.png,1.0,1.8,0.4058205660550368,66.79158449172974,0.5623607635498047,-65.60285520553589,0.02146982321561457,0.0,0.603824319381238,0.5307563543319702,Structure_degraded; Details_lost; Undersaturated; Shadows_remain
cologne_cologne_000123_000019_leftImg8bit.png,cologne_000123_000019_leftImg8bit.png,1.0,1.3333333333333333,0.37943786485758846,69.47512817382812,-3.189309597015381,-76.5989933013916,0.03058399498536602,0.0,0.7188465762830683,0.5225034356117249,Structure_degraded; Details_lost; Wrong_color_temp; Undersaturated; Shadows_remain
cologne_cologne_000124_000019_leftImg8bit.png,cologne_000124_000019_leftImg8bit.png,1.0,1.2307692307692308,0.3951517279097616,65.14027881622314,-0.1441178321838379,-79.37948274612427,0.05294411454574257,0.0,0.6455941275911448,0.5000950694084167,Structure_degraded; Details_lost; Wrong_color_temp; Undersaturated; Shadows_remain
cologne_cologne_000125_000019_leftImg8bit.png,cologne_000125_000019_leftImg8bit.png,0.8636363636363636,1.4545454545454546,0.3863491952479353,62.181640625,-0.684628963470459,-79.74940156936646,0.030737231338099396,0.0,0.7672343601398984,0.4734800159931183,Structure_degraded; Details_lost; Wrong_color_temp; Undersaturated; Shadows_remain
cologne_cologne_000126_000019_leftImg8bit.png,cologne_000126_000019_leftImg8bit.png,1.0,1.7142857142857142,0.4102254149347592,64.91600799560547,-1.204153060913086,-80.36483478546143,0.07157212143946205,0.0,0.6239331186116883,0.49920159578323364,Structure_degraded; Details_lost; Wrong_color_temp; Undersaturated; Shadows_remain
cologne_cologne_000127_000019_leftImg8bit.png,cologne_000127_000019_leftImg8bit.png,1.0,1.7777777777777777,0.45976362234196483,61.607436180114746,-1.0041770935058594,-73.9019627571106,0.052640703898738136,0.0,0.6408592352433722,0.47173595428466797,Structure_degraded; Details_lost; Wrong_color_temp; Undersaturated; Shadows_remain
cologne_cologne_000128_000019_leftImg8bit.png,cologne_000128_000019_leftImg8bit.png,0.8125,0.6875,0.4179900979994288,59.755467891693115,-1.6732215881347656,-76.14824867248535,0.03398598975221318,0.0,0.6754713521872695,0.4508700668811798,Structure_degraded; Details_lost; Wrong_color_temp; Undersaturated; Shadows_remain
cologne_cologne_000129_000019_leftImg8bit.png,cologne_000129_000019_leftImg8bit.png,1.0,1.75,0.4380093872224063,62.17605018615723,-0.7124924659729004,-71.35644960403442,0.07374328000169768,0.0,0.5898582148516367,0.41367316246032715,Structure_degraded; Details_lost; Wrong_color_temp; Undersaturated; Overexposed; Shadows_remain
cologne_cologne_000130_000019_leftImg8bit.png,cologne_000130_000019_leftImg8bit.png,1.0,1.0909090909090908,0.4152198624098332,63.96016263961792,-1.0379705429077148,-77.80459451675415,0.06316083655501813,0.0,0.6589396276587773,0.4490656554698944,Structure_degraded; Details_lost; Wrong_color_temp; Undersaturated; Shadows_remain
cologne_cologne_000131_000019_leftImg8bit.png,cologne_000131_000019_leftImg8bit.png,0.25,0.25,0.4017451784823739,47.91008281707764,-1.1241607666015625,-83.99680137634277,0.045040575498761455,0.0,0.654059023302078,0.5036339163780212,Lost_objects; Structure_degraded; Details_lost; Wrong_color_temp; Undersaturated; Shadows_remain
cologne_cologne_000132_000019_leftImg8bit.png,cologne_000132_000019_leftImg8bit.png,0.8636363636363636,1.4545454545454546,0.4534879537858676,58.856459617614746,1.8011560440063477,-53.61632013320923,0.061444106874113,0.0,0.46201099920152877,0.4959976077079773,Structure_degraded; Details_lost; Undersaturated; Overexposed; Shadows_remain
cologne_cologne_000133_000019_leftImg8bit.png,cologne_000133_000019_leftImg8bit.png,0.6777777777777777,1.1111111111111112,0.4583316082430668,60.134488582611084,1.469942569732666,-54.347129821777344,0.03911921032648774,0.0,0.47172249644723485,0.47912338376045227,Structure_degraded; Details_lost; Undersaturated; Overexposed; Shadows_remain
cologne_cologne_000134_000019_leftImg8bit.png,cologne_000134_000019_leftImg8bit.png,0.8666666666666667,1.0,0.461681465898445,56.78507709503174,0.8628482818603516,-51.61311197280884,0.030023223929032707,0.0,0.523241635480018,0.4438557028770447,Structure_degraded; Details_lost; Undersaturated; Overexposed; Shadows_remain
cologne_cologne_000135_000019_leftImg8bit.png,cologne_000135_000019_leftImg8bit.png,0.9333333333333333,1.1666666666666667,0.47836916019509124,55.79830884933472,1.0189790725708008,-53.07056665420532,0.046202785756185735,0.0,0.5062465085356331,0.43792858719825745,Structure_degraded; Details_lost; Undersaturated; Overexposed; Shadows_remain
cologne_cologne_000136_000019_leftImg8bit.png,cologne_000136_000019_leftImg8bit.png,1.0,1.7272727272727273,0.4249402956125647,64.48425149917603,1.4805231094360352,-53.46170616149902,0.0311658330126872,0.0,0.5672459230422695,0.47673895955085754,Structure_degraded; Details_lost; Undersaturated; Overexposed; Shadows_remain
cologne_cologne_000137_000019_leftImg8bit.png,cologne_000137_000019_leftImg8bit.png,0.7888888888888889,1.1111111111111112,0.38840783337439294,62.33927822113037,0.11514949798583984,-55.67340850830078,0.014207759366468953,0.0,0.6403214917308535,0.4793320298194885,Structure_degraded; Details_lost; Undersaturated; Shadows_remain
cologne_cologne_000138_000019_leftImg8bit.png,cologne_000138_000019_leftImg8bit.png,1.0,1.75,0.41494190929653163,58.61705780029297,1.2406177520751953,-47.38755750656128,0.028731309606176862,0.0,0.46318687399286174,0.5358041524887085,Structure_degraded; Details_lost; Undersaturated; Overexposed; Shadows_remain
cologne_cologne_000139_000019_leftImg8bit.png,cologne_000139_000019_leftImg8bit.png,1.0,2.3333333333333335,0.38296927579755335,59.81922006607056,1.314152717590332,-50.79337549209595,0.03570054299027932,0.0,0.5955026131711288,0.5138223767280579,Structure_degraded; Details_lost; Undersaturated; Overexposed; Shadows_remain
cologne_cologne_000140_000019_leftImg8bit.png,cologne_000140_000019_leftImg8bit.png,1.0,2.5,0.3741460955214896,58.83298683166504,2.3671422004699707,-37.4363431930542,0.033296994237647315,0.0,0.7280668668603594,0.48244571685791016,Structure_degraded; Details_lost; Undersaturated; Shadows_remain
cologne_cologne_000141_000019_leftImg8bit.png,cologne_000141_000019_leftImg8bit.png,1.0,1.7692307692307692,0.42076460460960596,57.75484371185303,2.475558280944824,-39.57219648361206,0.06002279346584778,0.0,0.6424881091299566,0.5209430456161499,Structure_degraded; Details_lost; Undersaturated; Shadows_remain
cologne_cologne_000142_000019_leftImg8bit.png,cologne_000142_000019_leftImg8bit.png,0.9230769230769231,1.0,0.3792616938199844,56.69082736968994,0.19411087036132812,-68.10891723632812,0.06010195867987653,0.0,0.5024965035286055,0.48078662157058716,Structure_degraded; Details_lost; Undersaturated; Overexposed; Shadows_remain
cologne_cologne_000143_000019_leftImg8bit.png,cologne_000143_000019_leftImg8bit.png,1.0,1.625,0.4274392808507793,55.313876152038574,0.2951979637145996,-69.33931684494019,0.05848677602944142,0.0,0.47936276105959796,0.48752617835998535,Structure_degraded; Details_lost; Undersaturated; Overexposed; Shadows_remain
cologne_cologne_000144_000019_leftImg8bit.png,cologne_000144_000019_leftImg8bit.png,0.94375,1.0625,0.43345789792688616,58.806607246398926,1.0386395454406738,-61.20048475265503,0.03789109766636546,0.0,0.5192565696957796,0.5114130973815918,Structure_degraded; Details_lost; Undersaturated; Overexposed; Shadows_remain
cologne_cologne_000145_000019_leftImg8bit.png,cologne_000145_000019_leftImg8bit.png,0.9500000000000001,1.2142857142857142,0.4441884452949631,60.85826396942139,0.45004987716674805,-66.6497688293457,0.04502646593797861,0.0,0.4969370288750812,0.5111880302429199,Structure_degraded; Details_lost; Undersaturated; Overexposed; Shadows_remain
cologne_cologne_000146_000019_leftImg8bit.png,cologne_000146_000019_leftImg8bit.png,1.0,2.0,0.4085673672828984,57.30102872848511,-0.3900141716003418,-79.041268825531,0.039258717385987456,0.0,0.4327282412071687,0.5009608864784241,Structure_degraded; Details_lost; Wrong_color_temp; Undersaturated; Overexposed; Shadows_remain
cologne_cologne_000147_000019_leftImg8bit.png,cologne_000147_000019_leftImg8bit.png,0.875,2.25,0.4178070010284207,56.5180983543396,-0.011081695556640625,-67.77435779571533,0.06578710374636806,0.0,0.46278811308676215,0.5039985775947571,Structure_degraded; Details_lost; Wrong_color_temp; Undersaturated; Overexposed; Shadows_remain
cologne_cologne_000148_000019_leftImg8bit.png,cologne_000148_000019_leftImg8bit.png,1.0,1.1666666666666667,0.4515046180685487,63.24920845031738,0.7615866661071777,-70.53656244277954,0.05932858596131869,0.0,0.4471929245184155,0.48902788758277893,Structure_degraded; Details_lost; Undersaturated; Overexposed; Shadows_remain
cologne_cologne_000149_000019_leftImg8bit.png,cologne_000149_000019_leftImg8bit.png,1.0,1.375,0.418356514003157,55.846155643463135,-0.48732948303222656,-71.10588359832764,0.05172542297083859,0.0,0.44555348663539285,0.5148274898529053,Structure_degraded; Details_lost; Wrong_color_temp; Undersaturated; Overexposed; Shadows_remain
cologne_cologne_000150_000019_leftImg8bit.png,cologne_000150_000019_leftImg8bit.png,1.0,1.6666666666666667,0.41015676014843716,55.022483825683594,0.3487834930419922,-61.88153314590454,0.03506375227685943,0.0,0.6682721830080967,0.45603251457214355,Structure_degraded; Details_lost; Undersaturated; Shadows_remain
cologne_cologne_000151_000019_leftImg8bit.png,cologne_000151_000019_leftImg8bit.png,1.0,1.5555555555555556,0.36369720500056685,65.12184572219849,-2.052499294281006,-76.59749698638916,0.03519710378116042,0.0,0.7297539494714785,0.507147490978241,Structure_degraded; Details_lost; Wrong_color_temp; Undersaturated; Shadows_remain
cologne_cologne_000152_000019_leftImg8bit.png,cologne_000152_000019_leftImg8bit.png,1.0,1.4,0.40876928426624654,65.2653546333313,-0.03635549545288086,-76.17251014709473,0.05647840531558742,0.0,0.6480075379667196,0.5132880210876465,Structure_degraded; Details_lost; Wrong_color_temp; Undersaturated; Shadows_remain
cologne_cologne_000153_000019_leftImg8bit.png,cologne_000153_000019_leftImg8bit.png,1.0,1.3333333333333333,0.39598564420699095,62.388986587524414,-2.1982526779174805,-68.86287879943848,0.040022218324258896,0.0,0.6257426088954969,0.5101231932640076,Structure_degraded; Details_lost; Wrong_color_temp; Undersaturated; Shadows_remain
darmstadt_darmstadt_000000_000019_leftImg8bit.png,darmstadt_000000_000019_leftImg8bit.png,1.0,0.9090909090909091,0.4504699722226264,53.70133113861084,3.8068175315856934,-7.91558837890625,0.036674622116134974,0.0,0.5537643204803413,0.5317679643630981,Structure_degraded; Details_lost; Undersaturated; Overexposed; Shadows_remain
darmstadt_darmstadt_000001_000019_leftImg8bit.png,darmstadt_000001_000019_leftImg8bit.png,1.0,1.0,0.4138505348318232,58.129037380218506,1.9154338836669922,-40.83729887008667,0.05116000282065751,0.0,0.5639028919254603,0.5328152179718018,Structure_degraded; Details_lost; Undersaturated; Overexposed; Shadows_remain
darmstadt_darmstadt_000002_000019_leftImg8bit.png,darmstadt_000002_000019_leftImg8bit.png,1.0,2.0,0.4356266050857398,55.83680295944214,3.1583480834960938,-28.488471508026123,0.022108894555265605,0.0,0.6263821018471964,0.49784547090530396,Structure_degraded; Details_lost; Undersaturated; Shadows_remain
darmstadt_darmstadt_000003_000019_leftImg8bit.png,darmstadt_000003_000019_leftImg8bit.png,1.0,2.0,0.40938749305174005,59.430171966552734,1.762434959411621,-29.369885444641113,0.0283831728332404,0.0,0.5037574425819118,0.4891652464866638,Structure_degraded; Details_lost; Undersaturated; Overexposed; Shadows_remain
darmstadt_darmstadt_000004_000019_leftImg8bit.png,darmstadt_000004_000019_leftImg8bit.png,1.0,1.5555555555555556,0.4290969078463006,57.1296272277832,3.4949517250061035,-9.378313064575195,0.026134216504251084,0.0,0.4763606984421468,0.5151652097702026,Structure_degraded; Details_lost; Undersaturated; Overexposed; Shadows_remain
darmstadt_darmstadt_000005_000019_leftImg8bit.png,darmstadt_000005_000019_leftImg8bit.png,1.0,1.2142857142857142,0.47017555359749974,62.1311240196228,3.084136486053467,-23.857975482940674,0.031979356933683575,0.0,0.45781969683007895,0.47724801301956177,Structure_degraded; Details_lost; Undersaturated; Overexposed; Shadows_remain
darmstadt_darmstadt_000006_000019_leftImg8bit.png,darmstadt_000006_000019_leftImg8bit.png,1.0,3.0,0.4696182536085348,59.25416088104248,3.569479465484619,-22.768224239349365,0.031230712257733106,0.0,0.5004626265229041,0.4689183235168457,Structure_degraded; Details_lost; Undersaturated; Overexposed; Shadows_remain
darmstadt_darmstadt_000007_000019_leftImg8bit.png,darmstadt_000007_000019_leftImg8bit.png,1.0,1.8333333333333333,0.45819889041841716,59.56250476837158,3.2768397331237793,-23.387401580810547,0.03482854766911176,0.0,0.6243487056731939,0.5169426202774048,Structure_degraded; Details_lost; Undersaturated; Shadows_remain
darmstadt_darmstadt_000008_000019_leftImg8bit.png,darmstadt_000008_000019_leftImg8bit.png,1.0,1.4,0.44507568292517546,59.42635154724121,3.4445576667785645,-24.407116889953613,0.006663424124510377,0.0,0.6271392589468264,0.5102608799934387,Structure_degraded; Details_lost; Undersaturated; Shadows_remain
darmstadt_darmstadt_000009_000019_leftImg8bit.png,darmstadt_000009_000019_leftImg8bit.png,1.0,0.8,0.43947371260007595,63.11875867843628,3.407398223876953,-26.380798816680908,0.039976106235335214,0.0,0.6354122778518804,0.5661764144897461,Structure_degraded; Details_lost; Undersaturated; Shadows_remain
darmstadt_darmstadt_000010_000019_leftImg8bit.png,darmstadt_000010_000019_leftImg8bit.png,1.0,1.3333333333333333,0.42705207081802904,56.77480173110962,2.783505916595459,-34.60738706588745,0.04528058283762379,0.0,0.45727846763748037,0.5651602149009705,Structure_degraded; Details_lost; Undersaturated; Overexposed; Shadows_remain
darmstadt_darmstadt_000011_000019_leftImg8bit.png,darmstadt_000011_000019_leftImg8bit.png,0.75,0.75,0.46011303582814345,53.17139530181885,4.100942611694336,-3.3936595916748047,0.039169969689889186,0.0,0.43509488444131983,0.46197864413261414,Structure_degraded; Details_lost; Undersaturated; Overexposed; Shadows_remain
darmstadt_darmstadt_000012_000019_leftImg8bit.png,darmstadt_000012_000019_leftImg8bit.png,1.0,2.5,0.47156888183919593,52.564330101013184,1.5628314018249512,-48.072429180145264,0.03242586475299676,0.0,0.5063529153904288,0.4974685311317444,Structure_degraded; Details_lost; Undersaturated; Overexposed; Shadows_remain
darmstadt_darmstadt_000013_000019_leftImg8bit.png,darmstadt_000013_000019_leftImg8bit.png,0.6,0.6,0.4540580086748189,58.11198282241821,3.408608913421631,-24.438451290130615,0.04818149081741153,0.0,0.4476392341729578,0.4937170147895813,Structure_degraded; Details_lost; Undersaturated; Overexposed; Shadows_remain
darmstadt_darmstadt_000014_000019_leftImg8bit.png,darmstadt_000014_000019_leftImg8bit.png,1.0,1.0,0.3954654172256135,61.387468338012695,0.9676423072814941,-39.305163860321045,0.015613131909861421,0.0,0.6266048223653831,0.4869782328605652,Structure_degraded; Details_lost; Undersaturated; Shadows_remain
darmstadt_darmstadt_000015_000019_leftImg8bit.png,darmstadt_000015_000019_leftImg8bit.png,1.0,1.1666666666666667,0.4440707739716403,65.48489570617676,2.8712353706359863,-21.02769136428833,0.053792327877029304,0.0,0.6348937338246283,0.4932858943939209,Structure_degraded; Details_lost; Undersaturated; Shadows_remain
darmstadt_darmstadt_000016_000019_leftImg8bit.png,darmstadt_000016_000019_leftImg8bit.png,0.8,1.5,0.4452446733410148,72.95743703842163,2.6596827507019043,-54.56281757354736,0.03772731839645391,0.0,0.5271022425446337,0.45488449931144714,Structure_degraded; Details_lost; Undersaturated; Overexposed; Shadows_remain
darmstadt_darmstadt_000017_000019_leftImg8bit.png,darmstadt_000017_000019_leftImg8bit.png,0.8666666666666667,1.3333333333333333,0.4780436771638928,64.56443166732788,2.319101333618164,-64.70111989974976,0.015749903420398875,0.0,0.28784184894455433,0.4918562173843384,Structure_degraded; Details_lost; Undersaturated; Overexposed; Shadows_remain
darmstadt_darmstadt_000018_000019_leftImg8bit.png,darmstadt_000018_000019_leftImg8bit.png,0.625,1.0,0.4375764124560089,65.273202419281,2.511847496032715,-50.772194385528564,0.052955256858754206,0.0,0.5757729760809621,0.5250336527824402,Structure_degraded; Details_lost; Undersaturated; Overexposed; Shadows_remain
darmstadt_darmstadt_000019_000019_leftImg8bit.png,darmstadt_000019_000019_leftImg8bit.png,0.8333333333333334,1.0,0.4504638653620186,55.56074333190918,1.9805574417114258,-34.324554443359375,0.025467022493321778,0.0,0.4842529862453715,0.46075761318206787,Structure_degraded; Details_lost; Undersaturated; Overexposed; Shadows_remain
darmstadt_darmstadt_000020_000019_leftImg8bit.png,darmstadt_000020_000019_leftImg8bit.png,1.0,3.0,0.43924092826185085,57.81744146347046,0.8092565536499023,-31.64011526107788,0.023864042933806107,0.0,0.501340439102566,0.4804520308971405,Structure_degraded; Details_lost; Undersaturated; Overexposed; Shadows_remain
darmstadt_darmstadt_000021_000019_leftImg8bit.png,darmstadt_000021_000019_leftImg8bit.png,1.0,1.0,0.4205321307839644,62.58674621582031,1.5805535316467285,-44.55508375167847,0.01878300394375821,0.0,0.7401804199870914,0.50959312915802,Structure_degraded; Details_lost; Undersaturated; Shadows_remain
darmstadt_darmstadt_000022_000019_leftImg8bit.png,darmstadt_000022_000019_leftImg8bit.png,1.0,1.2,0.42067233308921576,60.69083786010742,1.3106870651245117,-42.74387788772583,0.012398573445986645,0.0,0.7672799204019368,0.5120693445205688,Structure_degraded; Details_lost; Undersaturated; Shadows_remain
darmstadt_darmstadt_000023_000019_leftImg8bit.png,darmstadt_000023_000019_leftImg8bit.png,1.0,1.2857142857142858,0.4377494200060202,52.24419164657593,2.2213711738586426,-30.998109340667725,0.033364167012205875,0.0,0.5661763907866586,0.5049842596054077,Structure_degraded; Details_lost; Undersaturated; Overexposed; Shadows_remain
darmstadt_darmstadt_000024_000019_leftImg8bit.png,darmstadt_000024_000019_leftImg8bit.png,0.9181818181818181,1.0909090909090908,0.39886869772528855,60.85122203826904,2.607417106628418,-26.519697666168213,0.01258595437280923,0.0,0.7084212313864919,0.5301205515861511,Structure_degraded; Details_lost; Undersaturated; Shadows_remain
darmstadt_darmstadt_000025_000019_leftImg8bit.png,darmstadt_000025_000019_leftImg8bit.png,0.8666666666666667,1.3333333333333333,0.43385757631349964,58.12276840209961,1.0840606689453125,-37.43525552749634,0.0396836849548213,0.0,0.5738805710310613,0.5018762350082397,Structure_degraded; Details_lost; Undersaturated; Overexposed; Shadows_remain
darmstadt_darmstadt_000026_000019_leftImg8bit.png,darmstadt_000026_000019_leftImg8bit.png,1.0,14.0,0.43206826519540753,58.30175828933716,4.0861287117004395,-3.1901636123657227,0.04231582461605767,0.0,0.5326737417789535,0.47200506925582886,Structure_degraded; Details_lost; Undersaturated; Overexposed; Shadows_remain
darmstadt_darmstadt_000027_000019_leftImg8bit.png,darmstadt_000027_000019_leftImg8bit.png,1.0,1.4375,0.4598703693991636,54.8304967880249,3.2270355224609375,0.4564533233642578,0.03220476368623513,0.0,0.4704661143811997,0.5100629329681396,Structure_degraded; Details_lost; Overexposed; Shadows_remain
darmstadt_darmstadt_000028_000019_leftImg8bit.png,darmstadt_000028_000019_leftImg8bit.png,0.9095238095238095,1.0476190476190477,0.4789510033819543,50.522719383239746,3.510329246520996,4.762015342712402,0.014499867839740777,0.0,0.495250650924953,0.4268803000450134,Structure_degraded; Details_lost; Overexposed; Shadows_remain
darmstadt_darmstadt_000029_000019_leftImg8bit.png,darmstadt_000029_000019_leftImg8bit.png,1.0,1.8571428571428572,0.45213820236646457,54.86132001876831,3.80375337600708,4.24129056930542,0.035397379632881,0.0,0.48667444885993993,0.4754756987094879,Structure_degraded; Details_lost; Overexposed; Shadows_remain
darmstadt_darmstadt_000030_000019_leftImg8bit.png,darmstadt_000030_000019_leftImg8bit.png,0.7777777777777778,1.0,0.43175206026657564,59.31397294998169,4.164330959320068,-2.245490550994873,0.031011583011573432,0.0,0.5119561349123675,0.5459986329078674,Structure_degraded; Details_lost; Undersaturated; Overexposed; Shadows_remain
darmstadt_darmstadt_000031_000019_leftImg8bit.png,darmstadt_000031_000019_leftImg8bit.png,1.0,3.0,0.42804456034117183,64.78565311431885,2.390087127685547,-23.15719509124756,0.02953750485813405,0.0,0.5770423174231354,0.5450173616409302,Structure_degraded; Details_lost; Undersaturated; Overexposed; Shadows_remain
darmstadt_darmstadt_000032_000019_leftImg8bit.png,darmstadt_000032_000019_leftImg8bit.png,0.8333333333333334,1.0,0.45768745174293884,52.768256187438965,3.769853115081787,6.136046409606934,0.052403000610153114,0.0,0.46792425998922704,0.47808465361595154,Structure_degraded; Details_lost; Overexposed; Shadows_remain
darmstadt_darmstadt_000033_000019_leftImg8bit.png,darmstadt_000033_000019_leftImg8bit.png,1.0,1.8,0.4391677179656567,51.760475635528564,3.0547823905944824,-13.399922370910645,0.029077429983517554,0.0,0.5771004075791706,0.4794383943080902,Structure_degraded; Details_lost; Undersaturated; Overexposed; Shadows_remain
darmstadt_darmstadt_000034_000019_leftImg8bit.png,darmstadt_000034_000019_leftImg8bit.png,1.0,1.5,0.4595214494071207,58.14089107513428,4.751649379730225,18.44095754623413,0.03713351846844828,0.0,0.4696462646632966,0.5151479244232178,Structure_degraded; Details_lost; Overexposed; Shadows_remain
darmstadt_darmstadt_000035_000019_leftImg8bit.png,darmstadt_000035_000019_leftImg8bit.png,0.9428571428571428,1.1428571428571428,0.46468783141672765,50.94972038269043,2.261979103088379,-28.52271032333374,0.027166057308040486,0.0,0.5866600043997019,0.48662927746772766,Structure_degraded; Details_lost; Undersaturated; Overexposed; Shadows_remain
darmstadt_darmstadt_000036_000019_leftImg8bit.png,darmstadt_000036_000019_leftImg8bit.png,0.8714285714285713,1.1428571428571428,0.45258568775818775,53.60292196273804,2.138418674468994,-40.34968852996826,0.03827374905788961,0.0,0.518363677428388,0.4685286581516266,Structure_degraded; Details_lost; Undersaturated; Overexposed; Shadows_remain
darmstadt_darmstadt_000037_000019_leftImg8bit.png,darmstadt_000037_000019_leftImg8bit.png,0.93,1.3,0.4245673731683452,52.818233489990234,2.247392177581787,-40.094390869140625,0.04003136478063636,0.0,0.6100923234103466,0.5080177783966064,Structure_degraded; Details_lost; Undersaturated; Shadows_remain
darmstadt_darmstadt_000038_000019_leftImg8bit.png,darmstadt_000038_000019_leftImg8bit.png,0.9090909090909091,0.9090909090909091,0.49527117956262845,55.22611951828003,4.776202201843262,17.107006072998047,0.023423905768965525,0.0,0.4531996445985771,0.46175462007522583,Structure_degraded; Details_lost; Overexposed; Shadows_remain
darmstadt_darmstadt_000039_000019_leftImg8bit.png,darmstadt_000039_000019_leftImg8bit.png,0.6666666666666666,0.6666666666666666,0.38456467113451503,54.26947498321533,3.3668766021728516,-22.83534288406372,0.009318338306169694,0.0,0.8158887621972036,0.5535037517547607,Structure_degraded; Details_lost; Undersaturated; Shadows_remain
darmstadt_darmstadt_000040_000019_leftImg8bit.png,darmstadt_000040_000019_leftImg8bit.png,1.0,1.5714285714285714,0.43062368184021954,55.61538791656494,4.85076904296875,20.014902591705322,0.08041181873848728,0.0,0.46260851851794205,0.5233964920043945,Structure_degraded; Details_lost; Overexposed; Shadows_remain
darmstadt_darmstadt_000041_000019_leftImg8bit.png,darmstadt_000041_000019_leftImg8bit.png,0.8999999999999999,1.1111111111111112,0.45473713654815334,59.989675521850586,3.7624316215515137,7.482173442840576,0.03634882336350818,0.0,0.47588923448369946,0.5159575939178467,Structure_degraded; Details_lost; Overexposed; Shadows_remain
darmstadt_darmstadt_000042_000019_leftImg8bit.png,darmstadt_000042_000019_leftImg8bit.png,1.0,1.75,0.46557158065189425,57.78977012634277,3.1027517318725586,-9.359535217285156,0.04915080417217811,0.0,0.4036214747748872,0.4734228849411011,Structure_degraded; Details_lost; Undersaturated; Overexposed; Shadows_remain
darmstadt_darmstadt_000043_000019_leftImg8bit.png,darmstadt_000043_000019_leftImg8bit.png,0.9166666666666667,1.8333333333333333,0.45119358419201006,60.244996070861816,4.659824371337891,24.135926723480225,0.02962063165762717,0.0,0.5852794864461456,0.5076351165771484,Structure_degraded; Details_lost; Overexposed; Shadows_remain
darmstadt_darmstadt_000044_000019_leftImg8bit.png,darmstadt_000044_000019_leftImg8bit.png,1.0,2.5,0.42933883162043407,60.18076133728027,3.8791885375976562,3.9304609298706055,0.021948249619475817,0.0,0.5834906104019826,0.4926270544528961,Structure_degraded; Details_lost; Overexposed; Shadows_remain
darmstadt_darmstadt_000045_000019_leftImg8bit.png,darmstadt_000045_000019_leftImg8bit.png,1.0,1.6,0.42232293722562747,59.991432189941406,3.7552857398986816,5.393619060516357,0.020286871638216252,0.0,0.5903281021652848,0.47998014092445374,Structure_degraded; Details_lost; Overexposed; Shadows_remain
darmstadt_darmstadt_000046_000019_leftImg8bit.png,darmstadt_000046_000019_leftImg8bit.png,1.0,1.5714285714285714,0.4772729464659873,50.344770431518555,4.439999580383301,16.72766637802124,0.03534491091277013,0.0,0.4341612025045458,0.5128682851791382,Structure_degraded; Details_lost; Overexposed; Shadows_remain
darmstadt_darmstadt_000047_000019_leftImg8bit.png,darmstadt_000047_000019_leftImg8bit.png,1.0,2.1666666666666665,0.47461439878465567,53.29916763305664,4.985039710998535,23.25410270690918,0.04658751864742461,0.0,0.41862775538344854,0.48732301592826843,Structure_degraded; Details_lost; Overexposed; Shadows_remain
darmstadt_darmstadt_000048_000019_leftImg8bit.png,darmstadt_000048_000019_leftImg8bit.png,1.0,1.6,0.4777780879705587,51.41211652755737,4.109447956085205,9.642082691192627,0.07603745400223119,0.0,0.3801524596988958,0.4976426661014557,Structure_degraded; Details_lost; Overexposed; Shadows_remain
darmstadt_darmstadt_000049_000019_leftImg8bit.png,darmstadt_000049_000019_leftImg8bit.png,1.0,1.0,0.4745091145986761,50.28346347808838,4.673684120178223,14.545650959014893,0.0607475019880162,0.0,0.38943714101648064,0.49995243549346924,Structure_degraded; Details_lost; Overexposed; Shadows_remain
darmstadt_darmstadt_000050_000019_leftImg8bit.png,darmstadt_000050_000019_leftImg8bit.png,1.0,1.0,0.47487807983132396,60.93869733810425,4.137720108032227,3.4148507118225098,0.04466252263715808,0.0,0.4427309024430909,0.4560965299606323,Structure_degraded; Details_lost; Overexposed; Shadows_remain
darmstadt_darmstadt_000051_000019_leftImg8bit.png,darmstadt_000051_000019_leftImg8bit.png,1.0,1.25,0.44383155086301257,54.96791410446167,3.8909049034118652,-25.82185459136963,0.03841774708927226,0.0,0.5603774362605037,0.48449814319610596,Structure_degraded; Details_lost; Undersaturated; Overexposed; Shadows_remain
darmstadt_darmstadt_000052_000019_leftImg8bit.png,darmstadt_000052_000019_leftImg8bit.png,1.0,2.0,0.42652704692804494,54.11944341659546,4.3457512855529785,11.08083200454712,0.0633048265015081,0.0,0.45219423406528003,0.48327645659446716,Structure_degraded; Details_lost; Overexposed; Shadows_remain
darmstadt_darmstadt_000053_000019_leftImg8bit.png,darmstadt_000053_000019_leftImg8bit.png,1.0,1.6666666666666667,0.41241536698978837,55.309021949768066,5.38899040222168,23.39580202102661,0.0708109371348239,0.0,0.5212412867755535,0.4637582302093506,Structure_degraded; Details_lost; Overexposed; Shadows_remain
darmstadt_darmstadt_000054_000019_leftImg8bit.png,darmstadt_000054_000019_leftImg8bit.png,1.0,1.3333333333333333,0.42361554368994264,53.99044370651245,2.8632116317749023,-7.835350036621094,0.04386391251517057,0.0,0.4694633739832965,0.48742228746414185,Structure_degraded; Details_lost; Undersaturated; Overexposed; Shadows_remain
darmstadt_darmstadt_000055_000019_leftImg8bit.png,darmstadt_000055_000019_leftImg8bit.png,1.0,1.25,0.44890757424192096,58.55617952346802,4.3045973777771,12.91576099395752,0.06255656518116694,0.0,0.43604449961980263,0.47063761949539185,Structure_degraded; Details_lost; Overexposed; Shadows_remain
darmstadt_darmstadt_000056_000019_leftImg8bit.png,darmstadt_000056_000019_leftImg8bit.png,0.8181818181818182,0.9090909090909091,0.4634530079260488,61.441110134124756,5.015474319458008,17.017517566680908,0.03727131782944581,0.0,0.49401778135340346,0.46771228313446045,Structure_degraded; Details_lost; Overexposed; Shadows_remain
darmstadt_darmstadt_000057_000019_leftImg8bit.png,darmstadt_000057_000019_leftImg8bit.png,1.0,1.6666666666666667,0.46775798099685095,50.42654609680176,3.587475299835205,16.4724383354187,0.04490018614800536,0.0,0.50446011002797,0.4904574155807495,Structure_degraded; Details_lost; Overexposed; Shadows_remain
darmstadt_darmstadt_000058_000019_leftImg8bit.png,darmstadt_000058_000019_leftImg8bit.png,1.0,1.5,0.5016114518826599,54.788748264312744,4.407592296600342,28.981820583343506,0.03613316820863113,0.0,0.5049709714579218,0.4212629199028015,Structure_degraded; Details_lost; Overexposed; Shadows_remain
darmstadt_darmstadt_000059_000019_leftImg8bit.png,darmstadt_000059_000019_leftImg8bit.png,1.0,1.2727272727272727,0.4889928373784898,52.86174440383911,3.5068612098693848,15.369565486907959,0.035754521197736214,0.0,0.5813140375072963,0.4543120563030243,Structure_degraded; Details_lost; Overexposed; Shadows_remain
darmstadt_darmstadt_000060_000019_leftImg8bit.png,darmstadt_000060_000019_leftImg8bit.png,1.0,3.0,0.45609387567700066,54.434388160705566,5.734794616699219,33.74451303482056,0.08149376145184474,0.0,0.47403436962573975,0.4966048300266266,Structure_degraded; Details_lost; Overexposed; Shadows_remain
darmstadt_darmstadt_000061_000019_leftImg8bit.png,darmstadt_000061_000019_leftImg8bit.png,1.0,1.3636363636363635,0.42592922947486017,56.16107177734375,4.727818965911865,36.83977174758911,0.019475058646479117,0.0,0.6510477657409586,0.5333413481712341,Structure_degraded; Details_lost; Shadows_remain
darmstadt_darmstadt_000062_000019_leftImg8bit.png,darmstadt_000062_000019_leftImg8bit.png,1.0,1.4,0.39712946797029597,62.85558748245239,3.0460333824157715,-5.318797588348389,0.03003309968846621,0.0,0.7680810293820013,0.5009713172912598,Structure_degraded; Details_lost; Undersaturated; Shadows_remain
darmstadt_darmstadt_000063_000019_leftImg8bit.png,darmstadt_000063_000019_leftImg8bit.png,1.0,2.2,0.4391734764656878,59.32655382156372,1.5423994064331055,-22.38761043548584,0.021191233274286438,0.0,0.5234323199804405,0.521032452583313,Structure_degraded; Details_lost; Undersaturated; Overexposed; Shadows_remain
darmstadt_darmstadt_000064_000019_leftImg8bit.png,darmstadt_000064_000019_leftImg8bit.png,1.0,1.75,0.44178052245983696,51.48432731628418,3.696436882019043,-19.871981620788574,0.06040268456373367,0.0,0.5221344796317497,0.5108996629714966,Structure_degraded; Details_lost; Undersaturated; Overexposed; Shadows_remain
darmstadt_darmstadt_000065_000019_leftImg8bit.png,darmstadt_000065_000019_leftImg8bit.png,1.0,1.75,0.43850767582143346,52.06839179992676,3.3811540603637695,-9.046624183654785,0.057002091819867616,0.0,0.6331416114132818,0.48257169127464294,Structure_degraded; Details_lost; Undersaturated; Shadows_remain
darmstadt_darmstadt_000066_000019_leftImg8bit.png,darmstadt_000066_000019_leftImg8bit.png,1.0,1.375,0.4011020894236578,61.38485670089722,2.975464344024658,-28.12244701385498,0.014153544513199511,0.0,0.7192761877477389,0.5379422307014465,Structure_degraded; Details_lost; Undersaturated; Shadows_remain
darmstadt_darmstadt_000067_000019_leftImg8bit.png,darmstadt_000067_000019_leftImg8bit.png,1.0,2.25,0.42776742179378285,55.574944496154785,-0.5019731521606445,-61.74721670150757,0.03827530551071189,0.0,0.6351696129624358,0.4925236105918884,Structure_degraded; Details_lost; Wrong_color_temp; Undersaturated; Shadows_remain
darmstadt_darmstadt_000068_000019_leftImg8bit.png,darmstadt_000068_000019_leftImg8bit.png,1.0,2.1666666666666665,0.43202107794157235,54.22574234008789,1.6470398902893066,-42.24031066894531,0.033422536013200076,0.0,0.5494770129980269,0.5195820331573486,Structure_degraded; Details_lost; Undersaturated; Overexposed; Shadows_remain
darmstadt_darmstadt_000069_000019_leftImg8bit.png,darmstadt_000069_000019_leftImg8bit.png,0.8333333333333334,0.5,0.4772188401680808,50.88513135910034,2.6390442848205566,-17.37067174911499,0.04278931411245273,0.0,0.4964669427976993,0.4859669804573059,Structure_degraded; Details_lost; Undersaturated; Overexposed; Shadows_remain
darmstadt_darmstadt_000070_000019_leftImg8bit.png,darmstadt_000070_000019_leftImg8bit.png,1.0,1.0,0.48084506688390777,51.83488750457764,1.7490801811218262,-46.51034641265869,0.05038824513199131,0.0,0.506154666651977,0.4599553942680359,Structure_degraded; Details_lost; Undersaturated; Overexposed; Shadows_remain
darmstadt_darmstadt_000071_000019_leftImg8bit.png,darmstadt_000071_000019_leftImg8bit.png,0.6833333333333333,1.1666666666666667,0.46745213565941707,51.67982006072998,1.5161457061767578,-47.44676065444946,0.03589698164181945,0.0,0.45587453672612743,0.4553804099559784,Structure_degraded; Details_lost; Undersaturated; Overexposed; Shadows_remain
darmstadt_darmstadt_000072_000019_leftImg8bit.png,darmstadt_000072_000019_leftImg8bit.png,1.0,2.0,0.4399673177619676,55.579411029815674,1.7567071914672852,-45.292168617248535,0.02017471885708283,0.0,0.5075056671925365,0.489071249961853,Structure_degraded; Details_lost; Undersaturated; Overexposed; Shadows_remain
darmstadt_darmstadt_000073_000019_leftImg8bit.png,darmstadt_000073_000019_leftImg8bit.png,1.0,1.25,0.4117953658102524,55.68570041656494,-2.4900240898132324,-76.30491733551025,0.04101904380284687,0.0,0.555535828511249,0.4464362561702728,Structure_degraded; Details_lost; Wrong_color_temp; Undersaturated; Overexposed; Shadows_remain
darmstadt_darmstadt_000074_000019_leftImg8bit.png,darmstadt_000074_000019_leftImg8bit.png,1.0,2.4,0.4233371839962861,58.50119590759277,0.9925851821899414,-43.30851221084595,0.04255914580327588,0.0,0.6986541952760106,0.47429555654525757,Structure_degraded; Details_lost; Undersaturated; Shadows_remain
darmstadt_darmstadt_000075_000019_leftImg8bit.png,darmstadt_000075_000019_leftImg8bit.png,0.2,3.0,0.38687006635224225,67.37727737426758,1.6165246963500977,-65.61363172531128,0.04669051460100379,0.0,0.538375366364233,0.44889703392982483,Lost_objects; Structure_degraded; Details_lost; Undersaturated; Overexposed; Shadows_remain
darmstadt_darmstadt_000076_000019_leftImg8bit.png,darmstadt_000076_000019_leftImg8bit.png,1.0,0.75,0.415119198469728,56.336612701416016,-0.12848997116088867,-59.707358837127686,0.020602549938783375,0.0,0.4975263139235341,0.5490739345550537,Structure_degraded; Details_lost; Wrong_color_temp; Undersaturated; Overexposed; Shadows_remain
darmstadt_darmstadt_000077_000019_leftImg8bit.png,darmstadt_000077_000019_leftImg8bit.png,0.9363636363636363,1.2727272727272727,0.44685822477006604,50.6687798500061,1.8595004081726074,-50.55402374267578,0.05133965997114404,0.0,0.4257401388552595,0.4840022325515747,Structure_degraded; Details_lost; Undersaturated; Overexposed; Shadows_remain
darmstadt_darmstadt_000078_000019_leftImg8bit.png,darmstadt_000078_000019_leftImg8bit.png,0.9538461538461539,1.3076923076923077,0.44393846983485713,57.3312554359436,1.9013986587524414,-22.6031756401062,0.03519139538687323,0.0,0.59665477115813,0.45458540320396423,Structure_degraded; Details_lost; Undersaturated; Overexposed; Shadows_remain
darmstadt_darmstadt_000079_000019_leftImg8bit.png,darmstadt_000079_000019_leftImg8bit.png,0.9428571428571428,1.1428571428571428,0.48095591115254227,55.962162017822266,2.5781874656677246,-27.3268780708313,0.04179644863295216,0.0,0.47761308785867396,0.44052594900131226,Structure_degraded; Details_lost; Undersaturated; Overexposed; Shadows_remain
darmstadt_darmstadt_000080_000019_leftImg8bit.png,darmstadt_000080_000019_leftImg8bit.png,1.0,1.75,0.37282816937457103,59.680665493011475,-1.1008901596069336,-71.19165468215942,0.022607815970613666,0.0,0.7119491722066646,0.4799133539199829,Structure_degraded; Details_lost; Wrong_color_temp; Undersaturated; Shadows_remain
darmstadt_darmstadt_000081_000019_leftImg8bit.png,darmstadt_000081_000019_leftImg8bit.png,0.8272727272727273,1.0909090909090908,0.4167064552413068,69.7882661819458,0.6194276809692383,-60.80680513381958,0.05895786426501803,0.0,0.7244343595488704,0.49801474809646606,Structure_degraded; Details_lost; Undersaturated; Shadows_remain
darmstadt_darmstadt_000082_000019_leftImg8bit.png,darmstadt_000082_000019_leftImg8bit.png,0.8,1.5,0.3970149762866562,58.8608512878418,0.18936729431152344,-34.668118476867676,0.02894992707826229,0.0,0.7602495418890401,0.5226960182189941,Structure_degraded; Details_lost; Undersaturated; Shadows_remain
darmstadt_darmstadt_000083_000019_leftImg8bit.png,darmstadt_000083_000019_leftImg8bit.png,0.8200000000000001,1.2,0.3562469780986891,59.213722229003906,-0.8083128929138184,-65.36575555801392,0.018224536449067113,0.0,0.7633108521718037,0.5779102444648743,Structure_degraded; Details_lost; Wrong_color_temp; Undersaturated; Shadows_remain
darmstadt_darmstadt_000084_000019_leftImg8bit.png,darmstadt_000084_000019_leftImg8bit.png,0.65,2.5,0.449534624977174,58.658851146698,1.6871747970581055,-40.072434425354004,0.03727656808578574,0.0,0.5789969142253597,0.5476265549659729,Structure_degraded; Details_lost; Undersaturated; Overexposed; Shadows_remain
dusseldorf_dusseldorf_000000_000019_leftImg8bit.png,dusseldorf_000000_000019_leftImg8bit.png,0.6666666666666666,0.8333333333333334,0.36561722891259657,59.034743309020996,-2.704461097717285,-71.82651424407959,0.023659435120743488,0.0,0.7423524171140033,0.5428808927536011,Structure_degraded; Details_lost; Wrong_color_temp; Undersaturated; Shadows_remain
dusseldorf_dusseldorf_000001_000019_leftImg8bit.png,dusseldorf_000001_000019_leftImg8bit.png,1.0,1.2,0.38631759166761426,50.121315002441406,-1.154731273651123,-84.13284301757812,0.05241434404400301,0.0,0.6019876424005183,0.4764557480812073,Structure_degraded; Details_lost; Wrong_color_temp; Undersaturated; Shadows_remain
dusseldorf_dusseldorf_000002_000019_leftImg8bit.png,dusseldorf_000002_000019_leftImg8bit.png,1.0,2.0,0.39177247662735365,54.847354888916016,-1.7305073738098145,-71.44671487808228,0.035796960445520914,0.0,0.7026494612725722,0.4801369905471802,Structure_degraded; Details_lost; Wrong_color_temp; Undersaturated; Shadows_remain
dusseldorf_dusseldorf_000003_000019_leftImg8bit.png,dusseldorf_000003_000019_leftImg8bit.png,0.75,0.75,0.35428285821773214,64.92785120010376,-1.0181264877319336,-82.73881673812866,0.033819547021161425,0.0,0.8416442751564946,0.557303786277771,Structure_degraded; Details_lost; Wrong_color_temp; Undersaturated; Shadows_remain
dusseldorf_dusseldorf_000004_000019_leftImg8bit.png,dusseldorf_000004_000019_leftImg8bit.png,1.0,1.8333333333333333,0.384831946659076,57.84644842147827,-1.2567362785339355,-79.71453619003296,0.01652932740221772,0.0,0.7924464048238471,0.5335463881492615,Structure_degraded; Details_lost; Wrong_color_temp; Undersaturated; Shadows_remain
dusseldorf_dusseldorf_000005_000019_leftImg8bit.png,dusseldorf_000005_000019_leftImg8bit.png,0.93,1.3,0.4199183339254725,53.88028049468994,-0.6514143943786621,-72.32097673416138,0.026681805279583685,0.0,0.6833818467070523,0.508283257484436,Structure_degraded; Details_lost; Wrong_color_temp; Undersaturated; Shadows_remain
dusseldorf_dusseldorf_000006_000019_leftImg8bit.png,dusseldorf_000006_000019_leftImg8bit.png,1.0,1.2,0.4061079125411982,58.50723934173584,-1.444692611694336,-67.20614862442017,0.021955985191273664,0.0,0.7600221283378685,0.5192791819572449,Structure_degraded; Details_lost; Wrong_color_temp; Undersaturated; Shadows_remain
dusseldorf_dusseldorf_000007_000019_leftImg8bit.png,dusseldorf_000007_000019_leftImg8bit.png,0.95,1.75,0.38426452411799705,55.19293451309204,-4.304647922515869,-75.65281581878662,0.040630529194132015,0.0,0.8341250405191374,0.47769391536712646,Structure_degraded; Details_lost; Wrong_color_temp; Undersaturated; Shadows_remain
dusseldorf_dusseldorf_000008_000019_leftImg8bit.png,dusseldorf_000008_000019_leftImg8bit.png,0.9,0.9,0.371858909634688,49.71349477767944,-2.6935715675354004,-75.28492736816406,0.02427199552474616,0.0,0.8504784241289071,0.5286958813667297,Structure_degraded; Details_lost; Wrong_color_temp; Undersaturated; Shadows_remain
dusseldorf_dusseldorf_000009_000019_leftImg8bit.png,dusseldorf_000009_000019_leftImg8bit.png,1.0,1.8571428571428572,0.37281203623326287,55.70702028274536,-1.3294835090637207,-80.67482423782349,0.027017526239133477,0.0,0.8635698556585762,0.5601078271865845,Structure_degraded; Details_lost; Wrong_color_temp; Undersaturated; Shadows_remain
dusseldorf_dusseldorf_000010_000019_leftImg8bit.png,dusseldorf_000010_000019_leftImg8bit.png,1.0,1.75,0.39287573186260627,57.79738235473633,-1.7610368728637695,-83.43936491012573,0.020238277073463613,0.0,0.8007896383778432,0.5328220725059509,Structure_degraded; Details_lost; Wrong_color_temp; Undersaturated; Shadows_remain
dusseldorf_dusseldorf_000011_000019_leftImg8bit.png,dusseldorf_000011_000019_leftImg8bit.png,0.825,1.75,0.41970854791915574,60.699974060058594,-0.029444217681884766,-66.78729963302612,0.01007238250585991,0.0,0.8613625793406713,0.5144742131233215,Structure_degraded; Details_lost; Wrong_color_temp; Undersaturated; Shadows_remain
dusseldorf_dusseldorf_000012_000019_leftImg8bit.png,dusseldorf_000012_000019_leftImg8bit.png,1.0,3.0,0.36823080667688,59.12001371383667,-1.1400279998779297,-87.29148769378662,0.02698252995516922,0.0,0.8121684131525734,0.5745247602462769,Structure_degraded; Details_lost; Wrong_color_temp; Undersaturated; Shadows_remain
dusseldorf_dusseldorf_000013_000019_leftImg8bit.png,dusseldorf_000013_000019_leftImg8bit.png,1.0,1.4166666666666667,0.3849227858308056,54.14805459976196,-0.9941525459289551,-80.05156517028809,0.022058358123924912,0.0,0.7729482375225454,0.5388664603233337,Structure_degraded; Details_lost; Wrong_color_temp; Undersaturated; Shadows_remain
dusseldorf_dusseldorf_000014_000019_leftImg8bit.png,dusseldorf_000014_000019_leftImg8bit.png,0.8400000000000001,1.4,0.3760939339603294,55.76580095291138,-0.8391919136047363,-81.33183097839355,0.0363959982814594,0.0,0.7039816060484244,0.5590886473655701,Structure_degraded; Details_lost; Wrong_color_temp; Undersaturated; Shadows_remain
dusseldorf_dusseldorf_000015_000019_leftImg8bit.png,dusseldorf_000015_000019_leftImg8bit.png,1.0,2.3333333333333335,0.3839223256758235,55.44048738479614,-2.889266014099121,-80.63726329803467,0.019729858340341983,0.0,0.5565337237078876,0.5191470384597778,Structure_degraded; Details_lost; Wrong_color_temp; Undersaturated; Overexposed; Shadows_remain
dusseldorf_dusseldorf_000016_000019_leftImg8bit.png,dusseldorf_000016_000019_leftImg8bit.png,0.6833333333333333,1.1666666666666667,0.3765927133341197,60.20124340057373,-3.823652744293213,-79.21324634552002,0.03162221355493936,0.0,0.8714823974124969,0.557341456413269,Structure_degraded; Details_lost; Wrong_color_temp; Undersaturated; Shadows_remain
dusseldorf_dusseldorf_000017_000019_leftImg8bit.png,dusseldorf_000017_000019_leftImg8bit.png,1.0,1.6666666666666667,0.44524848854084925,58.18279838562012,-1.457247257232666,-69.32034969329834,0.03639414756934386,0.0,0.5757835531578894,0.4776230454444885,Structure_degraded; Details_lost; Wrong_color_temp; Undersaturated; Overexposed; Shadows_remain
dusseldorf_dusseldorf_000018_000019_leftImg8bit.png,dusseldorf_000018_000019_leftImg8bit.png,0.9666666666666667,2.3333333333333335,0.3886840173253396,52.19094133377075,-1.465163230895996,-88.22510147094727,0.03188037423610625,0.0,0.718580369667392,0.498384952545166,Structure_degraded; Details_lost; Wrong_color_temp; Undersaturated; Shadows_remain
dusseldorf_dusseldorf_000019_000019_leftImg8bit.png,dusseldorf_000019_000019_leftImg8bit.png,0.8125,1.625,0.4007143730389047,48.5879487991333,-1.0654082298278809,-84.69958972930908,0.03191968981995374,0.0,0.7158719323348027,0.5080624222755432,Structure_degraded; Details_lost; Wrong_color_temp; Undersaturated; Shadows_remain
dusseldorf_dusseldorf_000020_000019_leftImg8bit.png,dusseldorf_000020_000019_leftImg8bit.png,1.0,1.8571428571428572,0.41864161386380294,52.957064151763916,-1.7417969703674316,-96.35158777236938,0.05280864060906874,0.0,0.6626069282387309,0.47953543066978455,Structure_degraded; Details_lost; Wrong_color_temp; Undersaturated; Shadows_remain
dusseldorf_dusseldorf_000021_000019_leftImg8bit.png,dusseldorf_000021_000019_leftImg8bit.png,1.0,1.0,0.35122499977987304,60.22774314880371,-2.3019676208496094,-89.64209461212158,0.014104372355424657,0.0,0.8885507688105803,0.5975678563117981,Structure_degraded; Details_lost; Wrong_color_temp; Undersaturated; Shadows_remain
dusseldorf_dusseldorf_000022_000019_leftImg8bit.png,dusseldorf_000022_000019_leftImg8bit.png,1.0,0.0,0.33676472311796946,64.99306964874268,-2.0215086936950684,-81.96577405929565,0.021584852321911253,0.0,0.9095705999467865,0.5038156509399414,Structure_degraded; Details_lost; Wrong_color_temp; Undersaturated; Shadows_remain
dusseldorf_dusseldorf_000023_000019_leftImg8bit.png,dusseldorf_000023_000019_leftImg8bit.png,1.0,1.0,0.32416117844135195,61.39255428314209,-2.327040672302246,-84.9227499961853,0.02992132241912504,0.0,0.815713735987548,0.5097319483757019,Structure_degraded; Details_lost; Wrong_color_temp; Undersaturated; Shadows_remain
dusseldorf_dusseldorf_000024_000019_leftImg8bit.png,dusseldorf_000024_000019_leftImg8bit.png,0.9,1.6666666666666667,0.38235483985005836,60.160773277282715,-0.23468351364135742,-76.65571689605713,0.021646846304374037,0.0,0.8956353409342772,0.538634717464447,Structure_degraded; Details_lost; Wrong_color_temp; Undersaturated; Shadows_remain
dusseldorf_dusseldorf_000025_000019_leftImg8bit.png,dusseldorf_000025_000019_leftImg8bit.png,1.0,1.0,0.37126507580446677,57.84930992126465,-0.25629663467407227,-76.50532245635986,0.028720273333098095,0.0,0.8644760525709085,0.5445191264152527,Structure_degraded; Details_lost; Wrong_color_temp; Undersaturated; Shadows_remain
dusseldorf_dusseldorf_000026_000019_leftImg8bit.png,dusseldorf_000026_000019_leftImg8bit.png,1.0,1.6,0.3614767053054363,53.90904521942139,-0.5870275497436523,-75.73936891555786,0.024674276490247636,0.0,0.7961974595382217,0.52397620677948,Structure_degraded; Details_lost; Wrong_color_temp; Undersaturated; Shadows_remain
dusseldorf_dusseldorf_000027_000019_leftImg8bit.png,dusseldorf_000027_000019_leftImg8bit.png,0.9,2.5,0.3586698506116655,55.947669982910156,-1.1601505279541016,-68.69650030136108,0.021384079650786852,0.0,0.9416125332272663,0.5237863659858704,Structure_degraded; Details_lost; Wrong_color_temp; Undersaturated; Shadows_remain
dusseldorf_dusseldorf_000028_000019_leftImg8bit.png,dusseldorf_000028_000019_leftImg8bit.png,1.0,3.0,0.3632973528865701,60.9886908531189,-0.42490291595458984,-80.18225431442261,0.03853253345637862,0.0,0.8035568538755413,0.5328395962715149,Structure_degraded; Details_lost; Wrong_color_temp; Undersaturated; Shadows_remain
dusseldorf_dusseldorf_000029_000019_leftImg8bit.png,dusseldorf_000029_000019_leftImg8bit.png,0.9142857142857143,1.5714285714285714,0.384114748624538,55.56915473937988,-1.2490167617797852,-82.54936647415161,0.033959561097895365,0.0,0.8151508071809277,0.5530654788017273,Structure_degraded; Details_lost; Wrong_color_temp; Undersaturated; Shadows_remain
dusseldorf_dusseldorf_000030_000019_leftImg8bit.png,dusseldorf_000030_000019_leftImg8bit.png,1.0,2.0,0.36874839563704553,54.06648540496826,-0.0505366325378418,-70.72574138641357,0.018314148965619115,0.0,0.8216374188563009,0.5657354593276978,Structure_degraded; Details_lost; Wrong_color_temp; Undersaturated; Shadows_remain
dusseldorf_dusseldorf_000031_000019_leftImg8bit.png,dusseldorf_000031_000019_leftImg8bit.png,1.0,1.1428571428571428,0.3769894800323621,48.156020164489746,-1.7699923515319824,-88.75168895721436,0.033668128448142,0.0,0.677923651369394,0.49025383591651917,Structure_degraded; Details_lost; Wrong_color_temp; Undersaturated; Shadows_remain
dusseldorf_dusseldorf_000032_000019_leftImg8bit.png,dusseldorf_000032_000019_leftImg8bit.png,0.875,0.75,0.3965346849195092,52.38095808029175,-0.49611330032348633,-79.44703531265259,0.04734260384319007,0.0,0.6747285522538955,0.49630552530288696,Structure_degraded; Details_lost; Wrong_color_temp; Undersaturated; Shadows_remain
dusseldorf_dusseldorf_000033_000019_leftImg8bit.png,dusseldorf_000033_000019_leftImg8bit.png,1.0,1.2857142857142858,0.3942492210653083,52.691277503967285,0.05500936508178711,-69.08708715438843,0.03457886044590057,0.0,0.75540298382033,0.5270377397537231,Structure_degraded; Details_lost; Undersaturated; Shadows_remain
dusseldorf_dusseldorf_000034_000019_leftImg8bit.png,dusseldorf_000034_000019_leftImg8bit.png,0.9555555555555555,1.6666666666666667,0.4227851246997483,56.39957523345947,0.27030181884765625,-64.23923063278198,0.01962347883367901,0.0,0.69964525947681,0.5192646980285645,Structure_degraded; Details_lost; Undersaturated; Shadows_remain
dusseldorf_dusseldorf_000035_000019_leftImg8bit.png,dusseldorf_000035_000019_leftImg8bit.png,1.0,1.6666666666666667,0.4002140947305163,53.68819808959961,-0.6616048812866211,-70.83022785186768,0.03412956239249603,0.0,0.7453086055424873,0.540362536907196,Structure_degraded; Details_lost; Wrong_color_temp; Undersaturated; Shadows_remain
dusseldorf_dusseldorf_000036_000019_leftImg8bit.png,dusseldorf_000036_000019_leftImg8bit.png,1.0,4.0,0.36844533193182044,56.5158052444458,-1.6923465728759766,-73.28055095672607,0.017233168640985407,0.0,0.8649729850405738,0.5839203596115112,Structure_degraded; Details_lost; Wrong_color_temp; Undersaturated; Shadows_remain
dusseldorf_dusseldorf_000037_000019_leftImg8bit.png,dusseldorf_000037_000019_leftImg8bit.png,1.0,1.0,0.37492044559744053,54.92328500747681,-1.264256477355957,-71.45428800582886,0.015602375816312875,0.0,0.8592964976762145,0.5679927468299866,Structure_degraded; Details_lost; Wrong_color_temp; Undersaturated; Shadows_remain
dusseldorf_dusseldorf_000038_000019_leftImg8bit.png,dusseldorf_000038_000019_leftImg8bit.png,1.0,7.0,0.3571016759386436,53.91346788406372,-3.5747618675231934,-87.0171422958374,0.022056817738972737,0.0,0.7635679248755756,0.5155885219573975,Structure_degraded; Details_lost; Wrong_color_temp; Undersaturated; Shadows_remain
dusseldorf_dusseldorf_000039_000019_leftImg8bit.png,dusseldorf_000039_000019_leftImg8bit.png,1.0,2.0,0.3512748805281663,53.298336029052734,-1.9566688537597656,-78.85169410705566,0.01555422613451177,0.0,0.7984815266682245,0.5154870748519897,Structure_degraded; Details_lost; Wrong_color_temp; Undersaturated; Shadows_remain
dusseldorf_dusseldorf_000040_000019_leftImg8bit.png,dusseldorf_000040_000019_leftImg8bit.png,0.8,0.8,0.34239654465452446,51.02240037918091,-1.3276138305664062,-83.38202714920044,0.03248103107783366,0.0,0.8794348564257003,0.5767335295677185,Structure_degraded; Details_lost; Wrong_color_temp; Undersaturated; Shadows_remain
dusseldorf_dusseldorf_000041_000019_leftImg8bit.png,dusseldorf_000041_000019_leftImg8bit.png,0.7,1.3333333333333333,0.3816641245390875,57.214519023895264,-2.202023506164551,-74.34738206863403,0.03842233547527657,0.0,0.835127249294915,0.5350775122642517,Structure_degraded; Details_lost; Wrong_color_temp; Undersaturated; Shadows_remain
dusseldorf_dusseldorf_000042_000019_leftImg8bit.png,dusseldorf_000042_000019_leftImg8bit.png,0.8,1.5,0.3648774408383947,55.358819007873535,-2.0550522804260254,-74.07496500015259,0.030571946290001126,0.0,0.8515695690393147,0.5216171741485596,Structure_degraded; Details_lost; Wrong_color_temp; Undersaturated; Shadows_remain
dusseldorf_dusseldorf_000043_000019_leftImg8bit.png,dusseldorf_000043_000019_leftImg8bit.png,1.0,1.125,0.34777108484519376,61.61971712112427,-2.1744027137756348,-77.56611013412476,0.026965622555764845,0.0,0.747062905233918,0.5204232931137085,Structure_degraded; Details_lost; Wrong_color_temp; Undersaturated; Shadows_remain
dusseldorf_dusseldorf_000044_000019_leftImg8bit.png,dusseldorf_000044_000019_leftImg8bit.png,1.0,1.0,0.3918201780707527,57.56980514526367,-3.0258684158325195,-80.47817134857178,0.034485689997156566,0.0,0.5947834258193578,0.5270408391952515,Structure_degraded; Details_lost; Wrong_color_temp; Undersaturated; Overexposed; Shadows_remain
dusseldorf_dusseldorf_000045_000019_leftImg8bit.png,dusseldorf_000045_000019_leftImg8bit.png,1.0,1.1,0.4129935218965679,59.998008728027344,-1.8062047958374023,-67.58897686004639,0.06613053532597034,0.0,0.6573616510464931,0.466499924659729,Structure_degraded; Details_lost; Wrong_color_temp; Undersaturated; Shadows_remain
dusseldorf_dusseldorf_000046_000019_leftImg8bit.png,dusseldorf_000046_000019_leftImg8bit.png,1.0,1.0,0.3143674385282974,52.59583854675293,-1.542802333831787,-89.44054985046387,0.027420203856999847,0.0,0.75514598884178,0.4860245883464813,Structure_degraded; Details_lost; Wrong_color_temp; Undersaturated; Shadows_remain
dusseldorf_dusseldorf_000047_000019_leftImg8bit.png,dusseldorf_000047_000019_leftImg8bit.png,1.0,2.0,0.3540845685716607,54.13654375076294,-1.6543145179748535,-89.1776876449585,0.02215937869322043,0.0,0.8269184619481885,0.5274304151535034,Structure_degraded; Details_lost; Wrong_color_temp; Undersaturated; Shadows_remain
dusseldorf_dusseldorf_000048_000019_leftImg8bit.png,dusseldorf_000048_000019_leftImg8bit.png,1.0,1.3333333333333333,0.35050720311857975,56.99425983428955,-4.493917465209961,-88.48989295959473,0.028872848417534357,0.0,0.6949990430972979,0.5440374612808228,Structure_degraded; Details_lost; Wrong_color_temp; Undersaturated; Shadows_remain
dusseldorf_dusseldorf_000049_000019_leftImg8bit.png,dusseldorf_000049_000019_leftImg8bit.png,0.8666666666666667,1.3333333333333333,0.37709214247310524,57.35667896270752,-0.27750110626220703,-81.39788103103638,0.009782165662782581,0.0,0.7611809286316725,0.5068875551223755,Structure_degraded; Details_lost; Wrong_color_temp; Undersaturated; Shadows_remain
dusseldorf_dusseldorf_000050_000019_leftImg8bit.png,dusseldorf_000050_000019_leftImg8bit.png,1.0,1.0,0.3631381179973139,58.54725980758667,-4.204497337341309,-93.53404664993286,0.01615298087738306,0.0,0.5203188637385509,0.5491800308227539,Structure_degraded; Details_lost; Wrong_color_temp; Undersaturated; Overexposed; Shadows_remain
dusseldorf_dusseldorf_000051_000019_leftImg8bit.png,dusseldorf_000051_000019_leftImg8bit.png,1.0,1.0,0.3712215109771346,56.153918743133545,-2.4082908630371094,-93.12329769134521,0.030559392265180178,0.0,0.6260723388342385,0.4846167266368866,Structure_degraded; Details_lost; Wrong_color_temp; Undersaturated; Shadows_remain
dusseldorf_dusseldorf_000052_000019_leftImg8bit.png,dusseldorf_000052_000019_leftImg8bit.png,1.0,1.6666666666666667,0.3676818260666426,52.41650867462158,-1.3323454856872559,-71.50366067886353,0.019304865938423316,0.0,0.9268843726472218,0.5552177429199219,Structure_degraded; Details_lost; Wrong_color_temp; Undersaturated; Shadows_remain
dusseldorf_dusseldorf_000053_000019_leftImg8bit.png,dusseldorf_000053_000019_leftImg8bit.png,0.5,1.0,0.362144313487043,59.75983715057373,-3.615744113922119,-89.16588258743286,0.011728695254166054,0.0,0.8405148693326242,0.5526899099349976,Structure_degraded; Details_lost; Wrong_color_temp; Undersaturated; Shadows_remain
dusseldorf_dusseldorf_000054_000019_leftImg8bit.png,dusseldorf_000054_000019_leftImg8bit.png,0.91,1.1,0.3905287481155163,55.8754825592041,-2.6835474967956543,-77.20640707015991,0.045693713652702465,0.0,0.5288249326050342,0.5282855033874512,Structure_degraded; Details_lost; Wrong_color_temp; Undersaturated; Overexposed; Shadows_remain
dusseldorf_dusseldorf_000055_000019_leftImg8bit.png,dusseldorf_000055_000019_leftImg8bit.png,0.75,0.75,0.36128956587269667,53.06468057632446,-2.496166706085205,-85.36117219924927,0.03428904331903196,0.0,0.6348602882200374,0.5256306529045105,Structure_degraded; Details_lost; Wrong_color_temp; Undersaturated; Shadows_remain
dusseldorf_dusseldorf_000056_000019_leftImg8bit.png,dusseldorf_000056_000019_leftImg8bit.png,0.8857142857142857,1.2857142857142858,0.3685769078622887,56.033395767211914,-2.9409918785095215,-78.9715051651001,0.038624181060143356,0.0,0.7432062081346595,0.4835876226425171,Structure_degraded; Details_lost; Wrong_color_temp; Undersaturated; Shadows_remain
dusseldorf_dusseldorf_000057_000019_leftImg8bit.png,dusseldorf_000057_000019_leftImg8bit.png,0.9285714285714285,1.7142857142857142,0.3764530441238948,63.15444612503052,-1.9061145782470703,-75.0561466217041,0.03180561717229232,0.0,0.7110536270800323,0.5218093991279602,Structure_degraded; Details_lost; Wrong_color_temp; Undersaturated; Shadows_remain
dusseldorf_dusseldorf_000058_000019_leftImg8bit.png,dusseldorf_000058_000019_leftImg8bit.png,1.0,1.2857142857142858,0.3805067768255075,52.869784355163574,-2.5274925231933594,-80.51834964752197,0.04636928090182466,0.0,0.6455727268079816,0.5326018333435059,Structure_degraded; Details_lost; Wrong_color_temp; Undersaturated; Shadows_remain
dusseldorf_dusseldorf_000059_000019_leftImg8bit.png,dusseldorf_000059_000019_leftImg8bit.png,1.0,1.5,0.39167168276865133,53.568464279174805,-1.9493188858032227,-76.67938566207886,0.03249010497331527,0.0,0.5873297242243076,0.5006192922592163,Structure_degraded; Details_lost; Wrong_color_temp; Undersaturated; Overexposed; Shadows_remain
dusseldorf_dusseldorf_000060_000019_leftImg8bit.png,dusseldorf_000060_000019_leftImg8bit.png,1.0,3.3333333333333335,0.3403646335873941,60.30592203140259,-3.1692752838134766,-74.19491052627563,0.02056491575816792,0.0,0.6444691655085637,0.5608224868774414,Structure_degraded; Details_lost; Wrong_color_temp; Undersaturated; Shadows_remain
dusseldorf_dusseldorf_000061_000019_leftImg8bit.png,dusseldorf_000061_000019_leftImg8bit.png,1.0,1.3333333333333333,0.3630520615640957,53.65985107421875,-3.3550829887390137,-83.43669414520264,0.03191653786706649,0.0,0.6015591397942343,0.5177441239356995,Structure_degraded; Details_lost; Wrong_color_temp; Undersaturated; Shadows_remain
dusseldorf_dusseldorf_000062_000019_leftImg8bit.png,dusseldorf_000062_000019_leftImg8bit.png,1.0,5.0,0.3715254428794163,50.61783742904663,-0.23380374908447266,-71.30909633636475,0.06587879083846956,0.0,0.7329627249107362,0.5508143901824951,Structure_degraded; Details_lost; Wrong_color_temp; Undersaturated; Shadows_remain
dusseldorf_dusseldorf_000063_000019_leftImg8bit.png,dusseldorf_000063_000019_leftImg8bit.png,0.9615384615384616,1.3846153846153846,0.4017751960707999,52.208548069000244,-0.6779284477233887,-67.68454027175903,0.05462686567162141,0.0,0.6176577563142487,0.5116767883300781,Structure_degraded; Details_lost; Wrong_color_temp; Undersaturated; Shadows_remain
dusseldorf_dusseldorf_000064_000019_leftImg8bit.png,dusseldorf_000064_000019_leftImg8bit.png,1.0,2.0,0.3903019993990316,56.48629570007324,-1.0845727920532227,-72.66762828826904,0.04273306311520397,0.0,0.592872582955835,0.5256256461143494,Structure_degraded; Details_lost; Wrong_color_temp; Undersaturated; Overexposed; Shadows_remain
dusseldorf_dusseldorf_000065_000019_leftImg8bit.png,dusseldorf_000065_000019_leftImg8bit.png,0.825,1.75,0.40311501700273483,54.230929374694824,-1.8098106384277344,-74.25001287460327,0.03632743529056827,0.0,0.5823374193793631,0.4926086366176605,Structure_degraded; Details_lost; Wrong_color_temp; Undersaturated; Overexposed; Shadows_remain
dusseldorf_dusseldorf_000066_000019_leftImg8bit.png,dusseldorf_000066_000019_leftImg8bit.png,1.0,1.9,0.3762668694707514,53.63305187225342,-1.3436408042907715,-82.79907655715942,0.03345688000528378,0.0,0.5967597210352926,0.498199462890625,Structure_degraded; Details_lost; Wrong_color_temp; Undersaturated; Overexposed; Shadows_remain
dusseldorf_dusseldorf_000067_000019_leftImg8bit.png,dusseldorf_000067_000019_leftImg8bit.png,0.9142857142857143,1.5714285714285714,0.40528641173298313,53.901395320892334,-0.8001065254211426,-77.05804347991943,0.02889610389609347,0.0,0.5560379273503053,0.5399529933929443,Structure_degraded; Details_lost; Wrong_color_temp; Undersaturated; Overexposed; Shadows_remain
dusseldorf_dusseldorf_000068_000019_leftImg8bit.png,dusseldorf_000068_000019_leftImg8bit.png,0.8333333333333333,2.6666666666666665,0.398016535956319,55.5800666809082,-1.0800676345825195,-89.79783010482788,0.05101231696355077,0.0,0.6280789085111209,0.46058958768844604,Structure_degraded; Details_lost; Wrong_color_temp; Undersaturated; Shadows_remain
dusseldorf_dusseldorf_000069_000019_leftImg8bit.png,dusseldorf_000069_000019_leftImg8bit.png,0.825,1.75,0.44158525682158656,48.60888910293579,-0.6467280387878418,-73.71280097961426,0.05685218432073984,0.0,0.5885387726552616,0.48542851209640503,Structure_degraded; Details_lost; Wrong_color_temp; Undersaturated; Overexposed; Shadows_remain
dusseldorf_dusseldorf_000070_000019_leftImg8bit.png,dusseldorf_000070_000019_leftImg8bit.png,0.9090909090909091,1.0,0.3698447868885582,52.91701030731201,-2.0737924575805664,-85.98720502853394,0.02636862535134976,0.0,0.6934264941556585,0.5173723697662354,Structure_degraded; Details_lost; Wrong_color_temp; Undersaturated; Shadows_remain
dusseldorf_dusseldorf_000071_000019_leftImg8bit.png,dusseldorf_000071_000019_leftImg8bit.png,1.0,1.1666666666666667,0.36541899372595255,51.4834246635437,-2.4175639152526855,-69.73186302185059,0.022927989130426995,0.0,0.9294686916389765,0.4916583299636841,Structure_degraded; Details_lost; Wrong_color_temp; Undersaturated; Shadows_remain
dusseldorf_dusseldorf_000072_000019_leftImg8bit.png,dusseldorf_000072_000019_leftImg8bit.png,1.0,3.5,0.40429804726863194,54.36994791030884,-0.7147645950317383,-70.55123996734619,0.026653019447276702,0.0,0.5134671705247373,0.47440725564956665,Structure_degraded; Details_lost; Wrong_color_temp; Undersaturated; Overexposed; Shadows_remain
dusseldorf_dusseldorf_000073_000019_leftImg8bit.png,dusseldorf_000073_000019_leftImg8bit.png,0.8857142857142857,1.2857142857142858,0.41505276687762266,54.789645195007324,-0.5643038749694824,-71.72270345687866,0.04999624652801967,0.0,0.6887858123824067,0.49012118577957153,Structure_degraded; Details_lost; Wrong_color_temp; Undersaturated; Shadows_remain
dusseldorf_dusseldorf_000074_000019_leftImg8bit.png,dusseldorf_000074_000019_leftImg8bit.png,1.0,2.0,0.36557460022099786,61.69560098648071,-3.0154895782470703,-72.33213758468628,0.03139670565248395,0.0,0.6956076968460245,0.5654553174972534,Structure_degraded; Details_lost; Wrong_color_temp; Undersaturated; Shadows_remain
dusseldorf_dusseldorf_000075_000019_leftImg8bit.png,dusseldorf_000075_000019_leftImg8bit.png,1.0,1.4285714285714286,0.39487273487031627,54.57675790786743,-0.4334840774536133,-75.77341938018799,0.03129553004253415,0.0,0.8285703919192506,0.5302470326423645,Structure_degraded; Details_lost; Wrong_color_temp; Undersaturated; Shadows_remain
dusseldorf_dusseldorf_000076_000019_leftImg8bit.png,dusseldorf_000076_000019_leftImg8bit.png,0.8363636363636364,1.1818181818181819,0.3489377125526615,58.676673412323,-1.9877562522888184,-71.3938136100769,0.0254226706290674,0.0,0.756920267326377,0.5633381605148315,Structure_degraded; Details_lost; Wrong_color_temp; Undersaturated; Shadows_remain
dusseldorf_dusseldorf_000077_000019_leftImg8bit.png,dusseldorf_000077_000019_leftImg8bit.png,1.0,1.375,0.38917784094402535,52.12013912200928,0.7593326568603516,-65.3567910194397,0.01935307659291453,0.0,0.7427902261615377,0.5219637751579285,Structure_degraded; Details_lost; Undersaturated; Shadows_remain
dusseldorf_dusseldorf_000078_000019_leftImg8bit.png,dusseldorf_000078_000019_leftImg8bit.png,1.0,3.0,0.3491143966058841,56.298354625701904,0.17038488388061523,-72.47257423400879,0.007166219543564306,0.0,0.7917732222042375,0.5408599972724915,Structure_degraded; Details_lost; Undersaturated; Shadows_remain
dusseldorf_dusseldorf_000079_000019_leftImg8bit.png,dusseldorf_000079_000019_leftImg8bit.png,0.6666666666666666,0.8888888888888888,0.36415739452261225,51.02579975128174,0.4588460922241211,-67.70407056808472,0.034365558912375894,0.0,0.8291642812735456,0.541035532951355,Structure_degraded; Details_lost; Undersaturated; Shadows_remain
dusseldorf_dusseldorf_000080_000019_leftImg8bit.png,dusseldorf_000080_000019_leftImg8bit.png,1.0,2.0,0.3644931904019172,50.37014722824097,0.264188289642334,-84.15513801574707,0.034751270995548374,0.0,0.8113727495389947,0.5395649075508118,Structure_degraded; Details_lost; Undersaturated; Shadows_remain
dusseldorf_dusseldorf_000081_000019_leftImg8bit.png,dusseldorf_000081_000019_leftImg8bit.png,0.8615384615384616,1.1538461538461537,0.3871940572020545,55.76193952560425,0.9572939872741699,-63.84524059295654,0.04229565410075554,0.0,0.8573168757119538,0.5220844149589539,Structure_degraded; Details_lost; Undersaturated; Shadows_remain
dusseldorf_dusseldorf_000082_000019_leftImg8bit.png,dusseldorf_000082_000019_leftImg8bit.png,0.9714285714285714,2.142857142857143,0.3797861612015894,47.62210655212402,-0.06687307357788086,-80.3200273513794,0.036100886162226016,0.0,0.8094983378839032,0.5141076445579529,Structure_degraded; Details_lost; Wrong_color_temp; Undersaturated; Shadows_remain
dusseldorf_dusseldorf_000083_000019_leftImg8bit.png,dusseldorf_000083_000019_leftImg8bit.png,0.8833333333333334,1.5,0.36302511065130977,54.19758605957031,1.1320056915283203,-62.414111614227295,0.02764511156595971,0.0,0.8670148246706255,0.5645290613174438,Structure_degraded; Details_lost; Undersaturated; Shadows_remain
dusseldorf_dusseldorf_000084_000019_leftImg8bit.png,dusseldorf_000084_000019_leftImg8bit.png,1.0,1.6666666666666667,0.38096241170919787,55.69135570526123,0.7611727714538574,-63.93424892425537,0.015963482566531885,0.0,0.8988172840636612,0.5406162738800049,Structure_degraded; Details_lost; Undersaturated; Shadows_remain
dusseldorf_dusseldorf_000085_000019_leftImg8bit.png,dusseldorf_000085_000019_leftImg8bit.png,1.0,1.5,0.37238364974282007,52.752076148986816,-2.3295907974243164,-83.74935913085938,0.026454606750475368,0.0,0.7151471165674419,0.47909507155418396,Structure_degraded; Details_lost; Wrong_color_temp; Undersaturated; Shadows_remain
dusseldorf_dusseldorf_000086_000019_leftImg8bit.png,dusseldorf_000086_000019_leftImg8bit.png,1.0,2.0,0.3745321695534877,57.22996377944946,-1.510204792022705,-78.1957106590271,0.029400666624731335,0.0,0.708733642926483,0.4871974587440491,Structure_degraded; Details_lost; Wrong_color_temp; Undersaturated; Shadows_remain
dusseldorf_dusseldorf_000087_000019_leftImg8bit.png,dusseldorf_000087_000019_leftImg8bit.png,1.0,1.1666666666666667,0.37986278572369336,51.71564722061157,-1.1264114379882812,-64.528311252594,0.04135775714578065,0.0,0.7708917925941241,0.5427883267402649,Structure_degraded; Details_lost; Wrong_color_temp; Undersaturated; Shadows_remain
dusseldorf_dusseldorf_000088_000019_leftImg8bit.png,dusseldorf_000088_000019_leftImg8bit.png,1.0,2.0,0.3388341620921575,60.382508754730225,0.8296589851379395,-63.96714782714844,0.010917705221955258,0.0,0.8720557886609316,0.4999203085899353,Structure_degraded; Details_lost; Undersaturated; Shadows_remain
dusseldorf_dusseldorf_000089_000019_leftImg8bit.png,dusseldorf_000089_000019_leftImg8bit.png,0.5,1.0,0.4494420315980711,56.56732368469238,0.4668889045715332,-65.54530811309814,0.05215012647801279,0.0,0.519376777562343,0.4828494191169739,Structure_degraded; Details_lost; Undersaturated; Overexposed; Shadows_remain
dusseldorf_dusseldorf_000090_000019_leftImg8bit.png,dusseldorf_000090_000019_leftImg8bit.png,1.0,1.4,0.3489219467426663,53.365596294403076,0.48172616958618164,-68.8138279914856,0.014615512373353838,0.0,0.7488839808979297,0.5067902207374573,Structure_degraded; Details_lost; Undersaturated; Shadows_remain
dusseldorf_dusseldorf_000091_000019_leftImg8bit.png,dusseldorf_000091_000019_leftImg8bit.png,1.0,1.6666666666666667,0.358676136787101,52.61652755737305,-0.18335485458374023,-80.71878862380981,0.029490022172938102,0.0,0.8275506247908229,0.4881523847579956,Structure_degraded; Details_lost; Wrong_color_temp; Undersaturated; Shadows_remain
dusseldorf_dusseldorf_000092_000019_leftImg8bit.png,dusseldorf_000092_000019_leftImg8bit.png,1.0,1.4,0.39030146099928,59.14658832550049,-0.5895109176635742,-71.66101217269897,0.01329913555618253,0.0,0.6208883197631425,0.5422334671020508,Structure_degraded; Details_lost; Wrong_color_temp; Undersaturated; Shadows_remain
dusseldorf_dusseldorf_000093_000019_leftImg8bit.png,dusseldorf_000093_000019_leftImg8bit.png,1.0,1.0,0.3761398110486039,58.16331768035889,-0.7061629295349121,-83.59157657623291,0.011485050109049589,0.0,0.8155293718691186,0.4961695373058319,Structure_degraded; Details_lost; Wrong_color_temp; Undersaturated; Shadows_remain
dusseldorf_dusseldorf_000094_000019_leftImg8bit.png,dusseldorf_000094_000019_leftImg8bit.png,1.0,4.0,0.3618363784001428,50.55440139770508,-0.1530313491821289,-73.54332399368286,0.01802994804929611,0.0,0.7191497102697268,0.4730241596698761,Structure_degraded; Details_lost; Wrong_color_temp; Undersaturated; Shadows_remain
dusseldorf_dusseldorf_000095_000019_leftImg8bit.png,dusseldorf_000095_000019_leftImg8bit.png,1.0,0.0,0.3405173253847017,56.23960781097412,0.12641668319702148,-81.68685579299927,0.03744584891102163,0.0,0.8468794489159862,0.5290119051933289,Structure_degraded; Details_lost; Undersaturated; Shadows_remain
dusseldorf_dusseldorf_000096_000019_leftImg8bit.png,dusseldorf_000096_000019_leftImg8bit.png,1.0,4.0,0.3675533895130871,70.51148796081543,-1.089503288269043,-86.28111791610718,0.02445032722993439,0.0,0.8660855142096664,0.5307782292366028,Structure_degraded; Details_lost; Wrong_color_temp; Undersaturated; Shadows_remain
dusseldorf_dusseldorf_000097_000019_leftImg8bit.png,dusseldorf_000097_000019_leftImg8bit.png,1.0,3.0,0.32213810427146417,62.77219820022583,-1.5988736152648926,-86.14862966537476,0.005168861104318385,0.0,0.8847351067155251,0.6147187948226929,Structure_degraded; Details_lost; Wrong_color_temp; Undersaturated; Shadows_remain
dusseldorf_dusseldorf_000098_000019_leftImg8bit.png,dusseldorf_000098_000019_leftImg8bit.png,1.0,2.0,0.3227676153249241,62.64243459701538,-0.863771915435791,-72.00120973587036,0.003335511158487213,0.0,0.8278040335205068,0.5462672710418701,Structure_degraded; Details_lost; Wrong_color_temp; Undersaturated; Shadows_remain
dusseldorf_dusseldorf_000099_000019_leftImg8bit.png,dusseldorf_000099_000019_leftImg8bit.png,1.0,0.8,0.3746306820177165,58.47996950149536,-0.47681379318237305,-82.69540786743164,0.004923309979168281,0.0,0.8601436916855324,0.6138036251068115,Structure_degraded; Details_lost; Wrong_color_temp; Undersaturated; Shadows_remain
dusseldorf_dusseldorf_000100_000019_leftImg8bit.png,dusseldorf_000100_000019_leftImg8bit.png,1.0,1.1428571428571428,0.3804261504517767,62.79244661331177,-0.3108334541320801,-82.50032949447632,0.019394446769908657,0.0,0.8717234469806676,0.599939227104187,Structure_degraded; Details_lost; Wrong_color_temp; Undersaturated; Shadows_remain
dusseldorf_dusseldorf_000101_000019_leftImg8bit.png,dusseldorf_000101_000019_leftImg8bit.png,1.0,1.0,0.3556225105544824,55.599265575408936,0.18616056442260742,-74.59500217437744,0.003914876530815795,0.0,0.7856560004549146,0.5530621409416199,Structure_degraded; Details_lost; Undersaturated; Shadows_remain
dusseldorf_dusseldorf_000102_000019_leftImg8bit.png,dusseldorf_000102_000019_leftImg8bit.png,1.0,0.0,0.35914711936950156,59.98950004577637,-3.3376598358154297,-80.05289316177368,0.013724788160872926,0.0,0.966900786893907,0.5728232860565186,Structure_degraded; Details_lost; Wrong_color_temp; Undersaturated; Shadows_remain
dusseldorf_dusseldorf_000103_000019_leftImg8bit.png,dusseldorf_000103_000019_leftImg8bit.png,1.0,2.0,0.35495555098999515,60.04765558242798,-1.0175957679748535,-84.9617166519165,0.009802306425037148,0.0,0.995896714365481,0.5409204959869385,Structure_degraded; Details_lost; Wrong_color_temp; Undersaturated; Shadows_remain
dusseldorf_dusseldorf_000104_000019_leftImg8bit.png,dusseldorf_000104_000019_leftImg8bit.png,1.0,1.1666666666666667,0.3576463180847043,56.60511922836304,-0.39136409759521484,-74.28314113616943,0.03098578675561858,0.0,0.8562465718320555,0.5634023547172546,Structure_degraded; Details_lost; Wrong_color_temp; Undersaturated; Shadows_remain
dusseldorf_dusseldorf_000105_000019_leftImg8bit.png,dusseldorf_000105_000019_leftImg8bit.png,1.0,1.0,0.3409251443522024,66.37232542037964,-0.8934473991394043,-100.17057609558105,0.036895555762566944,0.0,0.8654269984229513,0.6223386526107788,Structure_degraded; Details_lost; Wrong_color_temp; Undersaturated; Shadows_remain
dusseldorf_dusseldorf_000106_000019_leftImg8bit.png,dusseldorf_000106_000019_leftImg8bit.png,0.3333333333333333,0.16666666666666666,0.37993837086144056,61.511210918426514,-1.0199823379516602,-75.13154220581055,0.043057050592018996,0.0,0.7671526527374496,0.4956926107406616,Lost_objects; Structure_degraded; Details_lost; Wrong_color_temp; Undersaturated; Shadows_remain
dusseldorf_dusseldorf_000107_000019_leftImg8bit.png,dusseldorf_000107_000019_leftImg8bit.png,1.0,0.0,0.3754717943218519,56.88948059082031,-0.9967389106750488,-71.94219017028809,0.016655989750155073,0.0,0.8177837749528428,0.4862801730632782,Structure_degraded; Details_lost; Wrong_color_temp; Undersaturated; Shadows_remain
dusseldorf_dusseldorf_000108_000019_leftImg8bit.png,dusseldorf_000108_000019_leftImg8bit.png,1.0,2.0,0.36918829663734254,65.25190162658691,-0.5796985626220703,-69.35280656814575,0.017230424219765565,0.0,0.9084692637492422,0.5528444051742554,Structure_degraded; Details_lost; Wrong_color_temp; Undersaturated; Shadows_remain
dusseldorf_dusseldorf_000109_000019_leftImg8bit.png,dusseldorf_000109_000019_leftImg8bit.png,1.0,1.2857142857142858,0.4072643634964055,44.58036518096924,-0.0029916763305664062,-67.88763618469238,0.017815963698572558,0.0,0.7405776480119823,0.48766422271728516,Structure_degraded; Details_lost; Wrong_color_temp; Undersaturated; Shadows_remain
dusseldorf_dusseldorf_000110_000019_leftImg8bit.png,dusseldorf_000110_000019_leftImg8bit.png,1.0,1.4166666666666667,0.40040602638456235,53.38991975784302,-0.9328207969665527,-62.826172828674316,0.03990001851507133,0.0,0.5812366795806947,0.5506354570388794,Structure_degraded; Details_lost; Wrong_color_temp; Undersaturated; Overexposed; Shadows_remain
dusseldorf_dusseldorf_000111_000019_leftImg8bit.png,dusseldorf_000111_000019_leftImg8bit.png,1.0,1.8333333333333333,0.38741317979670414,54.02477550506592,-0.9466519355773926,-55.013054847717285,0.04120559598576373,0.0,0.8182134940027821,0.5310673713684082,Structure_degraded; Details_lost; Wrong_color_temp; Undersaturated; Shadows_remain
dusseldorf_dusseldorf_000112_000019_leftImg8bit.png,dusseldorf_000112_000019_leftImg8bit.png,1.0,1.4,0.39507225773974913,47.07920980453491,-0.9923477172851562,-57.138556480407715,0.055091766505208035,0.0,0.9411074173238415,0.5265918970108032,Structure_degraded; Details_lost; Wrong_color_temp; Undersaturated; Shadows_remain
dusseldorf_dusseldorf_000113_000019_leftImg8bit.png,dusseldorf_000113_000019_leftImg8bit.png,1.0,1.25,0.35053281379786183,61.57960796356201,-3.7613024711608887,-71.93660545349121,0.02048129865197919,0.0,0.8778021280848403,0.5496216416358948,Structure_degraded; Details_lost; Wrong_color_temp; Undersaturated; Shadows_remain
dusseldorf_dusseldorf_000114_000019_leftImg8bit.png,dusseldorf_000114_000019_leftImg8bit.png,0.55,1.5,0.3713474708120934,64.13633394241333,-1.6689176559448242,-63.75890874862671,0.009037106161437825,0.0,0.7502528876009114,0.5244367718696594,Structure_degraded; Details_lost; Wrong_color_temp; Undersaturated; Shadows_remain
dusseldorf_dusseldorf_000115_000019_leftImg8bit.png,dusseldorf_000115_000019_leftImg8bit.png,1.0,1.6666666666666667,0.3980537645494877,55.349732398986816,-1.1082487106323242,-77.39516735076904,0.009582143393954011,0.0,0.6435927670090384,0.5131664276123047,Structure_degraded; Details_lost; Wrong_color_temp; Undersaturated; Shadows_remain
dusseldorf_dusseldorf_000116_000019_leftImg8bit.png,dusseldorf_000116_000019_leftImg8bit.png,1.0,3.0,0.3973630082110603,52.310160636901855,-3.347126007080078,-77.17977237701416,0.023745141118805192,0.0,0.6678042345642672,0.5301958322525024,Structure_degraded; Details_lost; Wrong_color_temp; Undersaturated; Shadows_remain
dusseldorf_dusseldorf_000117_000019_leftImg8bit.png,dusseldorf_000117_000019_leftImg8bit.png,1.0,1.0,0.46385130210643494,50.245018005371094,-1.8652105331420898,-75.57513236999512,0.018536212497605408,0.0,0.4197117064410334,0.5031995177268982,Structure_degraded; Details_lost; Wrong_color_temp; Undersaturated; Overexposed; Shadows_remain
dusseldorf_dusseldorf_000118_000019_leftImg8bit.png,dusseldorf_000118_000019_leftImg8bit.png,0.7142857142857143,0.7142857142857143,0.37269139420697894,53.56075191497803,-0.5426630973815918,-73.51158094406128,0.022128631593967402,0.0,0.8000622207292155,0.5421927571296692,Structure_degraded; Details_lost; Wrong_color_temp; Undersaturated; Shadows_remain
dusseldorf_dusseldorf_000119_000019_leftImg8bit.png,dusseldorf_000119_000019_leftImg8bit.png,1.0,2.0,0.4032021333232833,57.57740640640259,-1.661931037902832,-63.77855205535889,0.03854739695446123,0.0,0.4974633134137004,0.5156775116920471,Structure_degraded; Details_lost; Wrong_color_temp; Undersaturated; Overexposed; Shadows_remain
dusseldorf_dusseldorf_000120_000019_leftImg8bit.png,dusseldorf_000120_000019_leftImg8bit.png,0.775,1.25,0.3659028163626632,52.19677686691284,-1.0362868309020996,-84.6418628692627,0.009976598103212225,0.0,0.8836556407471549,0.4917638599872589,Structure_degraded; Details_lost; Wrong_color_temp; Undersaturated; Shadows_remain
dusseldorf_dusseldorf_000121_000019_leftImg8bit.png,dusseldorf_000121_000019_leftImg8bit.png,1.0,1.3333333333333333,0.3698756473044267,49.955379009246826,0.03941774368286133,-86.97178268432617,0.02165828046378558,0.0,0.821487337366518,0.5249950289726257,Structure_degraded; Details_lost; Undersaturated; Shadows_remain
dusseldorf_dusseldorf_000122_000019_leftImg8bit.png,dusseldorf_000122_000019_leftImg8bit.png,0.2,3.0,0.3714432034259574,57.6557879447937,-0.9649405479431152,-69.7539324760437,0.04293354824527697,0.0,0.7863291375512915,0.5330348610877991,Lost_objects; Structure_degraded; Details_lost; Wrong_color_temp; Undersaturated; Shadows_remain
dusseldorf_dusseldorf_000123_000019_leftImg8bit.png,dusseldorf_000123_000019_leftImg8bit.png,0.6666666666666666,1.0,0.3679939367985022,52.1387038230896,-0.4917154312133789,-80.44593286514282,0.032450422964899715,0.0,0.796553092760701,0.5431910753250122,Structure_degraded; Details_lost; Wrong_color_temp; Undersaturated; Shadows_remain
dusseldorf_dusseldorf_000124_000019_leftImg8bit.png,dusseldorf_000124_000019_leftImg8bit.png,0.9111111111111111,1.2222222222222223,0.4180473075563991,64.96521091461182,-1.2616052627563477,-72.69965934753418,0.046985881825640056,0.0,0.8038871443797634,0.49092909693717957,Structure_degraded; Details_lost; Wrong_color_temp; Undersaturated; Shadows_remain
dusseldorf_dusseldorf_000125_000019_leftImg8bit.png,dusseldorf_000125_000019_leftImg8bit.png,1.0,3.0,0.33399776402559156,56.753172874450684,-0.8358993530273438,-93.28144216537476,0.020222015215020872,0.0,0.9422838247590924,0.5610054731369019,Structure_degraded; Details_lost; Wrong_color_temp; Undersaturated; Shadows_remain
dusseldorf_dusseldorf_000126_000019_leftImg8bit.png,dusseldorf_000126_000019_leftImg8bit.png,1.0,2.142857142857143,0.3212437462357181,54.97437238693237,-0.43203115463256836,-68.57948923110962,0.023851129709671095,0.0,0.8021205209217306,0.5821537971496582,Structure_degraded; Details_lost; Wrong_color_temp; Undersaturated; Shadows_remain
dusseldorf_dusseldorf_000127_000019_leftImg8bit.png,dusseldorf_000127_000019_leftImg8bit.png,1.0,1.25,0.35045902596476525,54.925349712371826,-0.9221105575561523,-78.77216339111328,0.020855253269194025,0.0,0.8392945696386233,0.5555614233016968,Structure_degraded; Details_lost; Wrong_color_temp; Undersaturated; Shadows_remain
dusseldorf_dusseldorf_000128_000019_leftImg8bit.png,dusseldorf_000128_000019_leftImg8bit.png,0.9,1.6666666666666667,0.37046007793602775,61.374557971954346,-0.26950693130493164,-73.89371013641357,0.012790622369013408,0.0,0.7940185225534679,0.5843918323516846,Structure_degraded; Details_lost; Wrong_color_temp; Undersaturated; Shadows_remain
dusseldorf_dusseldorf_000129_000019_leftImg8bit.png,dusseldorf_000129_000019_leftImg8bit.png,0.8800000000000001,1.8,0.35142014412248085,65.37474060058594,-1.5009121894836426,-89.39112567901611,0.03344540789239363,0.0,0.9273284113109102,0.5818489789962769,Structure_degraded; Details_lost; Wrong_color_temp; Undersaturated; Shadows_remain
dusseldorf_dusseldorf_000130_000019_leftImg8bit.png,dusseldorf_000130_000019_leftImg8bit.png,1.0,2.3333333333333335,0.31972906374050736,53.838250160217285,-1.5057497024536133,-84.50996923446655,0.021106429463162803,0.0,0.9005472658671027,0.5306833982467651,Structure_degraded; Details_lost; Wrong_color_temp; Undersaturated; Shadows_remain
dusseldorf_dusseldorf_000131_000019_leftImg8bit.png,dusseldorf_000131_000019_leftImg8bit.png,1.0,1.1428571428571428,0.44255002703711466,59.46783638000488,0.12054872512817383,-60.91330432891846,0.05706433882959681,0.0,0.43705434799850296,0.4490251839160919,Structure_degraded; Details_lost; Undersaturated; Overexposed; Shadows_remain
dusseldorf_dusseldorf_000132_000019_leftImg8bit.png,dusseldorf_000132_000019_leftImg8bit.png,1.0,1.25,0.35297898049299914,63.12526559829712,-2.4232654571533203,-75.62736129760742,0.012460769499009077,0.0,0.9155086089187323,0.571049690246582,Structure_degraded; Details_lost; Wrong_color_temp; Undersaturated; Shadows_remain
dusseldorf_dusseldorf_000133_000019_leftImg8bit.png,dusseldorf_000133_000019_leftImg8bit.png,1.0,1.3333333333333333,0.3454668121093877,63.214820861816406,-0.9389324188232422,-70.13788366317749,0.015589179275553726,0.0,0.9515441454224568,0.5885390639305115,Structure_degraded; Details_lost; Wrong_color_temp; Undersaturated; Shadows_remain
dusseldorf_dusseldorf_000134_000019_leftImg8bit.png,dusseldorf_000134_000019_leftImg8bit.png,0.8666666666666667,1.3333333333333333,0.3616473417525745,58.54913949966431,-1.6085524559020996,-82.01947355270386,0.03875563425626257,0.0,0.7769255024363813,0.55289626121521,Structure_degraded; Details_lost; Wrong_color_temp; Undersaturated; Shadows_remain
dusseldorf_dusseldorf_000135_000019_leftImg8bit.png,dusseldorf_000135_000019_leftImg8bit.png,1.0,1.0833333333333333,0.42011083082950973,56.16835308074951,-1.1468358039855957,-75.13234090805054,0.05744575293102399,0.0,0.6270506139986904,0.4421902894973755,Structure_degraded; Details_lost; Wrong_color_temp; Undersaturated; Shadows_remain
dusseldorf_dusseldorf_000136_000019_leftImg8bit.png,dusseldorf_000136_000019_leftImg8bit.png,0.8,1.5,0.3603893532788493,63.144970417022705,-0.6264290809631348,-75.16996908187866,0.016378755214599104,0.0,0.8719649683721922,0.5208366513252258,Structure_degraded; Details_lost; Wrong_color_temp; Undersaturated; Shadows_remain
dusseldorf_dusseldorf_000137_000019_leftImg8bit.png,dusseldorf_000137_000019_leftImg8bit.png,1.0,1.2222222222222223,0.3776013842298388,50.27217483520508,0.45380258560180664,-76.7434310913086,0.027027988193027125,0.0,0.817425896542126,0.5707857012748718,Structure_degraded; Details_lost; Undersaturated; Shadows_remain
dusseldorf_dusseldorf_000138_000019_leftImg8bit.png,dusseldorf_000138_000019_leftImg8bit.png,1.0,1.3,0.3951920556571697,50.40583562850952,0.18864107131958008,-70.44195127487183,0.03249148196282536,0.0,0.7685494815767174,0.5309126973152161,Structure_degraded; Details_lost; Undersaturated; Shadows_remain
dusseldorf_dusseldorf_000139_000019_leftImg8bit.png,dusseldorf_000139_000019_leftImg8bit.png,1.0,5.0,0.40884873248966663,53.6825795173645,-0.04518842697143555,-73.30734348297119,0.023947067911592682,0.0,0.7769224438989352,0.5272934436798096,Structure_degraded; Details_lost; Wrong_color_temp; Undersaturated; Shadows_remain
dusseldorf_dusseldorf_000140_000019_leftImg8bit.png,dusseldorf_000140_000019_leftImg8bit.png,1.0,1.4,0.4202487567659544,49.06334590911865,0.6915316581726074,-61.36872100830078,0.03264238667182208,0.0,0.7891458814143847,0.47260138392448425,Structure_degraded; Details_lost; Undersaturated; Shadows_remain
dusseldorf_dusseldorf_000141_000019_leftImg8bit.png,dusseldorf_000141_000019_leftImg8bit.png,1.0,2.3333333333333335,0.3652215754563463,53.69214200973511,0.2819952964782715,-71.726722240448,0.03055886637530441,0.0,0.8997480844385591,0.5065879821777344,Structure_degraded; Details_lost; Undersaturated; Shadows_remain
dusseldorf_dusseldorf_000142_000019_leftImg8bit.png,dusseldorf_000142_000019_leftImg8bit.png,1.0,1.5,0.35128108456791196,57.33815097808838,-0.9599704742431641,-78.21686458587646,0.02738252558467458,0.0,0.8457550617885442,0.5539724230766296,Structure_degraded; Details_lost; Wrong_color_temp; Undersaturated; Shadows_remain
dusseldorf_dusseldorf_000143_000019_leftImg8bit.png,dusseldorf_000143_000019_leftImg8bit.png,1.0,1.625,0.37123348383943683,54.416436195373535,-0.6184582710266113,-78.77831792831421,0.03078884010762476,0.0,0.7313567014631993,0.5553930401802063,Structure_degraded; Details_lost; Wrong_color_temp; Undersaturated; Shadows_remain
dusseldorf_dusseldorf_000144_000019_leftImg8bit.png,dusseldorf_000144_000019_leftImg8bit.png,0.6666666666666666,1.0,0.3861893074308191,54.22465515136719,-0.0021271705627441406,-71.94973564147949,0.03785739498763447,0.0,0.8010034736785226,0.5114514231681824,Structure_degraded; Details_lost; Wrong_color_temp; Undersaturated; Shadows_remain
dusseldorf_dusseldorf_000145_000019_leftImg8bit.png,dusseldorf_000145_000019_leftImg8bit.png,1.0,1.5,0.3994964544701656,55.18263578414917,0.03331327438354492,-79.1479024887085,0.03190019505850459,0.0,0.7752591855654871,0.5224266052246094,Structure_degraded; Details_lost; Undersaturated; Shadows_remain
dusseldorf_dusseldorf_000146_000019_leftImg8bit.png,dusseldorf_000146_000019_leftImg8bit.png,1.0,1.6666666666666667,0.3596479987716006,56.468346118927,0.6746406555175781,-63.59902572631836,0.03537727386888329,0.0,0.7683012576906811,0.5841627717018127,Structure_degraded; Details_lost; Undersaturated; Shadows_remain
dusseldorf_dusseldorf_000147_000019_leftImg8bit.png,dusseldorf_000147_000019_leftImg8bit.png,1.0,1.6,0.379203581243917,51.34127998352051,-0.09414815902709961,-64.43709897994995,0.038258867289537146,0.0,0.625318852155726,0.5138673782348633,Structure_degraded; Details_lost; Wrong_color_temp; Undersaturated; Shadows_remain
dusseldorf_dusseldorf_000148_000019_leftImg8bit.png,dusseldorf_000148_000019_leftImg8bit.png,0.7,1.3333333333333333,0.35139923158430875,54.17211151123047,0.4557781219482422,-51.97082328796387,0.01576760538370831,0.0,0.999140739440918,0.5886154174804688,Structure_degraded; Details_lost; Undersaturated; Shadows_remain
dusseldorf_dusseldorf_000149_000019_leftImg8bit.png,dusseldorf_000149_000019_leftImg8bit.png,1.0,1.5,0.38485388622707906,51.23991250991821,0.26879215240478516,-73.25174474716187,0.023563235424872236,0.0,0.7534197297013833,0.49718934297561646,Structure_degraded; Details_lost; Undersaturated; Shadows_remain
dusseldorf_dusseldorf_000150_000019_leftImg8bit.png,dusseldorf_000150_000019_leftImg8bit.png,1.0,1.5833333333333333,0.3958960784724451,54.28956890106201,0.41152238845825195,-64.83772325515747,0.0333432274661016,0.0,0.77507117913007,0.5369997024536133,Structure_degraded; Details_lost; Undersaturated; Shadows_remain
dusseldorf_dusseldorf_000151_000019_leftImg8bit.png,dusseldorf_000151_000019_leftImg8bit.png,0.9285714285714285,1.7142857142857142,0.3649342884901695,54.933547019958496,0.4823265075683594,-71.94197702407837,0.023955575644080854,0.0,0.7324619755561147,0.5234428644180298,Structure_degraded; Details_lost; Undersaturated; Shadows_remain
dusseldorf_dusseldorf_000152_000019_leftImg8bit.png,dusseldorf_000152_000019_leftImg8bit.png,1.0,9.0,0.36319611142060315,55.79957103729248,0.13193941116333008,-75.84536647796631,0.019316352618117188,0.0,0.8386382949814926,0.5208107233047485,Structure_degraded; Details_lost; Undersaturated; Shadows_remain
dusseldorf_dusseldorf_000153_000019_leftImg8bit.png,dusseldorf_000153_000019_leftImg8bit.png,1.0,1.3333333333333333,0.38842486797394615,52.43077898025513,0.1284184455871582,-68.3596658706665,0.033792022295755515,0.0,0.8220253062377287,0.48049771785736084,Structure_degraded; Details_lost; Undersaturated; Shadows_remain
dusseldorf_dusseldorf_000154_000019_leftImg8bit.png,dusseldorf_000154_000019_leftImg8bit.png,1.0,1.0,0.4009040457246421,55.01725482940674,-0.03803062438964844,-71.42316102981567,0.019222172552518544,0.0,0.691186144450514,0.5285019874572754,Structure_degraded; Details_lost; Wrong_color_temp; Undersaturated; Shadows_remain
dusseldorf_dusseldorf_000155_000019_leftImg8bit.png,dusseldorf_000155_000019_leftImg8bit.png,0.8,1.0,0.34768656024637473,57.865498542785645,1.0511846542358398,-58.905611515045166,0.01663348015848737,0.0,0.8795411605937922,0.5251740217208862,Structure_degraded; Details_lost; Undersaturated; Shadows_remain
dusseldorf_dusseldorf_000156_000019_leftImg8bit.png,dusseldorf_000156_000019_leftImg8bit.png,1.0,2.0,0.38345430930037483,60.53988981246948,0.622833251953125,-69.67711353302002,0.022590178535272825,0.0,0.8184130630866585,0.5714874267578125,Structure_degraded; Details_lost; Undersaturated; Shadows_remain
dusseldorf_dusseldorf_000157_000019_leftImg8bit.png,dusseldorf_000157_000019_leftImg8bit.png,0.7,1.3333333333333333,0.39097081458104077,53.71258020401001,0.6922388076782227,-60.616361141204834,0.018741429224434333,0.0,0.82038719555166,0.5045084953308105,Structure_degraded; Details_lost; Undersaturated; Shadows_remain
dusseldorf_dusseldorf_000158_000019_leftImg8bit.png,dusseldorf_000158_000019_leftImg8bit.png,0.8875,1.125,0.38746991411006926,54.58371829986572,-0.50238037109375,-69.52907180786133,0.03513618677041434,0.0,0.778376141500723,0.5103477239608765,Structure_degraded; Details_lost; Wrong_color_temp; Undersaturated; Shadows_remain
dusseldorf_dusseldorf_000159_000019_leftImg8bit.png,dusseldorf_000159_000019_leftImg8bit.png,1.0,1.4,0.35559002531253586,59.77792549133301,-0.4757699966430664,-73.52713537216187,0.01654333588499764,0.0,0.8061082910362761,0.5746108293533325,Structure_degraded; Details_lost; Wrong_color_temp; Undersaturated; Shadows_remain
dusseldorf_dusseldorf_000160_000019_leftImg8bit.png,dusseldorf_000160_000019_leftImg8bit.png,1.0,1.6,0.3555078472001255,57.896005630493164,-1.6836347579956055,-79.97002601623535,0.020372714693667276,0.0,0.8121426638939833,0.5709398984909058,Structure_degraded; Details_lost; Wrong_color_temp; Undersaturated; Shadows_remain
dusseldorf_dusseldorf_000161_000019_leftImg8bit.png,dusseldorf_000161_000019_leftImg8bit.png,1.0,1.5,0.3527655013676407,55.52817487716675,-0.1924571990966797,-63.73323726654053,0.025664875292811883,0.0,0.7026944869908509,0.5565177202224731,Structure_degraded; Details_lost; Wrong_color_temp; Undersaturated; Shadows_remain
dusseldorf_dusseldorf_000162_000019_leftImg8bit.png,dusseldorf_000162_000019_leftImg8bit.png,1.0,3.0,0.3500726894775563,54.40512943267822,-0.7095422744750977,-70.09938669204712,0.028870323820778917,0.0,0.9154399946515676,0.5452815890312195,Structure_degraded; Details_lost; Wrong_color_temp; Undersaturated; Shadows_remain
dusseldorf_dusseldorf_000163_000019_leftImg8bit.png,dusseldorf_000163_000019_leftImg8bit.png,1.0,1.0666666666666667,0.3721002983278102,55.47564077377319,-2.163377285003662,-73.00121021270752,0.027363587250127674,0.0,0.7018056916375461,0.5471480488777161,Structure_degraded; Details_lost; Wrong_color_temp; Undersaturated; Shadows_remain
dusseldorf_dusseldorf_000164_000019_leftImg8bit.png,dusseldorf_000164_000019_leftImg8bit.png,1.0,1.6,0.3987811095087386,55.43986654281616,0.19150876998901367,-69.50090265274048,0.044456078850915196,0.0,0.8328733193171685,0.4593372046947479,Structure_degraded; Details_lost; Undersaturated; Shadows_remain
dusseldorf_dusseldorf_000165_000019_leftImg8bit.png,dusseldorf_000165_000019_leftImg8bit.png,1.0,1.0,0.41808895717344635,54.60468578338623,-1.6139655113220215,-64.25459957122803,0.028637539131610556,0.0,0.5441321012195852,0.4833414554595947,Structure_degraded; Details_lost; Wrong_color_temp; Undersaturated; Overexposed; Shadows_remain
dusseldorf_dusseldorf_000166_000019_leftImg8bit.png,dusseldorf_000166_000019_leftImg8bit.png,0.875,2.25,0.3173378695273592,53.75688648223877,-1.357316493988037,-71.59118843078613,0.05217565469928788,0.0,0.846259873649169,0.581440269947052,Structure_degraded; Details_lost; Wrong_color_temp; Undersaturated; Shadows_remain
dusseldorf_dusseldorf_000167_000019_leftImg8bit.png,dusseldorf_000167_000019_leftImg8bit.png,0.9,1.6666666666666667,0.3613850799775048,60.9681921005249,-2.801687240600586,-73.59834623336792,0.04925373134327277,0.0,0.7964010990158834,0.5129436254501343,Structure_degraded; Details_lost; Wrong_color_temp; Undersaturated; Shadows_remain
dusseldorf_dusseldorf_000168_000019_leftImg8bit.png,dusseldorf_000168_000019_leftImg8bit.png,0.9272727272727272,1.1818181818181819,0.4259837078506952,59.59688758850098,-0.8803210258483887,-71.0091462135315,0.026002656042489775,0.0,0.5614523507565929,0.46059370040893555,Structure_degraded; Details_lost; Wrong_color_temp; Undersaturated; Overexposed; Shadows_remain
dusseldorf_dusseldorf_000169_000019_leftImg8bit.png,dusseldorf_000169_000019_leftImg8bit.png,1.0,1.0,0.3876687769483086,56.3731255531311,-2.424358367919922,-68.06408548355103,0.024080794441155632,0.0,0.7994743938088364,0.49134713411331177,Structure_degraded; Details_lost; Wrong_color_temp; Undersaturated; Shadows_remain
dusseldorf_dusseldorf_000170_000019_leftImg8bit.png,dusseldorf_000170_000019_leftImg8bit.png,1.0,1.875,0.38980124374372965,60.0902214050293,-0.7656984329223633,-73.85213470458984,0.05211469534048311,0.0,0.6359326749498,0.5237842798233032,Structure_degraded; Details_lost; Wrong_color_temp; Undersaturated; Shadows_remain
dusseldorf_dusseldorf_000171_000019_leftImg8bit.png,dusseldorf_000171_000019_leftImg8bit.png,1.0,1.2666666666666666,0.3821832633573633,56.7258243560791,-2.7917909622192383,-67.79906892776489,0.02756133685362278,0.0,0.8390497285316372,0.5368840098381042,Structure_degraded; Details_lost; Wrong_color_temp; Undersaturated; Shadows_remain
dusseldorf_dusseldorf_000172_000019_leftImg8bit.png,dusseldorf_000172_000019_leftImg8bit.png,1.0,1.8,0.370682355839865,46.9774227142334,-0.11055707931518555,-71.05398225784302,0.017762740537106747,0.0,0.825903885267439,0.475088894367218,Structure_degraded; Details_lost; Wrong_color_temp; Undersaturated; Shadows_remain
dusseldorf_dusseldorf_000173_000019_leftImg8bit.png,dusseldorf_000173_000019_leftImg8bit.png,0.8538461538461538,1.0769230769230769,0.3900901076082141,50.61608552932739,0.6880741119384766,-68.38341283798218,0.0310354773579374,0.0,0.8275665231211425,0.4827246069908142,Structure_degraded; Details_lost; Undersaturated; Shadows_remain
dusseldorf_dusseldorf_000174_000019_leftImg8bit.png,dusseldorf_000174_000019_leftImg8bit.png,0.9111111111111111,1.2222222222222223,0.3915469506859818,53.619123458862305,-0.1211385726928711,-67.61280488967896,0.039934774267796416,0.0,0.8168904210491471,0.5165718793869019,Structure_degraded; Details_lost; Wrong_color_temp; Undersaturated; Shadows_remain
dusseldorf_dusseldorf_000175_000019_leftImg8bit.png,dusseldorf_000175_000019_leftImg8bit.png,1.0,1.5,0.37611627390538205,58.11596918106079,-0.9600944519042969,-83.36609840393066,0.03543226783996171,0.0,0.8934465981941616,0.5497594475746155,Structure_degraded; Details_lost; Wrong_color_temp; Undersaturated; Shadows_remain
dusseldorf_dusseldorf_000176_000019_leftImg8bit.png,dusseldorf_000176_000019_leftImg8bit.png,1.0,2.8,0.38445614796247785,54.86541128158569,-0.18929243087768555,-84.60270071029663,0.027598638093319607,0.0,0.8378477273380408,0.4961298406124115,Structure_degraded; Details_lost; Wrong_color_temp; Undersaturated; Shadows_remain
dusseldorf_dusseldorf_000177_000019_leftImg8bit.png,dusseldorf_000177_000019_leftImg8bit.png,1.0,1.5,0.3541648059209601,52.72676181793213,-0.44521093368530273,-75.14971542358398,0.019427535293349493,0.0,0.9129206731205654,0.5235604643821716,Structure_degraded; Details_lost; Wrong_color_temp; Undersaturated; Shadows_remain
dusseldorf_dusseldorf_000178_000019_leftImg8bit.png,dusseldorf_000178_000019_leftImg8bit.png,0.9444444444444444,1.5555555555555556,0.3743755932256232,56.97457838058472,0.2638216018676758,-77.70558881759644,0.0158977726700553,0.0,0.9394959881044482,0.525883674621582,Structure_degraded; Details_lost; Undersaturated; Shadows_remain
dusseldorf_dusseldorf_000179_000019_leftImg8bit.png,dusseldorf_000179_000019_leftImg8bit.png,1.0,1.1666666666666667,0.4028332857306656,50.67868614196777,-0.7070827484130859,-84.59130716323853,0.04310218978100617,0.0,0.8133555131477666,0.5483933687210083,Structure_degraded; Details_lost; Wrong_color_temp; Undersaturated; Shadows_remain
dusseldorf_dusseldorf_000180_000019_leftImg8bit.png,dusseldorf_000180_000019_leftImg8bit.png,1.0,1.0,0.37626685871502286,58.017760276794434,-2.5366082191467285,-84.68654489517212,0.019038377116975338,0.0,0.9084046382010666,0.49485886096954346,Structure_degraded; Details_lost; Wrong_color_temp; Undersaturated; Shadows_remain
dusseldorf_dusseldorf_000181_000019_leftImg8bit.png,dusseldorf_000181_000019_leftImg8bit.png,1.0,1.6666666666666667,0.3909529917490777,47.420793533325195,0.5741376876831055,-62.06323575973511,0.029909634720621768,0.0,0.7611128728481479,0.5252164006233215,Structure_degraded; Details_lost; Undersaturated; Shadows_remain
dusseldorf_dusseldorf_000182_000019_leftImg8bit.png,dusseldorf_000182_000019_leftImg8bit.png,1.0,2.4285714285714284,0.42821826462529683,51.53699588775635,-0.22830867767333984,-66.61228847503662,0.04597283273290611,0.0,0.7685579063458321,0.4943673610687256,Structure_degraded; Details_lost; Wrong_color_temp; Undersaturated; Shadows_remain
dusseldorf_dusseldorf_000183_000019_leftImg8bit.png,dusseldorf_000183_000019_leftImg8bit.png,1.0,0.9333333333333333,0.4051635457302683,51.641061305999756,0.38943004608154297,-66.75099658966064,0.041067820246452155,0.0,0.8459468844765111,0.491281658411026,Structure_degraded; Details_lost; Undersaturated; Shadows_remain
dusseldorf_dusseldorf_000184_000019_leftImg8bit.png,dusseldorf_000184_000019_leftImg8bit.png,1.0,1.1176470588235294,0.3901949241190688,52.74326419830322,-0.5666661262512207,-64.17642211914062,0.024301132935568712,0.0,0.6986997312990528,0.5331977009773254,Structure_degraded; Details_lost; Wrong_color_temp; Undersaturated; Shadows_remain
dusseldorf_dusseldorf_000185_000019_leftImg8bit.png,dusseldorf_000185_000019_leftImg8bit.png,0.8500000000000001,1.1666666666666667,0.3693069511266501,57.47651958465576,-1.0712485313415527,-69.61713027954102,0.012598284488916906,0.0,0.7507121786697541,0.5379464626312256,Structure_degraded; Details_lost; Wrong_color_temp; Undersaturated; Shadows_remain
dusseldorf_dusseldorf_000186_000019_leftImg8bit.png,dusseldorf_000186_000019_leftImg8bit.png,0.9666666666666667,1.5,0.3842004374170268,55.64265537261963,-0.11633539199829102,-69.33605623245239,0.0323224541252163,0.0,0.861902080321851,0.5435528755187988,Structure_degraded; Details_lost; Wrong_color_temp; Undersaturated; Shadows_remain
dusseldorf_dusseldorf_000187_000019_leftImg8bit.png,dusseldorf_000187_000019_leftImg8bit.png,0.9416666666666667,1.25,0.3897555430960442,55.89993381500244,1.0279645919799805,-61.25252294540405,0.028987061262410112,0.0,0.7998096202047532,0.5288004875183105,Structure_degraded; Details_lost; Undersaturated; Shadows_remain
dusseldorf_dusseldorf_000188_000019_leftImg8bit.png,dusseldorf_000188_000019_leftImg8bit.png,0.8583333333333334,1.25,0.40287501406301696,52.62384080886841,-0.2925891876220703,-72.71718883514404,0.05901055132413562,0.0,0.5777832715227442,0.4991975426673889,Structure_degraded; Details_lost; Wrong_color_temp; Undersaturated; Overexposed; Shadows_remain
dusseldorf_dusseldorf_000189_000019_leftImg8bit.png,dusseldorf_000189_000019_leftImg8bit.png,0.9384615384615385,1.1538461538461537,0.3777417274908533,48.839420318603516,0.355196475982666,-63.52595329284668,0.038323144104790104,0.0,0.6445656396371675,0.5407141447067261,Structure_degraded; Details_lost; Undersaturated; Shadows_remain
dusseldorf_dusseldorf_000190_000019_leftImg8bit.png,dusseldorf_000190_000019_leftImg8bit.png,0.75,0.875,0.3364190995693004,54.06380844116211,-1.5059547424316406,-77.31739521026611,0.024702399309188706,0.0,0.8038481012900496,0.5320019125938416,Structure_degraded; Details_lost; Wrong_color_temp; Undersaturated; Shadows_remain
dusseldorf_dusseldorf_000191_000019_leftImg8bit.png,dusseldorf_000191_000019_leftImg8bit.png,1.0,4.0,0.36230927317529615,54.8820424079895,0.14599943161010742,-73.03250360488892,0.02571836284620039,0.0,0.797804224920261,0.5509796142578125,Structure_degraded; Details_lost; Undersaturated; Shadows_remain
dusseldorf_dusseldorf_000192_000019_leftImg8bit.png,dusseldorf_000192_000019_leftImg8bit.png,0.9,1.25,0.3537281641439717,56.606064319610596,-0.34937095642089844,-74.56937456130981,0.021698970765028972,0.0,0.7607253770464436,0.5203912258148193,Structure_degraded; Details_lost; Wrong_color_temp; Undersaturated; Shadows_remain
dusseldorf_dusseldorf_000193_000019_leftImg8bit.png,dusseldorf_000193_000019_leftImg8bit.png,1.0,2.6666666666666665,0.3319765282478017,66.12492227554321,-0.8355884552001953,-91.52565956115723,0.015891545848233518,0.0,0.8635215057782679,0.5568694472312927,Structure_degraded; Details_lost; Wrong_color_temp; Undersaturated; Shadows_remain
dusseldorf_dusseldorf_000194_000019_leftImg8bit.png,dusseldorf_000194_000019_leftImg8bit.png,1.0,1.3333333333333333,0.3204433975970143,55.51039981842041,-0.11907005310058594,-67.86301183700562,0.010157733916918503,0.0,0.879749243201279,0.5324603319168091,Structure_degraded; Details_lost; Wrong_color_temp; Undersaturated; Shadows_remain
dusseldorf_dusseldorf_000195_000019_leftImg8bit.png,dusseldorf_000195_000019_leftImg8bit.png,1.0,2.1666666666666665,0.34524240862974603,51.05378341674805,0.4674677848815918,-72.67779588699341,0.029912987689951515,0.0,0.8622364296603655,0.5227915048599243,Structure_degraded; Details_lost; Undersaturated; Shadows_remain
dusseldorf_dusseldorf_000196_000019_leftImg8bit.png,dusseldorf_000196_000019_leftImg8bit.png,0.95,1.3333333333333333,0.34225573284872196,51.418285846710205,-0.8144063949584961,-65.27177333831787,0.022368461704815903,0.0,0.8464783677771244,0.5313096642494202,Structure_degraded; Details_lost; Wrong_color_temp; Undersaturated; Shadows_remain
dusseldorf_dusseldorf_000197_000019_leftImg8bit.png,dusseldorf_000197_000019_leftImg8bit.png,1.0,1.2222222222222223,0.39993196903736583,61.41962671279907,0.11629247665405273,-62.75118446350098,0.04817271357977746,0.0,0.7692507569243191,0.5268620848655701,Structure_degraded; Details_lost; Undersaturated; Shadows_remain
dusseldorf_dusseldorf_000198_000019_leftImg8bit.png,dusseldorf_000198_000019_leftImg8bit.png,0.8333333333333334,1.0,0.3238721755274131,61.15162372589111,-0.002899646759033203,-81.81323671340942,0.01307598134979212,0.0,0.7522032526236813,0.5626301765441895,Structure_degraded; Details_lost; Wrong_color_temp; Undersaturated; Shadows_remain
dusseldorf_dusseldorf_000199_000019_leftImg8bit.png,dusseldorf_000199_000019_leftImg8bit.png,0.575,1.75,0.34911249144986617,50.14352035522461,-0.6558542251586914,-80.35051250457764,0.028022947925851714,0.0,0.8266353590223525,0.5348493456840515,Structure_degraded; Details_lost; Wrong_color_temp; Undersaturated; Shadows_remain
dusseldorf_dusseldorf_000200_000019_leftImg8bit.png,dusseldorf_000200_000019_leftImg8bit.png,1.0,2.6666666666666665,0.370434159430946,62.47371959686279,-1.1727690696716309,-64.25612926483154,0.026404187172866803,0.0,0.8712813546140787,0.5174087882041931,Structure_degraded; Details_lost; Wrong_color_temp; Undersaturated; Shadows_remain
dusseldorf_dusseldorf_000201_000019_leftImg8bit.png,dusseldorf_000201_000019_leftImg8bit.png,1.0,2.142857142857143,0.4125015382517734,56.081448554992676,0.8783907890319824,-54.49873352050781,0.02355728104230323,0.0,0.61532978246987,0.49611276388168335,Structure_degraded; Details_lost; Undersaturated; Shadows_remain
dusseldorf_dusseldorf_000202_000019_leftImg8bit.png,dusseldorf_000202_000019_leftImg8bit.png,1.0,2.75,0.35375901601845533,48.565937995910645,1.0067410469055176,-55.701359272003174,0.016528685548288593,0.0,0.8560642030136344,0.5341668725013733,Structure_degraded; Details_lost; Undersaturated; Shadows_remain
dusseldorf_dusseldorf_000203_000019_leftImg8bit.png,dusseldorf_000203_000019_leftImg8bit.png,0.9,1.6666666666666667,0.3823145600815519,60.195557594299316,0.20372962951660156,-70.80011177062988,0.020296745206619223,0.0,0.7034951431280823,0.49051085114479065,Structure_degraded; Details_lost; Undersaturated; Shadows_remain
dusseldorf_dusseldorf_000204_000019_leftImg8bit.png,dusseldorf_000204_000019_leftImg8bit.png,0.8142857142857143,2.0,0.3647540053872563,52.557313442230225,0.31932878494262695,-71.62850761413574,0.020895999999993312,0.0,0.7446973985596559,0.5089407563209534,Structure_degraded; Details_lost; Undersaturated; Shadows_remain
dusseldorf_dusseldorf_000205_000019_leftImg8bit.png,dusseldorf_000205_000019_leftImg8bit.png,1.0,1.5,0.4017057510061345,59.517367362976074,0.4018526077270508,-61.4574031829834,0.05366777094177199,0.0,0.6827313094301027,0.5172953605651855,Structure_degraded; Details_lost; Undersaturated; Shadows_remain
dusseldorf_dusseldorf_000206_000019_leftImg8bit.png,dusseldorf_000206_000019_leftImg8bit.png,1.0,1.75,0.43540335436871563,48.47234344482422,0.5639457702636719,-67.08277320861816,0.06011568815717194,0.0,0.714146889403219,0.4500526487827301,Structure_degraded; Details_lost; Undersaturated; Shadows_remain
dusseldorf_dusseldorf_000207_000019_leftImg8bit.png,dusseldorf_000207_000019_leftImg8bit.png,1.0,4.5,0.3660585976918919,57.775779724121094,-0.36543941497802734,-77.15205192565918,0.04313890054551274,0.0,0.5758150583143284,0.5188778638839722,Structure_degraded; Details_lost; Wrong_color_temp; Undersaturated; Overexposed; Shadows_remain
dusseldorf_dusseldorf_000208_000019_leftImg8bit.png,dusseldorf_000208_000019_leftImg8bit.png,0.8999999999999999,1.1111111111111112,0.3873569293447256,54.03001356124878,-0.05351114273071289,-76.67461585998535,0.04242355002092904,0.0,0.8579850349288651,0.5220033526420593,Structure_degraded; Details_lost; Wrong_color_temp; Undersaturated; Shadows_remain
dusseldorf_dusseldorf_000209_000019_leftImg8bit.png,dusseldorf_000209_000019_leftImg8bit.png,1.0,0.8888888888888888,0.3143681702827283,56.870301723480225,0.022568225860595703,-74.6165976524353,0.04052519867711114,0.0,0.86290808170544,0.5632493495941162,Structure_degraded; Details_lost; Undersaturated; Shadows_remain
dusseldorf_dusseldorf_000210_000019_leftImg8bit.png,dusseldorf_000210_000019_leftImg8bit.png,1.0,1.4285714285714286,0.3628389056998033,53.343690395355225,0.14562273025512695,-75.98004102706909,0.014293407530401137,0.0,0.8038436174058883,0.4889119267463684,Structure_degraded; Details_lost; Undersaturated; Shadows_remain
dusseldorf_dusseldorf_000211_000019_leftImg8bit.png,dusseldorf_000211_000019_leftImg8bit.png,1.0,1.0714285714285714,0.38978409507340406,61.887425899505615,0.12790775299072266,-62.622772216796875,0.027454731213175782,0.0,0.7971075026510808,0.5092981457710266,Structure_degraded; Details_lost; Undersaturated; Shadows_remain
dusseldorf_dusseldorf_000212_000019_leftImg8bit.png,dusseldorf_000212_000019_leftImg8bit.png,1.0,1.5,0.36641275935365,57.73030614852905,-1.5379695892333984,-68.2953953742981,0.029003322259126576,0.0,0.6698425351984264,0.5266420245170593,Structure_degraded; Details_lost; Wrong_color_temp; Undersaturated; Shadows_remain
dusseldorf_dusseldorf_000213_000019_leftImg8bit.png,dusseldorf_000213_000019_leftImg8bit.png,1.0,1.6666666666666667,0.3898457985738588,57.03436279296875,-0.30316162109375,-76.51324129104614,0.02943927133736045,0.0,0.6205878348023617,0.549860954284668,Structure_degraded; Details_lost; Wrong_color_temp; Undersaturated; Shadows_remain
dusseldorf_dusseldorf_000214_000019_leftImg8bit.png,dusseldorf_000214_000019_leftImg8bit.png,1.0,1.6666666666666667,0.3853523768076325,57.45092058181763,-0.263979434967041,-70.00956201553345,0.03182149628116324,0.0,0.6031264628159863,0.5331899523735046,Structure_degraded; Details_lost; Wrong_color_temp; Undersaturated; Shadows_remain
dusseldorf_dusseldorf_000215_000019_leftImg8bit.png,dusseldorf_000215_000019_leftImg8bit.png,1.0,1.4285714285714286,0.3872247571613174,60.12518501281738,0.4368472099304199,-58.6543869972229,0.03332641196011559,0.0,0.6880264734090533,0.5723235011100769,Structure_degraded; Details_lost; Undersaturated; Shadows_remain
dusseldorf_dusseldorf_000216_000019_leftImg8bit.png,dusseldorf_000216_000019_leftImg8bit.png,1.0,1.1538461538461537,0.3987379434937293,61.20604610443115,-0.32693004608154297,-76.17886972427368,0.040230128177993894,0.0,0.7878509919560652,0.5050939321517944,Structure_degraded; Details_lost; Wrong_color_temp; Undersaturated; Shadows_remain
dusseldorf_dusseldorf_000217_000019_leftImg8bit.png,dusseldorf_000217_000019_leftImg8bit.png,1.0,1.6666666666666667,0.38844799815296455,67.93106937408447,-0.06471061706542969,-73.40501308441162,0.020420420420413966,0.0,0.7417727862787873,0.512656033039093,Structure_degraded; Details_lost; Wrong_color_temp; Undersaturated; Shadows_remain
dusseldorf_dusseldorf_000218_000019_leftImg8bit.png,dusseldorf_000218_000019_leftImg8bit.png,1.0,1.1111111111111112,0.39969417475657704,62.40312623977661,-0.02941417694091797,-74.85555791854858,0.05067963844612893,0.0,0.7360743196133669,0.4833337068557739,Structure_degraded; Details_lost; Wrong_color_temp; Undersaturated; Shadows_remain
dusseldorf_dusseldorf_000219_000019_leftImg8bit.png,dusseldorf_000219_000019_leftImg8bit.png,1.0,1.1,0.3656431390631774,67.26941299438477,-0.6989021301269531,-69.89112091064453,0.054294229206147765,0.0,0.8713876869737059,0.6058740615844727,Structure_degraded; Details_lost; Wrong_color_temp; Undersaturated; Shadows_remain
dusseldorf_dusseldorf_000220_000019_leftImg8bit.png,dusseldorf_000220_000019_leftImg8bit.png,1.0,1.0,0.3559512948246224,64.89980125427246,-0.8804931640625,-86.09815788269043,0.02134939099492906,0.0,0.8356625655206659,0.5152984261512756,Structure_degraded; Details_lost; Wrong_color_temp; Undersaturated; Shadows_remain
erfurt_erfurt_000000_000019_leftImg8bit.png,erfurt_000000_000019_leftImg8bit.png,1.0,3.5,0.3520587227429782,63.83540153503418,-1.6122937202453613,-65.09482908248901,0.021544173399215223,0.0,0.8956718168560363,0.491901695728302,Structure_degraded; Details_lost; Wrong_color_temp; Undersaturated; Shadows_remain
erfurt_erfurt_000001_000019_leftImg8bit.png,erfurt_000001_000019_leftImg8bit.png,1.0,1.4285714285714286,0.3649857718516508,65.63071775436401,-1.5691566467285156,-78.18820810317993,0.008910331638193197,0.0,0.8323240342056826,0.5852105021476746,Structure_degraded; Details_lost; Wrong_color_temp; Undersaturated; Shadows_remain
erfurt_erfurt_000002_000019_leftImg8bit.png,erfurt_000002_000019_leftImg8bit.png,0.8,1.5,0.3802651724200872,62.20048475265503,-0.8593668937683105,-77.61132574081421,0.017076244486441666,0.0,0.6241437448464864,0.5245410203933716,Structure_degraded; Details_lost; Wrong_color_temp; Undersaturated; Shadows_remain
erfurt_erfurt_000003_000019_leftImg8bit.png,erfurt_000003_000019_leftImg8bit.png,1.0,1.5,0.37459741619839537,65.28444147109985,-1.2827024459838867,-82.40686750411987,0.016086420477886405,0.0,0.6702232896562876,0.5462791919708252,Structure_degraded; Details_lost; Wrong_color_temp; Undersaturated; Shadows_remain
erfurt_erfurt_000004_000019_leftImg8bit.png,erfurt_000004_000019_leftImg8bit.png,1.0,1.0,0.3764129360485457,60.429502964019775,-0.7752447128295898,-87.8588399887085,0.032110782198569006,0.0,0.884860857954749,0.5480300784111023,Structure_degraded; Details_lost; Wrong_color_temp; Undersaturated; Shadows_remain
erfurt_erfurt_000005_000019_leftImg8bit.png,erfurt_000005_000019_leftImg8bit.png,1.0,1.25,0.3721867196305484,61.371140480041504,-0.6356077194213867,-76.23531770706177,0.030592091440084634,0.0,0.7767967820961299,0.5403788685798645,Structure_degraded; Details_lost; Wrong_color_temp; Undersaturated; Shadows_remain
erfurt_erfurt_000006_000019_leftImg8bit.png,erfurt_000006_000019_leftImg8bit.png,1.0,2.5,0.3979835578415375,60.66032552719116,-1.5684537887573242,-74.97537755966187,0.023230330922632252,0.0,0.6523470660859985,0.5123160481452942,Structure_degraded; Details_lost; Wrong_color_temp; Undersaturated; Shadows_remain
erfurt_erfurt_000007_000019_leftImg8bit.png,erfurt_000007_000019_leftImg8bit.png,0.8888888888888888,1.0,0.3974524571869059,62.64443635940552,-1.212770938873291,-81.58534097671509,0.02808633948804544,0.0,0.788773655651135,0.5371423959732056,Structure_degraded; Details_lost; Wrong_color_temp; Undersaturated; Shadows_remain
erfurt_erfurt_000008_000019_leftImg8bit.png,erfurt_000008_000019_leftImg8bit.png,0.9142857142857143,1.5714285714285714,0.35647246550962924,62.32297086715698,-0.9677848815917969,-70.54382801055908,0.026345621910839185,0.0,0.7014195861250716,0.5298557281494141,Structure_degraded; Details_lost; Wrong_color_temp; Undersaturated; Shadows_remain
erfurt_erfurt_000009_000019_leftImg8bit.png,erfurt_000009_000019_leftImg8bit.png,1.0,1.8333333333333333,0.3675281879195917,56.177945137023926,-3.0914487838745117,-83.2130036354065,0.04340711785825944,0.0,0.7090588673907097,0.5543819665908813,Structure_degraded; Details_lost; Wrong_color_temp; Undersaturated; Shadows_remain
erfurt_erfurt_000010_000019_leftImg8bit.png,erfurt_000010_000019_leftImg8bit.png,1.0,1.0,0.4021536034684306,57.7195348739624,-1.115229606628418,-77.01495122909546,0.03376220886549879,0.0,0.7154900409244389,0.5286148190498352,Structure_degraded; Details_lost; Wrong_color_temp; Undersaturated; Shadows_remain
erfurt_erfurt_000011_000019_leftImg8bit.png,erfurt_000011_000019_leftImg8bit.png,1.0,1.5,0.37801545177744844,65.36085987091064,-1.1074657440185547,-82.98275136947632,0.04600566572235354,0.0,0.752789478389573,0.6222009658813477,Structure_degraded; Details_lost; Wrong_color_temp; Undersaturated; Shadows_remain
erfurt_erfurt_000012_000019_leftImg8bit.png,erfurt_000012_000019_leftImg8bit.png,0.8999999999999999,1.4285714285714286,0.4048779083770124,62.06743335723877,-2.569349765777588,-87.87158060073853,0.05373863028355613,0.0,0.7316591523626532,0.5178203582763672,Structure_degraded; Details_lost; Wrong_color_temp; Undersaturated; Shadows_remain
erfurt_erfurt_000013_000019_leftImg8bit.png,erfurt_000013_000019_leftImg8bit.png,1.0,1.8333333333333333,0.39817258073046746,56.17055130004883,-1.4855527877807617,-91.16505193710327,0.04368747625678794,0.0,0.6038767303214456,0.5257813334465027,Structure_degraded; Details_lost; Wrong_color_temp; Undersaturated; Shadows_remain
erfurt_erfurt_000014_000019_leftImg8bit.png,erfurt_000014_000019_leftImg8bit.png,0.5,0.5,0.3629635500209637,59.43068552017212,-3.1110305786132812,-88.33420896530151,0.05204617983853386,0.0,0.7163278493487383,0.5313183665275574,Structure_degraded; Details_lost; Wrong_color_temp; Undersaturated; Shadows_remain
erfurt_erfurt_000015_000019_leftImg8bit.png,erfurt_000015_000019_leftImg8bit.png,1.0,1.0,0.36581183229527686,68.78685283660889,0.6482348442077637,-80.56196737289429,0.035180618018266656,0.0,0.8564560840610655,0.5273302793502808,Structure_degraded; Details_lost; Undersaturated; Shadows_remain
erfurt_erfurt_000016_000019_leftImg8bit.png,erfurt_000016_000019_leftImg8bit.png,1.0,1.1666666666666667,0.3720440057865164,60.420105934143066,-4.308278560638428,-89.78705883026123,0.033545401966440735,0.0,0.8365032745973496,0.5485286116600037,Structure_degraded; Details_lost; Wrong_color_temp; Undersaturated; Shadows_remain
erfurt_erfurt_000017_000019_leftImg8bit.png,erfurt_000017_000019_leftImg8bit.png,0.8545454545454546,1.3636363636363635,0.3732048240534633,65.6682825088501,-2.2682604789733887,-84.89179849624634,0.022752422336772896,0.0,0.8082530942491095,0.5033966898918152,Structure_degraded; Details_lost; Wrong_color_temp; Undersaturated; Shadows_remain
erfurt_erfurt_000018_000019_leftImg8bit.png,erfurt_000018_000019_leftImg8bit.png,1.0,1.75,0.3836196492103512,56.779369831085205,-1.894071102142334,-95.98806524276733,0.049175126903533796,0.0,0.7087203703993314,0.5204063653945923,Structure_degraded; Details_lost; Wrong_color_temp; Undersaturated; Shadows_remain
erfurt_erfurt_000019_000019_leftImg8bit.png,erfurt_000019_000019_leftImg8bit.png,1.0,1.25,0.39088560916768855,64.59140968322754,-0.9811840057373047,-75.25394010543823,0.01734104046242178,0.0,0.7441395126151846,0.5659182071685791,Structure_degraded; Details_lost; Wrong_color_temp; Undersaturated; Shadows_remain
erfurt_erfurt_000020_000019_leftImg8bit.png,erfurt_000020_000019_leftImg8bit.png,1.0,2.0,0.3732072751090543,68.32445478439331,-0.9913730621337891,-86.04113912582397,0.016175165203661024,0.0,0.8030685865211652,0.5353806018829346,Structure_degraded; Details_lost; Wrong_color_temp; Undersaturated; Shadows_remain
erfurt_erfurt_000021_000019_leftImg8bit.png,erfurt_000021_000019_leftImg8bit.png,1.0,1.0,0.3478199542326045,62.75078201293945,-2.343719959259033,-90.31370306015015,0.02638734632912321,0.0,0.8431007160880252,0.556586742401123,Structure_degraded; Details_lost; Wrong_color_temp; Undersaturated; Shadows_remain
erfurt_erfurt_000022_000019_leftImg8bit.png,erfurt_000022_000019_leftImg8bit.png,0.775,1.25,0.37890746952315746,60.174376010894775,-1.564836025238037,-81.04468059539795,0.02878239903555275,0.0,0.8127085098322825,0.5086724162101746,Structure_degraded; Details_lost; Wrong_color_temp; Undersaturated; Shadows_remain
erfurt_erfurt_000023_000019_leftImg8bit.png,erfurt_000023_000019_leftImg8bit.png,1.0,1.1428571428571428,0.4086597521049442,60.26163625717163,-0.8870558738708496,-85.94540023803711,0.05605778191982476,0.0,0.7265155453586832,0.558088481426239,Structure_degraded; Details_lost; Wrong_color_temp; Undersaturated; Shadows_remain
erfurt_erfurt_000024_000019_leftImg8bit.png,erfurt_000024_000019_leftImg8bit.png,1.0,1.6666666666666667,0.3799172864345826,68.76157236099243,-0.872826099395752,-77.50494194030762,0.027586206896541968,0.0,0.7795143677750157,0.5466780066490173,Structure_degraded; Details_lost; Wrong_color_temp; Undersaturated; Shadows_remain
erfurt_erfurt_000025_000019_leftImg8bit.png,erfurt_000025_000019_leftImg8bit.png,0.8,1.5,0.3527491721210718,69.12719440460205,-0.8920955657958984,-83.19880390167236,0.012865609791349267,0.0,0.8234803090188008,0.5347427129745483,Structure_degraded; Details_lost; Wrong_color_temp; Undersaturated; Shadows_remain
erfurt_erfurt_000026_000019_leftImg8bit.png,erfurt_000026_000019_leftImg8bit.png,1.0,1.6,0.34822136658729386,63.25168800354004,-2.3097143173217773,-92.53607273101807,0.04200300520668064,0.0,0.7498368042035385,0.5534616708755493,Structure_degraded; Details_lost; Wrong_color_temp; Undersaturated; Shadows_remain
erfurt_erfurt_000027_000019_leftImg8bit.png,erfurt_000027_000019_leftImg8bit.png,1.0,2.5,0.38499273975044435,60.67393732070923,-2.171268939971924,-94.18951606750488,0.02380753835889601,0.0,0.7240647256500998,0.5366023182868958,Structure_degraded; Details_lost; Wrong_color_temp; Undersaturated; Shadows_remain
erfurt_erfurt_000028_000019_leftImg8bit.png,erfurt_000028_000019_leftImg8bit.png,1.0,2.0,0.35086858902783574,56.621355056762695,-2.323575973510742,-78.9053111076355,0.007240311375237615,0.0,0.6930168816995301,0.596642017364502,Structure_degraded; Details_lost; Wrong_color_temp; Undersaturated; Shadows_remain
erfurt_erfurt_000029_000019_leftImg8bit.png,erfurt_000029_000019_leftImg8bit.png,0.525,1.25,0.3394060649991255,62.537124156951904,-2.5964322090148926,-93.404869556427,0.04052768440410951,0.0,0.5946532593889253,0.5557879209518433,Structure_degraded; Details_lost; Wrong_color_temp; Undersaturated; Overexposed; Shadows_remain
erfurt_erfurt_000030_000019_leftImg8bit.png,erfurt_000030_000019_leftImg8bit.png,1.0,1.0,0.3681181762802155,59.79165077209473,-2.033329963684082,-97.65331220626831,0.02434951456309734,0.0,0.7234026980836301,0.5344178080558777,Structure_degraded; Details_lost; Wrong_color_temp; Undersaturated; Shadows_remain
erfurt_erfurt_000031_000019_leftImg8bit.png,erfurt_000031_000019_leftImg8bit.png,1.0,1.25,0.3733552095066406,61.16352081298828,-0.7052559852600098,-87.87508869171143,0.02930402930401253,0.0,0.8398680813091177,0.6329907774925232,Structure_degraded; Details_lost; Wrong_color_temp; Undersaturated; Shadows_remain
erfurt_erfurt_000032_000019_leftImg8bit.png,erfurt_000032_000019_leftImg8bit.png,1.0,2.3333333333333335,0.3542321907263115,64.59757900238037,-2.3039889335632324,-86.27927875518799,0.05198293569282193,0.0,0.8345285898606205,0.5144299864768982,Structure_degraded; Details_lost; Wrong_color_temp; Undersaturated; Shadows_remain
erfurt_erfurt_000033_000019_leftImg8bit.png,erfurt_000033_000019_leftImg8bit.png,0.0,0.0,0.38433614836692703,60.094759464263916,-1.4272613525390625,-82.52517175674438,0.017292563455537594,0.0,0.7813079203975145,0.5127969980239868,Lost_objects; Structure_degraded; Details_lost; Wrong_color_temp; Undersaturated; Shadows_remain
erfurt_erfurt_000034_000019_leftImg8bit.png,erfurt_000034_000019_leftImg8bit.png,1.0,4.0,0.35984919706418184,62.33975601196289,-2.558220863342285,-80.50320863723755,0.01926248201816804,0.0,0.8120194150010475,0.5245387554168701,Structure_degraded; Details_lost; Wrong_color_temp; Undersaturated; Shadows_remain
erfurt_erfurt_000035_000019_leftImg8bit.png,erfurt_000035_000019_leftImg8bit.png,1.0,1.5,0.3573330450205852,60.02145862579346,-1.1104907989501953,-83.79609155654907,0.029211150652420963,0.0,0.8331299412886979,0.5179610252380371,Structure_degraded; Details_lost; Wrong_color_temp; Undersaturated; Shadows_remain
erfurt_erfurt_000036_000019_leftImg8bit.png,erfurt_000036_000019_leftImg8bit.png,1.0,1.5,0.37633122892705073,62.927298069000244,-0.7534751892089844,-78.13429498672485,0.010566400219557938,0.0,0.8473274931708028,0.48994433879852295,Structure_degraded; Details_lost; Wrong_color_temp; Undersaturated; Shadows_remain
erfurt_erfurt_000037_000019_leftImg8bit.png,erfurt_000037_000019_leftImg8bit.png,1.0,2.0,0.3624945072025904,61.65855407714844,-2.3371386528015137,-86.41756820678711,0.017819137837492043,0.0,0.8250689195128981,0.5593803524971008,Structure_degraded; Details_lost; Wrong_color_temp; Undersaturated; Shadows_remain
erfurt_erfurt_000038_000019_leftImg8bit.png,erfurt_000038_000019_leftImg8bit.png,0.9,1.25,0.4211304230619204,52.898513317108154,-0.814058780670166,-79.66993570327759,0.049085353755783864,0.0,0.7230063095165417,0.5114959478378296,Structure_degraded; Details_lost; Wrong_color_temp; Undersaturated; Shadows_remain
erfurt_erfurt_000039_000019_leftImg8bit.png,erfurt_000039_000019_leftImg8bit.png,1.0,2.5,0.3938688725790982,54.75709533691406,-0.21412086486816406,-80.10658359527588,0.014329283051743075,0.0,0.7954293207749613,0.5279083847999573,Structure_degraded; Details_lost; Wrong_color_temp; Undersaturated; Shadows_remain
erfurt_erfurt_000040_000019_leftImg8bit.png,erfurt_000040_000019_leftImg8bit.png,1.0,1.0,0.42884294635740716,47.4271125793457,-1.034644603729248,-71.75617361068726,0.032046710643594205,0.0,0.7373884231970168,0.511013388633728,Structure_degraded; Details_lost; Wrong_color_temp; Undersaturated; Shadows_remain
erfurt_erfurt_000041_000019_leftImg8bit.png,erfurt_000041_000019_leftImg8bit.png,1.0,1.3571428571428572,0.4057147758659507,62.328585624694824,-2.389683246612549,-84.20317888259888,0.029626956264959602,0.0,0.762779616454275,0.5463847517967224,Structure_degraded; Details_lost; Wrong_color_temp; Undersaturated; Shadows_remain
erfurt_erfurt_000042_000019_leftImg8bit.png,erfurt_000042_000019_leftImg8bit.png,1.0,1.8,0.38382097089957967,57.628464221954346,-2.3740644454956055,-90.25555086135864,0.028624217521984224,0.0,0.7335186855375748,0.5667404532432556,Structure_degraded; Details_lost; Wrong_color_temp; Undersaturated; Shadows_remain
erfurt_erfurt_000043_000019_leftImg8bit.png,erfurt_000043_000019_leftImg8bit.png,1.0,1.0,0.3718900160470925,62.70788097381592,-2.6019229888916016,-92.67268085479736,0.03135016025639455,0.0,0.8769684700510737,0.6140255928039551,Structure_degraded; Details_lost; Wrong_color_temp; Undersaturated; Shadows_remain
erfurt_erfurt_000044_000019_leftImg8bit.png,erfurt_000044_000019_leftImg8bit.png,1.0,0.7692307692307693,0.4137801455646169,57.090439319610596,-1.8297600746154785,-86.05081462860107,0.037169326933795745,0.0,0.7839468837164927,0.5640144944190979,Structure_degraded; Details_lost; Wrong_color_temp; Undersaturated; Shadows_remain
erfurt_erfurt_000045_000019_leftImg8bit.png,erfurt_000045_000019_leftImg8bit.png,0.8,0.8,0.39740696691741995,53.69636154174805,-3.2211713790893555,-98.51432418823242,0.020830922346938528,0.0,0.6095248439678712,0.5414150953292847,Structure_degraded; Details_lost; Wrong_color_temp; Undersaturated; Shadows_remain
erfurt_erfurt_000046_000019_leftImg8bit.png,erfurt_000046_000019_leftImg8bit.png,0.3333333333333333,0.3333333333333333,0.36546956352368765,54.08752250671387,-2.4260354042053223,-91.56286573410034,0.01252264734092906,0.0,0.8051821019771072,0.5511707663536072,Lost_objects; Structure_degraded; Details_lost; Wrong_color_temp; Undersaturated; Shadows_remain
erfurt_erfurt_000047_000019_leftImg8bit.png,erfurt_000047_000019_leftImg8bit.png,1.0,3.5,0.4060565451749025,58.32865238189697,-2.7671151161193848,-89.88010358810425,0.025917926565867905,0.0,0.786122215110231,0.46622031927108765,Structure_degraded; Details_lost; Wrong_color_temp; Undersaturated; Shadows_remain
erfurt_erfurt_000048_000019_leftImg8bit.png,erfurt_000048_000019_leftImg8bit.png,0.9375,1.625,0.39902929619942934,61.33700132369995,-0.04711484909057617,-69.84313535690308,0.03199799699548523,0.0,0.7801168679277889,0.5237945318222046,Structure_degraded; Details_lost; Wrong_color_temp; Undersaturated; Shadows_remain
erfurt_erfurt_000049_000019_leftImg8bit.png,erfurt_000049_000019_leftImg8bit.png,1.0,1.4444444444444444,0.3815597057342603,55.203251361846924,-1.0559697151184082,-71.22575664520264,0.018445708549431804,0.0,0.8407837482517079,0.5856935381889343,Structure_degraded; Details_lost; Wrong_color_temp; Undersaturated; Shadows_remain
erfurt_erfurt_000050_000019_leftImg8bit.png,erfurt_000050_000019_leftImg8bit.png,1.0,1.0,0.3868875315535227,59.25354862213135,-2.1696834564208984,-87.2668251991272,0.01055971209394329,0.0,0.763423511634948,0.5393856167793274,Structure_degraded; Details_lost; Wrong_color_temp; Undersaturated; Shadows_remain
erfurt_erfurt_000051_000019_leftImg8bit.png,erfurt_000051_000019_leftImg8bit.png,1.0,2.0,0.33292566291545733,51.723074436187744,-2.639814853668213,-97.64928197860718,0.03498298275956314,0.0,0.839244027051651,0.5336369872093201,Structure_degraded; Details_lost; Wrong_color_temp; Undersaturated; Shadows_remain
erfurt_erfurt_000052_000019_leftImg8bit.png,erfurt_000052_000019_leftImg8bit.png,0.7777777777777778,0.8888888888888888,0.3887309567615499,45.28399848937988,-1.3325152397155762,-86.86017894744873,0.02713057424153467,0.0,0.6454769183444755,0.5217151641845703,Structure_degraded; Details_lost; Wrong_color_temp; Undersaturated; Shadows_remain
erfurt_erfurt_000053_000019_leftImg8bit.png,erfurt_000053_000019_leftImg8bit.png,0.8,1.5,0.3643139884144316,51.76329803466797,-0.7597007751464844,-89.6878547668457,0.03671521233629636,0.0,0.5842067739061725,0.5186521410942078,Structure_degraded; Details_lost; Wrong_color_temp; Undersaturated; Overexposed; Shadows_remain
erfurt_erfurt_000054_000019_leftImg8bit.png,erfurt_000054_000019_leftImg8bit.png,0.9500000000000001,2.1666666666666665,0.37310495918005243,56.98615312576294,-0.9830527305603027,-88.20541906356812,0.029529726329022676,0.0,0.76426655066273,0.5135842561721802,Structure_degraded; Details_lost; Wrong_color_temp; Undersaturated; Shadows_remain
erfurt_erfurt_000055_000019_leftImg8bit.png,erfurt_000055_000019_leftImg8bit.png,1.0,1.0,0.3761429966985255,58.932575702667236,-3.313899517059326,-103.30959129333496,0.05084401057552835,0.0,0.643520141407973,0.5386703610420227,Structure_degraded; Details_lost; Wrong_color_temp; Undersaturated; Shadows_remain
erfurt_erfurt_000056_000019_leftImg8bit.png,erfurt_000056_000019_leftImg8bit.png,1.0,1.2222222222222223,0.39530338468447673,55.36321496963501,-0.8671436309814453,-82.05681943893433,0.03260628465802861,0.0,0.8194626520321655,0.4994558095932007,Structure_degraded; Details_lost; Wrong_color_temp; Undersaturated; Shadows_remain
erfurt_erfurt_000057_000019_leftImg8bit.png,erfurt_000057_000019_leftImg8bit.png,1.0,1.2222222222222223,0.4519637664621793,53.252424240112305,-1.495682716369629,-79.8653302192688,0.06047501604781902,0.0,0.5996609162089738,0.4893929958343506,Structure_degraded; Details_lost; Wrong_color_temp; Undersaturated; Overexposed; Shadows_remain
erfurt_erfurt_000058_000019_leftImg8bit.png,erfurt_000058_000019_leftImg8bit.png,0.6666666666666666,0.6666666666666666,0.3318719920005637,68.9190788269043,-1.506136417388916,-99.45191955566406,0.010553897663581573,0.0,0.9293033558092619,0.6469692587852478,Structure_degraded; Details_lost; Wrong_color_temp; Undersaturated; Shadows_remain
erfurt_erfurt_000059_000019_leftImg8bit.png,erfurt_000059_000019_leftImg8bit.png,0.975,1.5833333333333333,0.38051509075899137,63.982481956481934,-0.6646366119384766,-81.37667226791382,0.020660091536124327,0.0,0.8484398157661224,0.5449696779251099,Structure_degraded; Details_lost; Wrong_color_temp; Undersaturated; Shadows_remain
erfurt_erfurt_000060_000019_leftImg8bit.png,erfurt_000060_000019_leftImg8bit.png,1.0,1.3333333333333333,0.3963326358627064,53.4043173789978,-1.0658721923828125,-86.60993337631226,0.034832810259973326,0.0,0.6822943817770453,0.5372779369354248,Structure_degraded; Details_lost; Wrong_color_temp; Undersaturated; Shadows_remain
erfurt_erfurt_000061_000019_leftImg8bit.png,erfurt_000061_000019_leftImg8bit.png,1.0,1.2,0.4151982509707701,54.42805004119873,-1.5571765899658203,-89.97490644454956,0.036488929055560046,0.0,0.577110583674036,0.5094693303108215,Structure_degraded; Details_lost; Wrong_color_temp; Undersaturated; Overexposed; Shadows_remain
erfurt_erfurt_000062_000019_leftImg8bit.png,erfurt_000062_000019_leftImg8bit.png,1.0,1.2857142857142858,0.39112426987099813,48.24337100982666,-1.0301761627197266,-92.98639583587646,0.0633427046875533,0.0,0.5435932692429962,0.5531937479972839,Structure_degraded; Details_lost; Wrong_color_temp; Undersaturated; Overexposed; Shadows_remain
erfurt_erfurt_000063_000019_leftImg8bit.png,erfurt_000063_000019_leftImg8bit.png,1.0,2.2,0.3831621802022832,53.63962173461914,0.01965808868408203,-80.24463844299316,0.0355360013537374,0.0,0.6243819829340386,0.5504958629608154,Structure_degraded; Details_lost; Undersaturated; Shadows_remain
erfurt_erfurt_000064_000019_leftImg8bit.png,erfurt_000064_000019_leftImg8bit.png,1.0,2.0,0.36033594731943736,58.6813645362854,-2.690305709838867,-108.1572585105896,0.06161306425154274,0.0,0.6089460096014475,0.573832094669342,Structure_degraded; Details_lost; Wrong_color_temp; Undersaturated; Shadows_remain
erfurt_erfurt_000065_000019_leftImg8bit.png,erfurt_000065_000019_leftImg8bit.png,1.0,1.5,0.3988939815409179,45.89438772201538,-1.3979167938232422,-102.61758613586426,0.04920080996077325,0.0,0.5647215407193167,0.48494142293930054,Structure_degraded; Details_lost; Wrong_color_temp; Undersaturated; Overexposed; Shadows_remain
erfurt_erfurt_000066_000019_leftImg8bit.png,erfurt_000066_000019_leftImg8bit.png,1.0,1.5,0.40380939293512225,58.78660869598389,0.33179521560668945,-91.12302827835083,0.0018483434222069921,0.0,0.54594405477584,0.4834683835506439,Structure_degraded; Details_lost; Undersaturated; Overexposed; Shadows_remain
erfurt_erfurt_000067_000019_leftImg8bit.png,erfurt_000067_000019_leftImg8bit.png,1.0,1.2,0.39548990331004535,58.049137592315674,-1.9126486778259277,-84.09243106842041,0.019466853735524564,0.0,0.6928353104033196,0.5090957880020142,Structure_degraded; Details_lost; Wrong_color_temp; Undersaturated; Shadows_remain
erfurt_erfurt_000068_000019_leftImg8bit.png,erfurt_000068_000019_leftImg8bit.png,0.8,1.2222222222222223,0.39313798320613724,54.06412124633789,-0.8905744552612305,-78.69227027893066,0.02636297063204809,0.0,0.7197372577927936,0.5144635438919067,Structure_degraded; Details_lost; Wrong_color_temp; Undersaturated; Shadows_remain
erfurt_erfurt_000069_000019_leftImg8bit.png,erfurt_000069_000019_leftImg8bit.png,1.0,1.2857142857142858,0.39341911219581815,59.771485805511475,-2.0182862281799316,-90.08878898620605,0.01573213111673911,0.0,0.8691790467651009,0.5620432496070862,Structure_degraded; Details_lost; Wrong_color_temp; Undersaturated; Shadows_remain
erfurt_erfurt_000070_000019_leftImg8bit.png,erfurt_000070_000019_leftImg8bit.png,1.0,1.0,0.3858447407800104,63.39367341995239,-2.630986213684082,-105.36378908157349,0.022458981461741974,0.0,0.7885594403870803,0.5312145352363586,Structure_degraded; Details_lost; Wrong_color_temp; Undersaturated; Shadows_remain
erfurt_erfurt_000071_000019_leftImg8bit.png,erfurt_000071_000019_leftImg8bit.png,1.0,1.3333333333333333,0.38265528762376044,56.141844749450684,-3.1687307357788086,-103.99098920822144,0.030130565785057423,0.0,0.816477096260634,0.5422909259796143,Structure_degraded; Details_lost; Wrong_color_temp; Undersaturated; Shadows_remain
erfurt_erfurt_000072_000019_leftImg8bit.png,erfurt_000072_000019_leftImg8bit.png,0.875,0.875,0.37435974185661214,61.16693067550659,-2.0439023971557617,-94.92896270751953,0.02832554428358933,0.0,0.818789403128045,0.5340264439582825,Structure_degraded; Details_lost; Wrong_color_temp; Undersaturated; Shadows_remain
erfurt_erfurt_000073_000019_leftImg8bit.png,erfurt_000073_000019_leftImg8bit.png,0.9727272727272727,1.6363636363636365,0.37334888925932536,60.70896339416504,-2.121368408203125,-91.09104776382446,0.02293992269064595,0.0,0.8376935788041578,0.5346323251724243,Structure_degraded; Details_lost; Wrong_color_temp; Undersaturated; Shadows_remain
erfurt_erfurt_000074_000019_leftImg8bit.png,erfurt_000074_000019_leftImg8bit.png,1.0,0.8181818181818182,0.3680990633637665,63.62268304824829,-1.6363844871520996,-101.7336778640747,0.0335972608602467,0.0,0.7159972122180867,0.5333842039108276,Structure_degraded; Details_lost; Wrong_color_temp; Undersaturated; Shadows_remain
erfurt_erfurt_000075_000019_leftImg8bit.png,erfurt_000075_000019_leftImg8bit.png,0.75,0.75,0.35004927023314614,72.08018159866333,-3.259035110473633,-96.9948525428772,0.00551000327976205,0.0,0.7357655934854685,0.5389291048049927,Structure_degraded; Details_lost; Wrong_color_temp; Undersaturated; Shadows_remain
erfurt_erfurt_000076_000019_leftImg8bit.png,erfurt_000076_000019_leftImg8bit.png,1.0,1.2,0.3936062876606052,64.09493589401245,-2.303077220916748,-94.74766254425049,0.026794124829910757,0.0,0.7991423618281798,0.5389496088027954,Structure_degraded; Details_lost; Wrong_color_temp; Undersaturated; Shadows_remain
erfurt_erfurt_000077_000019_leftImg8bit.png,erfurt_000077_000019_leftImg8bit.png,1.0,1.0,0.34742280044329554,63.642141819000244,-3.5915932655334473,-91.34224510192871,0.007756765938170152,0.0,0.7869014252223325,0.566145122051239,Structure_degraded; Details_lost; Wrong_color_temp; Undersaturated; Shadows_remain
erfurt_erfurt_000078_000019_leftImg8bit.png,erfurt_000078_000019_leftImg8bit.png,1.0,1.5,0.4102573249193634,53.83206367492676,-3.2711853981018066,-91.6115026473999,0.039580581902573506,0.0,0.8151596935428682,0.5037567019462585,Structure_degraded; Details_lost; Wrong_color_temp; Undersaturated; Shadows_remain
erfurt_erfurt_000079_000019_leftImg8bit.png,erfurt_000079_000019_leftImg8bit.png,0.5,0.5,0.3587540957077713,58.31689214706421,-1.4533791542053223,-68.58431911468506,0.010810810810805245,0.0,0.7353547305774639,0.5884595513343811,Structure_degraded; Details_lost; Wrong_color_temp; Undersaturated; Shadows_remain
erfurt_erfurt_000080_000019_leftImg8bit.png,erfurt_000080_000019_leftImg8bit.png,1.0,1.6666666666666667,0.3586670893825438,57.43790578842163,-2.0852293968200684,-78.13106489181519,0.012442735139408153,0.0,0.647042333759201,0.593471109867096,Structure_degraded; Details_lost; Wrong_color_temp; Undersaturated; Shadows_remain
erfurt_erfurt_000081_000019_leftImg8bit.png,erfurt_000081_000019_leftImg8bit.png,1.0,1.25,0.3683909300146526,57.58807039260864,-1.514803409576416,-97.50654220581055,0.03530092592591021,0.0,0.7485676595481026,0.5726925134658813,Structure_degraded; Details_lost; Wrong_color_temp; Undersaturated; Shadows_remain
erfurt_erfurt_000082_000019_leftImg8bit.png,erfurt_000082_000019_leftImg8bit.png,1.0,2.0,0.372347886072694,60.5568904876709,-1.611948013305664,-79.88406801223755,0.01775555938630505,0.0,0.7862354480890046,0.5256638526916504,Structure_degraded; Details_lost; Wrong_color_temp; Undersaturated; Shadows_remain
erfurt_erfurt_000083_000019_leftImg8bit.png,erfurt_000083_000019_leftImg8bit.png,1.0,2.0,0.38140450316252145,57.5848388671875,-4.4924092292785645,-95.4173789024353,0.008273960009189485,0.0,0.7370923960842605,0.5436168909072876,Structure_degraded; Details_lost; Wrong_color_temp; Undersaturated; Shadows_remain
erfurt_erfurt_000084_000019_leftImg8bit.png,erfurt_000084_000019_leftImg8bit.png,1.0,1.3333333333333333,0.3727970286018927,59.493605613708496,-2.675446033477783,-85.76757383346558,0.02460330181117783,0.0,0.806186809770688,0.539138913154602,Structure_degraded; Details_lost; Wrong_color_temp; Undersaturated; Shadows_remain
erfurt_erfurt_000085_000019_leftImg8bit.png,erfurt_000085_000019_leftImg8bit.png,0.9,0.9,0.36171407787671517,58.228431224823,-1.9342308044433594,-76.80455732345581,0.023656497993414908,0.0,0.8738880450197353,0.5705292820930481,Structure_degraded; Details_lost; Wrong_color_temp; Undersaturated; Shadows_remain
erfurt_erfurt_000086_000019_leftImg8bit.png,erfurt_000086_000019_leftImg8bit.png,1.0,2.0,0.3680116335763616,63.02123308181763,-1.5580472946166992,-87.88916540145874,0.021077963569967603,0.0,0.7789203260342087,0.5629040002822876,Structure_degraded; Details_lost; Wrong_color_temp; Undersaturated; Shadows_remain
erfurt_erfurt_000087_000019_leftImg8bit.png,erfurt_000087_000019_leftImg8bit.png,0.8800000000000001,1.8,0.357771272139239,62.482635498046875,-1.2869162559509277,-80.05703592300415,0.007583043574754907,0.0,0.8107458813140902,0.5620142221450806,Structure_degraded; Details_lost; Wrong_color_temp; Undersaturated; Shadows_remain
erfurt_erfurt_000088_000019_leftImg8bit.png,erfurt_000088_000019_leftImg8bit.png,0.0,1.0,0.34578129063880825,63.312865257263184,-0.8633017539978027,-78.49354124069214,0.026748412999822717,0.0,0.8537786046463819,0.5689601302146912,Lost_objects; Structure_degraded; Details_lost; Wrong_color_temp; Undersaturated; Shadows_remain
erfurt_erfurt_000089_000019_leftImg8bit.png,erfurt_000089_000019_leftImg8bit.png,1.0,1.0,0.34798708812939017,71.77267551422119,-2.3489060401916504,-88.29260540008545,0.015775672475039852,0.0,0.8980683341348743,0.5888020992279053,Structure_degraded; Details_lost; Wrong_color_temp; Undersaturated; Shadows_remain
erfurt_erfurt_000090_000019_leftImg8bit.png,erfurt_000090_000019_leftImg8bit.png,1.0,1.1428571428571428,0.37218012410292695,68.07794857025146,-1.4342193603515625,-94.71116876602173,0.018100629933809863,0.0,0.8048682273859106,0.588276743888855,Structure_degraded; Details_lost; Wrong_color_temp; Undersaturated; Shadows_remain
erfurt_erfurt_000091_000019_leftImg8bit.png,erfurt_000091_000019_leftImg8bit.png,1.0,1.0,0.3484881353320995,59.51206970214844,-1.781379222869873,-78.85125207901001,0.02719328504080304,0.0,0.8303416392059755,0.6187902092933655,Structure_degraded; Details_lost; Wrong_color_temp; Undersaturated; Shadows_remain
erfurt_erfurt_000092_000019_leftImg8bit.png,erfurt_000092_000019_leftImg8bit.png,1.0,1.1428571428571428,0.36883398085006686,52.77639675140381,-1.051706314086914,-72.69612216949463,0.016320066106585648,0.0,0.9288091786697585,0.5478304624557495,Structure_degraded; Details_lost; Wrong_color_temp; Undersaturated; Shadows_remain
erfurt_erfurt_000093_000019_leftImg8bit.png,erfurt_000093_000019_leftImg8bit.png,1.0,1.1,0.3506558988241523,61.121209144592285,-1.138838291168213,-74.6983995437622,0.017190788108711823,0.0,0.8296292093072437,0.5295097827911377,Structure_degraded; Details_lost; Wrong_color_temp; Undersaturated; Shadows_remain
erfurt_erfurt_000094_000019_leftImg8bit.png,erfurt_000094_000019_leftImg8bit.png,1.0,1.6666666666666667,0.3519273276249003,52.453805446624756,-2.1863837242126465,-87.51615333557129,0.033690519433330145,0.0,0.7208614812383674,0.5734089612960815,Structure_degraded; Details_lost; Wrong_color_temp; Undersaturated; Shadows_remain
erfurt_erfurt_000095_000019_leftImg8bit.png,erfurt_000095_000019_leftImg8bit.png,0.9636363636363636,1.5454545454545454,0.4046147665427833,45.453503131866455,-0.6488938331604004,-75.65886640548706,0.04077784325278304,0.0,0.5620547866999169,0.4698524475097656,Structure_degraded; Details_lost; Wrong_color_temp; Undersaturated; Overexposed; Shadows_remain
erfurt_erfurt_000096_000019_leftImg8bit.png,erfurt_000096_000019_leftImg8bit.png,0.775,1.25,0.39355629887695487,52.291053771972656,-1.7283048629760742,-85.58343935012817,0.019153872735341287,0.0,0.6357755529384868,0.5758954286575317,Structure_degraded; Details_lost; Wrong_color_temp; Undersaturated; Shadows_remain
erfurt_erfurt_000097_000019_leftImg8bit.png,erfurt_000097_000019_leftImg8bit.png,1.0,3.0,0.3669605202869776,62.101566314697266,-0.7945575714111328,-89.31793403625488,0.02363418393559192,0.0,0.7800799770248118,0.595961332321167,Structure_degraded; Details_lost; Wrong_color_temp; Undersaturated; Shadows_remain
erfurt_erfurt_000098_000019_leftImg8bit.png,erfurt_000098_000019_leftImg8bit.png,1.0,1.6,0.3193465784586055,64.57022762298584,-0.3521132469177246,-93.5826210975647,0.02390521644476936,0.0,0.9139767011572291,0.5581264495849609,Structure_degraded; Details_lost; Wrong_color_temp; Undersaturated; Shadows_remain
erfurt_erfurt_000099_000019_leftImg8bit.png,erfurt_000099_000019_leftImg8bit.png,1.0,0.8,0.3644848279984618,63.474510192871094,-0.9655981063842773,-89.89013719558716,0.03913276231261288,0.0,0.8244620233311274,0.5818004012107849,Structure_degraded; Details_lost; Wrong_color_temp; Undersaturated; Shadows_remain
erfurt_erfurt_000100_000019_leftImg8bit.png,erfurt_000100_000019_leftImg8bit.png,1.0,2.4444444444444446,0.3603740621854167,59.95237636566162,-0.5328059196472168,-90.76693058013916,0.023206090947005,0.0,0.8246093133891711,0.5632448792457581,Structure_degraded; Details_lost; Wrong_color_temp; Undersaturated; Shadows_remain
erfurt_erfurt_000101_000019_leftImg8bit.png,erfurt_000101_000019_leftImg8bit.png,0.8,1.0,0.3495407776230415,49.7022271156311,-1.824831485748291,-105.47866439819336,0.015633872127790577,0.0,0.7673025614412896,0.5217007398605347,Structure_degraded; Details_lost; Wrong_color_temp; Undersaturated; Shadows_remain
erfurt_erfurt_000102_000019_leftImg8bit.png,erfurt_000102_000019_leftImg8bit.png,1.0,2.5,0.35811716061956644,59.15594673156738,0.31729888916015625,-83.68960809707642,0.04006920415223527,0.0,0.8991381409049539,0.5539668202400208,Structure_degraded; Details_lost; Undersaturated; Shadows_remain
erfurt_erfurt_000103_000019_leftImg8bit.png,erfurt_000103_000019_leftImg8bit.png,1.0,1.2222222222222223,0.39169144571855163,49.290005683898926,-1.2678523063659668,-108.35111570358276,0.06576440444118929,0.0,0.6297046789211698,0.5516747236251831,Structure_degraded; Details_lost; Wrong_color_temp; Undersaturated; Shadows_remain
erfurt_erfurt_000104_000019_leftImg8bit.png,erfurt_000104_000019_leftImg8bit.png,1.0,1.0909090909090908,0.41477078728244277,47.67666578292847,-0.34818172454833984,-90.38504219055176,0.049137781878972754,0.0,0.7048433079382541,0.507651686668396,Structure_degraded; Details_lost; Wrong_color_temp; Undersaturated; Shadows_remain
erfurt_erfurt_000105_000019_leftImg8bit.png,erfurt_000105_000019_leftImg8bit.png,0.8571428571428571,0.8571428571428571,0.37865904405698564,50.12510013580322,0.15335655212402344,-89.62497425079346,0.02846148742783224,0.0,0.764788972934348,0.5606660842895508,Structure_degraded; Details_lost; Undersaturated; Shadows_remain
erfurt_erfurt_000106_000019_leftImg8bit.png,erfurt_000106_000019_leftImg8bit.png,1.0,1.4444444444444444,0.37517954980689416,47.638750076293945,-0.20813560485839844,-84.8759536743164,0.02609203608748423,0.0,0.7523052156087154,0.5603381395339966,Structure_degraded; Details_lost; Wrong_color_temp; Undersaturated; Shadows_remain
erfurt_erfurt_000107_000019_leftImg8bit.png,erfurt_000107_000019_leftImg8bit.png,0.94375,1.0625,0.3877539212786594,44.246623516082764,-0.08625221252441406,-92.47800493240356,0.04971254649979728,0.0,0.8022526252578269,0.5271105766296387,Structure_degraded; Details_lost; Wrong_color_temp; Undersaturated; Shadows_remain
erfurt_erfurt_000108_000019_leftImg8bit.png,erfurt_000108_000019_leftImg8bit.png,0.95,1.3333333333333333,0.4062737031788866,45.74540138244629,-0.18162870407104492,-95.81851100921631,0.04974602473495487,0.0,0.8474645031702669,0.5206812024116516,Structure_degraded; Details_lost; Wrong_color_temp; Undersaturated; Shadows_remain
hamburg_hamburg_000000_000042_leftImg8bit.png,hamburg_000000_000042_leftImg8bit.png,1.0,2.2,0.39026547747124785,72.77257585525513,0.0008902549743652344,-88.94244050979614,0.03458556946928181,0.0,0.6335054962423742,0.4670969247817993,Structure_degraded; Details_lost; Undersaturated; Shadows_remain
hamburg_hamburg_000000_000629_leftImg8bit.png,hamburg_000000_000629_leftImg8bit.png,0.5555555555555556,0.5555555555555556,0.3737848988863514,74.89728689193726,0.14154386520385742,-86.4634747505188,0.041780971571449645,0.0,0.7112217292963141,0.49641311168670654,Structure_degraded; Details_lost; Undersaturated; Shadows_remain
hamburg_hamburg_000000_001106_leftImg8bit.png,hamburg_000000_001106_leftImg8bit.png,1.0,1.0909090909090908,0.38959705419321305,69.66199111938477,-2.184597969055176,-83.90881776809692,0.04340266597977045,0.0,0.7050655112748548,0.4771832525730133,Structure_degraded; Details_lost; Wrong_color_temp; Undersaturated; Shadows_remain
hamburg_hamburg_000000_001613_leftImg8bit.png,hamburg_000000_001613_leftImg8bit.png,1.0,1.0,0.3977919537320683,74.07132625579834,-0.382843017578125,-87.00568199157715,0.06554642239677712,0.0,0.5627232314972666,0.5202739834785461,Structure_degraded; Details_lost; Wrong_color_temp; Undersaturated; Overexposed; Shadows_remain
hamburg_hamburg_000000_002095_leftImg8bit.png,hamburg_000000_002095_leftImg8bit.png,0.7777777777777778,0.6666666666666666,0.3896764469569354,74.19083213806152,-1.100292682647705,-90.41638708114624,0.034789484087755784,0.0,0.6339521702403029,0.49271565675735474,Structure_degraded; Details_lost; Wrong_color_temp; Undersaturated; Shadows_remain
hamburg_hamburg_000000_002338_leftImg8bit.png,hamburg_000000_002338_leftImg8bit.png,0.775,1.25,0.40456812882414683,69.5417013168335,-0.8532853126525879,-83.37011575698853,0.023626388050291755,0.0,0.6423632989025083,0.4116481840610504,Structure_degraded; Details_lost; Wrong_color_temp; Undersaturated; Shadows_remain
hamburg_hamburg_000000_003488_leftImg8bit.png,hamburg_000000_003488_leftImg8bit.png,0.8,0.6,0.44054089387095813,67.27393960952759,0.2032771110534668,-75.7454686164856,0.049729223078512366,0.0,0.7098765803794005,0.4112268090248108,Structure_degraded; Details_lost; Undersaturated; Shadows_remain
hamburg_hamburg_000000_003904_leftImg8bit.png,hamburg_000000_003904_leftImg8bit.png,0.8500000000000001,1.1666666666666667,0.4760086796080205,61.91394329071045,0.46653175354003906,-77.53388690948486,0.04485575150844055,0.0,0.5202089774367291,0.3763764202594757,Structure_degraded; Details_lost; Undersaturated; Overexposed; Shadows_remain
hamburg_hamburg_000000_004985_leftImg8bit.png,hamburg_000000_004985_leftImg8bit.png,1.0,1.5,0.4658697743302094,61.97425651550293,0.011063098907470703,-83.99726057052612,0.056126250798367014,0.0,0.7255686066940021,0.4461864233016968,Structure_degraded; Details_lost; Undersaturated; Shadows_remain
hamburg_hamburg_000000_005639_leftImg8bit.png,hamburg_000000_005639_leftImg8bit.png,0.6599999999999999,1.6,0.4037796471965999,72.87875127792358,0.7464213371276855,-65.97270917892456,0.029630778777524965,0.0,0.8565415767908742,0.5157013535499573,Structure_degraded; Details_lost; Undersaturated; Shadows_remain
hamburg_hamburg_000000_006192_leftImg8bit.png,hamburg_000000_006192_leftImg8bit.png,1.0,2.0,0.3994095620230303,68.56787157058716,-0.4059934616088867,-73.12827682495117,0.06322971948444422,0.0,0.6712854720155902,0.4680892527103424,Structure_degraded; Details_lost; Wrong_color_temp; Undersaturated; Shadows_remain
hamburg_hamburg_000000_006322_leftImg8bit.png,hamburg_000000_006322_leftImg8bit.png,1.0,1.3333333333333333,0.4237170522837601,69.00119113922119,1.928725242614746,-67.52020072937012,0.04768102852891471,0.0,0.775109724026491,0.46079015731811523,Structure_degraded; Details_lost; Undersaturated; Shadows_remain
hamburg_hamburg_000000_007737_leftImg8bit.png,hamburg_000000_007737_leftImg8bit.png,1.0,2.0,0.43304140805564506,67.75030946731567,-0.25867271423339844,-77.531991481781,0.025380710659884915,0.0,0.5461324829519985,0.5385362505912781,Structure_degraded; Details_lost; Wrong_color_temp; Undersaturated; Overexposed; Shadows_remain
hamburg_hamburg_000000_008221_leftImg8bit.png,hamburg_000000_008221_leftImg8bit.png,1.0,2.0,0.4664582348265823,69.08891534805298,0.8018984794616699,-77.0226001739502,0.03868262663147448,0.0,0.4507301800071656,0.5489780306816101,Structure_degraded; Details_lost; Undersaturated; Overexposed; Shadows_remain
hamburg_hamburg_000000_008494_leftImg8bit.png,hamburg_000000_008494_leftImg8bit.png,1.0,1.3333333333333333,0.4375585355702362,64.33059215545654,1.8143706321716309,-65.85727643966675,0.04986272252234086,0.0,0.4927386305437981,0.5766947269439697,Structure_degraded; Details_lost; Undersaturated; Overexposed; Shadows_remain
hamburg_hamburg_000000_011641_leftImg8bit.png,hamburg_000000_011641_leftImg8bit.png,1.0,1.6666666666666667,0.41197116896588826,65.94390296936035,-0.05010509490966797,-82.91506767272949,0.037746397590571926,0.0,0.5685182820994508,0.41259098052978516,Structure_degraded; Details_lost; Wrong_color_temp; Undersaturated; Overexposed; Shadows_remain
hamburg_hamburg_000000_013577_leftImg8bit.png,hamburg_000000_013577_leftImg8bit.png,0.75,0.875,0.4239018198186068,65.20657157897949,1.050020694732666,-62.318166732788086,0.03970273847092546,0.0,0.686723617412303,0.5547307133674622,Structure_degraded; Details_lost; Undersaturated; Shadows_remain
hamburg_hamburg_000000_014030_leftImg8bit.png,hamburg_000000_014030_leftImg8bit.png,1.0,1.2,0.45779120060445744,58.994550704956055,-0.10070085525512695,-86.12128257751465,0.06236295290799249,0.0,0.57366543095916,0.4550650119781494,Structure_degraded; Details_lost; Wrong_color_temp; Undersaturated; Overexposed; Shadows_remain
hamburg_hamburg_000000_014940_leftImg8bit.png,hamburg_000000_014940_leftImg8bit.png,1.0,2.0,0.37732759120968834,66.99759483337402,-3.312417507171631,-75.95878648757935,0.02446524064170578,0.0,0.6674506969383787,0.46121352910995483,Structure_degraded; Details_lost; Wrong_color_temp; Undersaturated; Shadows_remain
hamburg_hamburg_000000_015350_leftImg8bit.png,hamburg_000000_015350_leftImg8bit.png,1.0,1.5,0.37843700755887966,65.2941083908081,-2.0724000930786133,-73.48905754089355,0.02752677107115557,0.0,0.7340409489718855,0.523237407207489,Structure_degraded; Details_lost; Wrong_color_temp; Undersaturated; Shadows_remain
hamburg_hamburg_000000_016447_leftImg8bit.png,hamburg_000000_016447_leftImg8bit.png,0.8111111111111111,1.3333333333333333,0.4120243383178833,72.54129314422607,-0.3854694366455078,-78.94839096069336,0.06052234524086523,0.0,0.6445831125781432,0.4579389691352844,Structure_degraded; Details_lost; Wrong_color_temp; Undersaturated; Shadows_remain
hamburg_hamburg_000000_016691_leftImg8bit.png,hamburg_000000_016691_leftImg8bit.png,0.8833333333333334,1.5,0.4683137858186754,60.8433575630188,-0.1432180404663086,-80.30020141601562,0.07718856793102723,0.0,0.7004333968751678,0.3939821720123291,Structure_degraded; Details_lost; Wrong_color_temp; Undersaturated; Shadows_remain
hamburg_hamburg_000000_016928_leftImg8bit.png,hamburg_000000_016928_leftImg8bit.png,1.0,1.7142857142857142,0.4148780204581022,61.32122755050659,-0.8589987754821777,-70.61103057861328,0.05221157850894591,0.0,0.6586615180729907,0.43592581152915955,Structure_degraded; Details_lost; Wrong_color_temp; Undersaturated; Shadows_remain
hamburg_hamburg_000000_018592_leftImg8bit.png,hamburg_000000_018592_leftImg8bit.png,0.9625,1.875,0.4496331050252129,61.068795680999756,-0.466947078704834,-78.91983222961426,0.05247813411077617,0.0,0.49825653180970275,0.40845808386802673,Structure_degraded; Details_lost; Wrong_color_temp; Undersaturated; Overexposed; Shadows_remain
hamburg_hamburg_000000_018878_leftImg8bit.png,hamburg_000000_018878_leftImg8bit.png,0.9090909090909091,0.9090909090909091,0.4652941539099911,62.837146282196045,-0.33214902877807617,-78.23117399215698,0.05191867510433502,0.0,0.4362984377077155,0.462610125541687,Structure_degraded; Details_lost; Wrong_color_temp; Undersaturated; Overexposed; Shadows_remain
hamburg_hamburg_000000_019373_leftImg8bit.png,hamburg_000000_019373_leftImg8bit.png,0.75,0.75,0.43523214764426504,68.10029649734497,-0.32584238052368164,-87.60938501358032,0.03631601920558074,0.0,0.6144221111028119,0.37543797492980957,Structure_degraded; Details_lost; Wrong_color_temp; Undersaturated; Shadows_remain
hamburg_hamburg_000000_019760_leftImg8bit.png,hamburg_000000_019760_leftImg8bit.png,1.0,1.3333333333333333,0.46603437650114166,61.82580375671387,-1.302358627319336,-87.61501455307007,0.054005131979381775,0.0,0.6372682256720458,0.4257085919380188,Structure_degraded; Details_lost; Wrong_color_temp; Undersaturated; Shadows_remain
hamburg_hamburg_000000_019892_leftImg8bit.png,hamburg_000000_019892_leftImg8bit.png,0.8300000000000001,1.3,0.4454145648511105,60.00789165496826,-2.102151870727539,-94.38254642486572,0.03283492822965853,0.0,0.5924918165222235,0.48540985584259033,Structure_degraded; Details_lost; Wrong_color_temp; Undersaturated; Overexposed; Shadows_remain
hamburg_hamburg_000000_020211_leftImg8bit.png,hamburg_000000_020211_leftImg8bit.png,0.9,1.0,0.4009798459761576,65.62959814071655,-0.9809532165527344,-79.99540328979492,0.029682296347193087,0.0,0.651369334857398,0.4736221432685852,Structure_degraded; Details_lost; Wrong_color_temp; Undersaturated; Shadows_remain
hamburg_hamburg_000000_020563_leftImg8bit.png,hamburg_000000_020563_leftImg8bit.png,1.0,2.0,0.40310959882873987,65.94427347183228,-2.656294822692871,-73.71048164367676,0.03108467220907646,0.0,0.7002965603405451,0.5018954873085022,Structure_degraded; Details_lost; Wrong_color_temp; Undersaturated; Shadows_remain
hamburg_hamburg_000000_021353_leftImg8bit.png,hamburg_000000_021353_leftImg8bit.png,1.0,1.1666666666666667,0.3607367668884063,61.95614719390869,-2.745922088623047,-83.94303894042969,0.03189815823228251,0.0,0.6394861594289512,0.49754148721694946,Structure_degraded; Details_lost; Wrong_color_temp; Undersaturated; Shadows_remain
hamburg_hamburg_000000_021961_leftImg8bit.png,hamburg_000000_021961_leftImg8bit.png,0.55,1.5,0.3646322460209012,73.17668199539185,-0.5911860466003418,-87.35759401321411,0.028070372030463878,0.0,0.6385282644727968,0.5309406518936157,Structure_degraded; Details_lost; Wrong_color_temp; Undersaturated; Shadows_remain
hamburg_hamburg_000000_022524_leftImg8bit.png,hamburg_000000_022524_leftImg8bit.png,1.0,2.3333333333333335,0.4072441596369925,66.3661117553711,0.4723973274230957,-74.77993297576904,0.03494315218523263,0.0,0.6781130509928652,0.46274304389953613,Structure_degraded; Details_lost; Undersaturated; Shadows_remain
hamburg_hamburg_000000_023472_leftImg8bit.png,hamburg_000000_023472_leftImg8bit.png,0.7,1.3333333333333333,0.38738684511418026,68.49902963638306,-1.4034104347229004,-76.34787511825562,0.021749841627359136,0.0,0.6842646570213048,0.510685920715332,Structure_degraded; Details_lost; Wrong_color_temp; Undersaturated; Shadows_remain
hamburg_hamburg_000000_024251_leftImg8bit.png,hamburg_000000_024251_leftImg8bit.png,1.0,1.2,0.39295189409275805,66.71412086486816,-0.30619382858276367,-74.41836404800415,0.039632577107320884,0.0,0.7319107068188744,0.5289828777313232,Structure_degraded; Details_lost; Wrong_color_temp; Undersaturated; Shadows_remain
hamburg_hamburg_000000_025802_leftImg8bit.png,hamburg_000000_025802_leftImg8bit.png,1.0,1.5,0.4180494158567942,68.7831802368164,-0.5402941703796387,-89.73487567901611,0.013446333033467426,0.0,0.7530508393845381,0.49910295009613037,Structure_degraded; Details_lost; Wrong_color_temp; Undersaturated; Shadows_remain
hamburg_hamburg_000000_025986_leftImg8bit.png,hamburg_000000_025986_leftImg8bit.png,1.0,1.8333333333333333,0.430251563060398,71.08055067062378,-1.1562466621398926,-79.11454105377197,0.03107890499193846,0.0,0.7262795595943388,0.5184141397476196,Structure_degraded; Details_lost; Wrong_color_temp; Undersaturated; Shadows_remain
hamburg_hamburg_000000_026675_leftImg8bit.png,hamburg_000000_026675_leftImg8bit.png,1.0,1.3333333333333333,0.435559672430442,58.35524320602417,-0.5562920570373535,-78.09229183197021,0.024598575395380722,0.0,0.5753833275343094,0.44185882806777954,Structure_degraded; Details_lost; Wrong_color_temp; Undersaturated; Overexposed; Shadows_remain
hamburg_hamburg_000000_027304_leftImg8bit.png,hamburg_000000_027304_leftImg8bit.png,0.8642857142857142,1.0714285714285714,0.4594246856369738,66.24339532852173,-0.2749137878417969,-81.82735252380371,0.03057190698958543,0.0,0.6282811342610299,0.4334982633590698,Structure_degraded; Details_lost; Wrong_color_temp; Undersaturated; Shadows_remain
hamburg_hamburg_000000_027857_leftImg8bit.png,hamburg_000000_027857_leftImg8bit.png,0.9500000000000001,1.5,0.4658842354386434,56.781994342803955,-0.4958019256591797,-83.52894401550293,0.03912598035751447,0.0,0.5447897478613523,0.4242200255393982,Structure_degraded; Details_lost; Wrong_color_temp; Undersaturated; Overexposed; Shadows_remain
hamburg_hamburg_000000_028056_leftImg8bit.png,hamburg_000000_028056_leftImg8bit.png,1.0,1.4545454545454546,0.4362974875569489,60.93731117248535,-2.1779966354370117,-94.75590133666992,0.03048576959878269,0.0,0.5794983452382234,0.43399566411972046,Structure_degraded; Details_lost; Wrong_color_temp; Undersaturated; Overexposed; Shadows_remain
hamburg_hamburg_000000_028439_leftImg8bit.png,hamburg_000000_028439_leftImg8bit.png,1.0,1.9090909090909092,0.42243305056121744,67.05167770385742,-1.095052719116211,-87.61602878570557,0.037374297252348296,0.0,0.577200479141549,0.4562053084373474,Structure_degraded; Details_lost; Wrong_color_temp; Undersaturated; Overexposed; Shadows_remain
hamburg_hamburg_000000_028608_leftImg8bit.png,hamburg_000000_028608_leftImg8bit.png,0.75,1.8333333333333333,0.3911931491089033,70.67194604873657,-0.9204216003417969,-93.43843364715576,0.05645184817806213,0.0,0.6212448107915733,0.5053952932357788,Structure_degraded; Details_lost; Wrong_color_temp; Undersaturated; Shadows_remain
hamburg_hamburg_000000_029144_leftImg8bit.png,hamburg_000000_029144_leftImg8bit.png,1.0,1.5,0.4120952857552057,69.5697250366211,-1.6936793327331543,-79.67333221435547,0.033284864507591994,0.0,0.652558620789282,0.47028374671936035,Structure_degraded; Details_lost; Wrong_color_temp; Undersaturated; Shadows_remain
hamburg_hamburg_000000_029378_leftImg8bit.png,hamburg_000000_029378_leftImg8bit.png,1.0,4.0,0.40828884293511447,72.2746992111206,-1.1181869506835938,-85.33399248123169,0.026346409574446186,0.0,0.7799440537408638,0.5641722679138184,Structure_degraded; Details_lost; Wrong_color_temp; Undersaturated; Shadows_remain
hamburg_hamburg_000000_029676_leftImg8bit.png,hamburg_000000_029676_leftImg8bit.png,0.9444444444444444,1.5555555555555556,0.39543611896122205,75.7687087059021,1.2619457244873047,-82.737135887146,0.021765530126102516,0.0,0.7898131741290866,0.5301476716995239,Structure_degraded; Details_lost; Undersaturated; Shadows_remain
hamburg_hamburg_000000_030279_leftImg8bit.png,hamburg_000000_030279_leftImg8bit.png,0.7666666666666666,2.0,0.42889253507054514,68.72061824798584,0.13545513153076172,-85.84532451629639,0.061815282207716746,0.0,0.6750593117410357,0.4578269124031067,Structure_degraded; Details_lost; Undersaturated; Shadows_remain
hamburg_hamburg_000000_030953_leftImg8bit.png,hamburg_000000_030953_leftImg8bit.png,1.0,1.375,0.40047707924868314,65.72730159759521,-0.3439936637878418,-86.98363256454468,0.05387866484739796,0.0,0.6464324983630052,0.5227125287055969,Structure_degraded; Details_lost; Wrong_color_temp; Undersaturated; Shadows_remain
hamburg_hamburg_000000_031971_leftImg8bit.png,hamburg_000000_031971_leftImg8bit.png,1.0,1.5714285714285714,0.4383571099492763,65.66592979431152,0.31392526626586914,-87.3823595046997,0.024503358753072003,0.0,0.6955618992694559,0.42319196462631226,Structure_degraded; Details_lost; Undersaturated; Shadows_remain
hamburg_hamburg_000000_032266_leftImg8bit.png,hamburg_000000_032266_leftImg8bit.png,1.0,1.4,0.4521240867041927,60.664926052093506,-0.2185530662536621,-72.30695390701294,0.06643132220793954,0.0,0.6850584932697843,0.49309808015823364,Structure_degraded; Details_lost; Wrong_color_temp; Undersaturated; Shadows_remain
hamburg_hamburg_000000_032460_leftImg8bit.png,hamburg_000000_032460_leftImg8bit.png,0.775,1.25,0.4355000821352456,67.53689098358154,0.7005176544189453,-83.86884260177612,0.014177638616073013,0.0,0.6022457097860014,0.39356303215026855,Structure_degraded; Details_lost; Undersaturated; Shadows_remain
hamburg_hamburg_000000_032719_leftImg8bit.png,hamburg_000000_032719_leftImg8bit.png,1.0,5.0,0.40464832702788395,65.71851015090942,1.2458257675170898,-90.39464902877808,0.06494005322503638,0.0,0.6843698512811699,0.5420209765434265,Structure_degraded; Details_lost; Undersaturated; Shadows_remain
hamburg_hamburg_000000_032906_leftImg8bit.png,hamburg_000000_032906_leftImg8bit.png,0.8111111111111111,1.3333333333333333,0.4783424631823574,59.24481391906738,0.02472400665283203,-77.51623344421387,0.07821180555552161,0.0,0.4344101985022627,0.4647771120071411,Structure_degraded; Details_lost; Undersaturated; Overexposed; Shadows_remain
hamburg_hamburg_000000_033506_leftImg8bit.png,hamburg_000000_033506_leftImg8bit.png,1.0,1.6,0.4501810916924155,62.105599880218506,0.5844950675964355,-72.72200107574463,0.02276182175648646,0.0,0.524375626374395,0.4661850035190582,Structure_degraded; Details_lost; Undersaturated; Overexposed; Shadows_remain
hamburg_hamburg_000000_034049_leftImg8bit.png,hamburg_000000_034049_leftImg8bit.png,1.0,2.3333333333333335,0.43815379812134775,69.63538026809692,0.8958673477172852,-72.4319977760315,0.0367622354126899,0.0,0.6466461098198659,0.5160070061683655,Structure_degraded; Details_lost; Undersaturated; Shadows_remain
hamburg_hamburg_000000_035568_leftImg8bit.png,hamburg_000000_035568_leftImg8bit.png,1.0,2.0,0.43098159003134756,75.4157018661499,1.6412758827209473,-78.91669607162476,0.022403902615284157,0.0,0.7007619847114965,0.5425630807876587,Structure_degraded; Details_lost; Undersaturated; Shadows_remain
hamburg_hamburg_000000_036003_leftImg8bit.png,hamburg_000000_036003_leftImg8bit.png,0.975,2.0,0.44545759409724994,74.95995378494263,1.4324860572814941,-73.21034336090088,0.031289169490724064,0.0,0.7621773815559328,0.5411056876182556,Structure_degraded; Details_lost; Undersaturated; Shadows_remain
hamburg_hamburg_000000_036427_leftImg8bit.png,hamburg_000000_036427_leftImg8bit.png,0.9666666666666667,2.3333333333333335,0.44556550806146034,75.58834218978882,1.6280827522277832,-73.47641801834106,0.012479161705161952,0.0,0.7629537792208161,0.5209277272224426,Structure_degraded; Details_lost; Undersaturated; Shadows_remain
hamburg_hamburg_000000_036527_leftImg8bit.png,hamburg_000000_036527_leftImg8bit.png,1.0,1.2727272727272727,0.456260513673546,74.77001619338989,1.822967529296875,-69.46981716156006,0.04183818872702587,0.0,0.7462206105731899,0.49397388100624084,Structure_degraded; Details_lost; Undersaturated; Shadows_remain
hamburg_hamburg_000000_037036_leftImg8bit.png,hamburg_000000_037036_leftImg8bit.png,1.0,3.25,0.3893514417459887,78.75254249572754,1.1881237030029297,-83.86025619506836,0.027130974031773912,0.0,0.6881223541776802,0.5189428329467773,Structure_degraded; Details_lost; Undersaturated; Shadows_remain
hamburg_hamburg_000000_037161_leftImg8bit.png,hamburg_000000_037161_leftImg8bit.png,0.7142857142857143,0.7142857142857143,0.39768387070630645,78.42415046691895,0.38700008392333984,-87.0853443145752,0.03057871439045418,0.0,0.6851314424440702,0.5025126934051514,Structure_degraded; Details_lost; Undersaturated; Shadows_remain
hamburg_hamburg_000000_037279_leftImg8bit.png,hamburg_000000_037279_leftImg8bit.png,1.0,1.6666666666666667,0.39479794585071915,72.71775436401367,-0.05059671401977539,-79.77914333343506,0.030322393261681582,0.0,0.8067581363613087,0.5337558388710022,Structure_degraded; Details_lost; Wrong_color_temp; Undersaturated; Shadows_remain
hamburg_hamburg_000000_037741_leftImg8bit.png,hamburg_000000_037741_leftImg8bit.png,0.6599999999999999,1.6,0.4182342122017905,71.0569748878479,0.8324766159057617,-70.08497762680054,0.03314413663819175,0.0,0.8435315563975452,0.4827909469604492,Structure_degraded; Details_lost; Undersaturated; Shadows_remain
hamburg_hamburg_000000_038446_leftImg8bit.png,hamburg_000000_038446_leftImg8bit.png,0.9454545454545454,1.3636363636363635,0.42097824502831743,70.33300590515137,0.7611689567565918,-84.03267097473145,0.040282037499598404,0.0,0.6443083420348442,0.39455756545066833,Structure_degraded; Details_lost; Undersaturated; Shadows_remain
hamburg_hamburg_000000_038511_leftImg8bit.png,hamburg_000000_038511_leftImg8bit.png,0.9,1.0,0.40655785090071594,75.76132440567017,1.1185603141784668,-84.00980710983276,0.042111687519060644,0.0,0.7712210618004283,0.4998286962509155,Structure_degraded; Details_lost; Undersaturated; Shadows_remain
hamburg_hamburg_000000_038729_leftImg8bit.png,hamburg_000000_038729_leftImg8bit.png,0.64,1.4,0.4327294338953136,69.23622274398804,0.19306612014770508,-84.60906219482422,0.04693602215435385,0.0,0.6821715827061494,0.4758966863155365,Structure_degraded; Details_lost; Undersaturated; Shadows_remain
hamburg_hamburg_000000_038915_leftImg8bit.png,hamburg_000000_038915_leftImg8bit.png,1.0,1.1666666666666667,0.43266673626042124,69.18306398391724,1.1764378547668457,-80.02990341186523,0.04213665240501954,0.0,0.6665504168205088,0.42563605308532715,Structure_degraded; Details_lost; Undersaturated; Shadows_remain
hamburg_hamburg_000000_039264_leftImg8bit.png,hamburg_000000_039264_leftImg8bit.png,0.96,1.6,0.43571562921168605,63.87948989868164,1.313187599182129,-77.57029628753662,0.04666767569748079,0.0,0.6433947107589006,0.4468802213668823,Structure_degraded; Details_lost; Undersaturated; Shadows_remain
hamburg_hamburg_000000_039420_leftImg8bit.png,hamburg_000000_039420_leftImg8bit.png,1.0,2.5,0.3762649400571752,77.08606338500977,-0.43418073654174805,-87.72075128555298,0.05239927873615943,0.0,0.7769667621768908,0.5278930068016052,Structure_degraded; Details_lost; Wrong_color_temp; Undersaturated; Shadows_remain
hamburg_hamburg_000000_039546_leftImg8bit.png,hamburg_000000_039546_leftImg8bit.png,0.8818181818181818,1.6363636363636365,0.3828543163760991,74.48278760910034,-1.1228399276733398,-91.10208129882812,0.0510132578411719,0.0,0.7379333260850404,0.5590391159057617,Structure_degraded; Details_lost; Wrong_color_temp; Undersaturated; Shadows_remain
hamburg_hamburg_000000_040021_leftImg8bit.png,hamburg_000000_040021_leftImg8bit.png,1.0,1.0,0.39460389024366554,71.36839485168457,-0.14944791793823242,-88.14869546890259,0.044258315125019605,0.0,0.7031198319956566,0.4897182285785675,Structure_degraded; Details_lost; Wrong_color_temp; Undersaturated; Shadows_remain
hamburg_hamburg_000000_041667_leftImg8bit.png,hamburg_000000_041667_leftImg8bit.png,1.0,1.2222222222222223,0.4007078923871618,66.98703289031982,-0.29310083389282227,-101.29471492767334,0.04088864115936599,0.0,0.47521357109286044,0.38530629873275757,Structure_degraded; Details_lost; Wrong_color_temp; Undersaturated; Overexposed; Shadows_remain
hamburg_hamburg_000000_042505_leftImg8bit.png,hamburg_000000_042505_leftImg8bit.png,0.5,0.75,0.4100801108025406,82.76274538040161,0.3131065368652344,-83.65093946456909,0.05648804866350578,0.0,0.7248105503559037,0.45276710391044617,Structure_degraded; Details_lost; Undersaturated; Shadows_remain
hamburg_hamburg_000000_042885_leftImg8bit.png,hamburg_000000_042885_leftImg8bit.png,0.81,1.1,0.41319215009133425,67.37121057510376,-0.5132150650024414,-73.73841524124146,0.03347773217813622,0.0,0.6420061834818324,0.45299863815307617,Structure_degraded; Details_lost; Wrong_color_temp; Undersaturated; Shadows_remain
hamburg_hamburg_000000_043944_leftImg8bit.png,hamburg_000000_043944_leftImg8bit.png,1.0,0.875,0.44212366448434887,71.15167140960693,-0.3412938117980957,-80.53419637680054,0.0388316920322147,0.0,0.5392952816734328,0.4593767523765564,Structure_degraded; Details_lost; Wrong_color_temp; Undersaturated; Overexposed; Shadows_remain
hamburg_hamburg_000000_044251_leftImg8bit.png,hamburg_000000_044251_leftImg8bit.png,1.0,3.75,0.4176702830387528,68.449387550354,-0.3849029541015625,-86.92118310928345,0.05726994717818416,0.0,0.563208263679224,0.4745001494884491,Structure_degraded; Details_lost; Wrong_color_temp; Undersaturated; Overexposed; Shadows_remain
hamburg_hamburg_000000_044400_leftImg8bit.png,hamburg_000000_044400_leftImg8bit.png,0.8833333333333334,1.5,0.40469538513781345,64.39909553527832,0.06744575500488281,-78.73137950897217,0.032671378398293226,0.0,0.598001340031206,0.4829234480857849,Structure_degraded; Details_lost; Undersaturated; Overexposed; Shadows_remain
hamburg_hamburg_000000_044747_leftImg8bit.png,hamburg_000000_044747_leftImg8bit.png,1.0,1.5,0.41101170843306073,66.15748596191406,0.7386918067932129,-81.50370645523071,0.014577703345634461,0.0,0.6693439968883224,0.48882341384887695,Structure_degraded; Details_lost; Undersaturated; Shadows_remain
hamburg_hamburg_000000_044996_leftImg8bit.png,hamburg_000000_044996_leftImg8bit.png,1.0,1.2727272727272727,0.41794970359507416,65.5148696899414,0.7261219024658203,-83.2989559173584,0.02028019208635144,0.0,0.6555064041025256,0.4670695960521698,Structure_degraded; Details_lost; Undersaturated; Shadows_remain
hamburg_hamburg_000000_045437_leftImg8bit.png,hamburg_000000_045437_leftImg8bit.png,0.8800000000000001,1.8,0.44702475728815194,71.7698278427124,1.7267894744873047,-77.80572462081909,0.04219236441092815,0.0,0.7923347843151078,0.4967579245567322,Structure_degraded; Details_lost; Undersaturated; Shadows_remain
hamburg_hamburg_000000_045704_leftImg8bit.png,hamburg_000000_045704_leftImg8bit.png,0.8428571428571429,2.2857142857142856,0.44222761216356904,67.77145099639893,1.0546622276306152,-81.75210189819336,0.03819370425636389,0.0,0.787008235612944,0.4893554449081421,Structure_degraded; Details_lost; Undersaturated; Shadows_remain
hamburg_hamburg_000000_045908_leftImg8bit.png,hamburg_000000_045908_leftImg8bit.png,1.0,1.4166666666666667,0.42689699364392086,75.6179747581482,1.5758771896362305,-78.4951696395874,0.024908449077884295,0.0,0.7862266886435697,0.5115191340446472,Structure_degraded; Details_lost; Undersaturated; Shadows_remain
hamburg_hamburg_000000_046078_leftImg8bit.png,hamburg_000000_046078_leftImg8bit.png,0.8833333333333334,1.5,0.43190766317764157,72.42749452590942,1.3482284545898438,-81.2502179145813,0.03197062827439793,0.0,0.7794713464318723,0.5048761367797852,Structure_degraded; Details_lost; Undersaturated; Shadows_remain
hamburg_hamburg_000000_046510_leftImg8bit.png,hamburg_000000_046510_leftImg8bit.png,0.9529411764705882,1.1176470588235294,0.44218538692290116,66.913809299469,1.238020420074463,-73.32281255722046,0.04071946040467613,0.0,0.7607826769460176,0.49873948097229004,Structure_degraded; Details_lost; Undersaturated; Shadows_remain
hamburg_hamburg_000000_046566_leftImg8bit.png,hamburg_000000_046566_leftImg8bit.png,1.0,1.1111111111111112,0.4446642749463789,69.68932867050171,1.3241262435913086,-71.17388963699341,0.027557584561100825,0.0,0.810730507538751,0.45564886927604675,Structure_degraded; Details_lost; Undersaturated; Shadows_remain
hamburg_hamburg_000000_046619_leftImg8bit.png,hamburg_000000_046619_leftImg8bit.png,1.0,1.1818181818181819,0.4357227910273858,71.99554109573364,1.6670279502868652,-75.89404201507568,0.03425703687539043,0.0,0.7414941791430065,0.5538329482078552,Structure_degraded; Details_lost; Undersaturated; Shadows_remain
hamburg_hamburg_000000_046872_leftImg8bit.png,hamburg_000000_046872_leftImg8bit.png,0.9142857142857143,1.5714285714285714,0.41515197331370246,70.26368141174316,1.014756679534912,-84.39087677001953,0.02539231120815327,0.0,0.6123077896414473,0.49419981241226196,Structure_degraded; Details_lost; Undersaturated; Shadows_remain
hamburg_hamburg_000000_047057_leftImg8bit.png,hamburg_000000_047057_leftImg8bit.png,0.8999999999999999,1.4285714285714286,0.3991810481408017,72.80791997909546,0.65997314453125,-81.08323287963867,0.01533478207387948,0.0,0.6573786571134823,0.5295702815055847,Structure_degraded; Details_lost; Undersaturated; Shadows_remain
hamburg_hamburg_000000_047108_leftImg8bit.png,hamburg_000000_047108_leftImg8bit.png,1.0,1.5333333333333334,0.4085632119816729,64.97580194473267,0.7112445831298828,-75.70646047592163,0.026190354159178825,0.0,0.6546765608923353,0.4904075562953949,Structure_degraded; Details_lost; Undersaturated; Shadows_remain
hamburg_hamburg_000000_047157_leftImg8bit.png,hamburg_000000_047157_leftImg8bit.png,0.99,1.9,0.39676980120219396,63.793418884277344,0.7832741737365723,-65.87799596786499,0.033885593509226875,0.0,0.6633730548705884,0.5584330558776855,Structure_degraded; Details_lost; Undersaturated; Shadows_remain
hamburg_hamburg_000000_047220_leftImg8bit.png,hamburg_000000_047220_leftImg8bit.png,0.9909090909090909,1.8181818181818181,0.4454351936829077,67.15229654312134,0.1717987060546875,-60.13909912109375,0.0495939749468326,0.0,0.5927881796178308,0.4868099093437195,Structure_degraded; Details_lost; Undersaturated; Overexposed; Shadows_remain
hamburg_hamburg_000000_047390_leftImg8bit.png,hamburg_000000_047390_leftImg8bit.png,0.7666666666666667,1.1666666666666667,0.459683915662835,65.43441343307495,0.8389863967895508,-67.07412195205688,0.05501674675985001,0.0,0.4196067839542137,0.4926259219646454,Structure_degraded; Details_lost; Undersaturated; Overexposed; Shadows_remain
hamburg_hamburg_000000_048138_leftImg8bit.png,hamburg_000000_048138_leftImg8bit.png,1.0,1.0714285714285714,0.4203009502724061,69.26081132888794,-0.27611780166625977,-81.06311559677124,0.024932656768772595,0.0,0.6883888445400869,0.4146463871002197,Structure_degraded; Details_lost; Wrong_color_temp; Undersaturated; Shadows_remain
hamburg_hamburg_000000_048494_leftImg8bit.png,hamburg_000000_048494_leftImg8bit.png,1.0,2.8,0.4059218514159937,71.16946220397949,-0.8902778625488281,-94.89241886138916,0.040798743094602,0.0,0.5936388798658582,0.5657855272293091,Structure_degraded; Details_lost; Wrong_color_temp; Undersaturated; Overexposed; Shadows_remain
hamburg_hamburg_000000_048750_leftImg8bit.png,hamburg_000000_048750_leftImg8bit.png,1.0,1.1818181818181819,0.385191040814874,59.69265413284302,-0.8315215110778809,-82.93622064590454,0.025432104188165633,0.0,0.7138501240024222,0.5255473852157593,Structure_degraded; Details_lost; Wrong_color_temp; Undersaturated; Shadows_remain
hamburg_hamburg_000000_048960_leftImg8bit.png,hamburg_000000_048960_leftImg8bit.png,0.8888888888888888,1.0,0.4689146127296081,56.93993091583252,-1.244966983795166,-93.63833475112915,0.06091426676246175,0.0,0.515669354946672,0.4242887496948242,Structure_degraded; Details_lost; Wrong_color_temp; Undersaturated; Overexposed; Shadows_remain
hamburg_hamburg_000000_049558_leftImg8bit.png,hamburg_000000_049558_leftImg8bit.png,0.8500000000000001,1.1666666666666667,0.4101917664165542,64.20002317428589,-0.9354610443115234,-96.40307712554932,0.029840965798818,0.0,0.6799992254610321,0.4833526611328125,Structure_degraded; Details_lost; Wrong_color_temp; Undersaturated; Shadows_remain
hamburg_hamburg_000000_050160_leftImg8bit.png,hamburg_000000_050160_leftImg8bit.png,1.0,1.625,0.439449302409314,61.75075101852417,0.2694249153137207,-83.61585664749146,0.05198757954928152,0.0,0.5465254354909985,0.5219791531562805,Structure_degraded; Details_lost; Undersaturated; Overexposed; Shadows_remain
hamburg_hamburg_000000_051855_leftImg8bit.png,hamburg_000000_051855_leftImg8bit.png,1.0,1.5714285714285714,0.37716429049806854,59.78825807571411,-0.45329809188842773,-82.29924297332764,0.03139314369072753,0.0,0.6375328539805585,0.5298020839691162,Structure_degraded; Details_lost; Wrong_color_temp; Undersaturated; Shadows_remain
hamburg_hamburg_000000_052122_leftImg8bit.png,hamburg_000000_052122_leftImg8bit.png,0.8500000000000001,1.1666666666666667,0.38056389201837454,72.26027202606201,-1.1284971237182617,-90.1955132484436,0.02746328886895575,0.0,0.6429980071013622,0.5089102387428284,Structure_degraded; Details_lost; Wrong_color_temp; Undersaturated; Shadows_remain
hamburg_hamburg_000000_052904_leftImg8bit.png,hamburg_000000_052904_leftImg8bit.png,0.6363636363636364,0.8181818181818182,0.4090415709274301,59.0779824256897,-0.6278190612792969,-77.97033309936523,0.0215580350381124,0.0,0.5691999191882093,0.4718860983848572,Structure_degraded; Details_lost; Wrong_color_temp; Undersaturated; Overexposed; Shadows_remain
hamburg_hamburg_000000_053086_leftImg8bit.png,hamburg_000000_053086_leftImg8bit.png,1.0,2.0,0.44389137347042046,61.34575414657593,-1.9367799758911133,-83.64749431610107,0.049708404175569994,0.0,0.5900381332850757,0.4433844983577728,Structure_degraded; Details_lost; Wrong_color_temp; Undersaturated; Overexposed; Shadows_remain
hamburg_hamburg_000000_053486_leftImg8bit.png,hamburg_000000_053486_leftImg8bit.png,0.9238095238095239,1.1904761904761905,0.4331988915054042,64.99010467529297,0.025984764099121094,-74.54995203018188,0.02245983089751505,0.0,0.7664434814760847,0.4587951898574829,Structure_degraded; Details_lost; Undersaturated; Shadows_remain
hamburg_hamburg_000000_053563_leftImg8bit.png,hamburg_000000_053563_leftImg8bit.png,1.0,0.8823529411764706,0.42190222685841683,71.09881591796875,0.7960481643676758,-78.1989974975586,0.02773779204959923,0.0,0.7586964542196687,0.46837934851646423,Structure_degraded; Details_lost; Undersaturated; Shadows_remain
hamburg_hamburg_000000_053776_leftImg8bit.png,hamburg_000000_053776_leftImg8bit.png,1.0,1.4545454545454546,0.40108137045674297,70.4922866821289,0.29990196228027344,-82.82979726791382,0.037441554646391935,0.0,0.7389814164401075,0.5244911313056946,Structure_degraded; Details_lost; Undersaturated; Shadows_remain
hamburg_hamburg_000000_053886_leftImg8bit.png,hamburg_000000_053886_leftImg8bit.png,1.0,2.4285714285714284,0.38325150375529293,65.02054834365845,0.3708820343017578,-95.16172742843628,0.017603297125487197,0.0,0.6962668278382115,0.535839319229126,Structure_degraded; Details_lost; Undersaturated; Shadows_remain
hamburg_hamburg_000000_054029_leftImg8bit.png,hamburg_000000_054029_leftImg8bit.png,1.0,1.8,0.41732465108192063,66.76197338104248,-0.23408269882202148,-80.02270317077637,0.049511078103695066,0.0,0.5091996775066392,0.5546412467956543,Structure_degraded; Details_lost; Wrong_color_temp; Undersaturated; Overexposed; Shadows_remain
hamburg_hamburg_000000_054220_leftImg8bit.png,hamburg_000000_054220_leftImg8bit.png,1.0,1.25,0.4772957249968342,61.297261238098145,-0.06633424758911133,-84.28734302520752,0.04097646033129011,0.0,0.5465328699373091,0.4410357177257538,Structure_degraded; Details_lost; Wrong_color_temp; Undersaturated; Overexposed; Shadows_remain
hamburg_hamburg_000000_054555_leftImg8bit.png,hamburg_000000_054555_leftImg8bit.png,1.0,1.3076923076923077,0.47476100038403535,62.96702718734741,0.46274662017822266,-87.3887095451355,0.03268556486596976,0.0,0.5100085236651546,0.4187149703502655,Structure_degraded; Details_lost; Undersaturated; Overexposed; Shadows_remain
hamburg_hamburg_000000_054850_leftImg8bit.png,hamburg_000000_054850_leftImg8bit.png,1.0,1.25,0.4108615072037246,66.35635232925415,-0.11734867095947266,-83.84084987640381,0.01262916188288941,0.0,0.6384224036278996,0.4757657051086426,Structure_degraded; Details_lost; Wrong_color_temp; Undersaturated; Shadows_remain
hamburg_hamburg_000000_055039_leftImg8bit.png,hamburg_000000_055039_leftImg8bit.png,1.0,2.0,0.45391572662589197,71.01107454299927,0.9632353782653809,-82.05576133728027,0.08128927630239793,0.0,0.4660041837707707,0.4901372790336609,Structure_degraded; Details_lost; Undersaturated; Overexposed; Shadows_remain
hamburg_hamburg_000000_055414_leftImg8bit.png,hamburg_000000_055414_leftImg8bit.png,1.0,1.0,0.4600334355748366,65.27039527893066,0.30654239654541016,-82.03275060653687,0.02208372849206427,0.0,0.6550818194866531,0.4216499924659729,Structure_degraded; Details_lost; Undersaturated; Shadows_remain
hamburg_hamburg_000000_055894_leftImg8bit.png,hamburg_000000_055894_leftImg8bit.png,0.8999999999999999,1.1111111111111112,0.4036679168463928,70.40670013427734,0.6856598854064941,-85.4505066871643,0.019039573721477004,0.0,0.6674288050353498,0.5323820114135742,Structure_degraded; Details_lost; Undersaturated; Shadows_remain
hamburg_hamburg_000000_056229_leftImg8bit.png,hamburg_000000_056229_leftImg8bit.png,1.0,2.3333333333333335,0.44549199075989737,67.24446439743042,1.0138835906982422,-86.00281429290771,0.06612267867189238,0.0,0.5789945462298132,0.41385918855667114,Structure_degraded; Details_lost; Undersaturated; Overexposed; Shadows_remain
hamburg_hamburg_000000_056508_leftImg8bit.png,hamburg_000000_056508_leftImg8bit.png,1.0,1.8333333333333333,0.43639213544389427,78.10633134841919,0.8261709213256836,-81.31647300720215,0.0578876555667481,0.0,0.6460033300896814,0.4771043658256531,Structure_degraded; Details_lost; Undersaturated; Shadows_remain
hamburg_hamburg_000000_057487_leftImg8bit.png,hamburg_000000_057487_leftImg8bit.png,1.0,1.2,0.4337270141696713,70.29488897323608,-0.3357253074645996,-83.69239234924316,0.03938887562662553,0.0,0.6414376597182155,0.5150628089904785,Structure_degraded; Details_lost; Wrong_color_temp; Undersaturated; Shadows_remain
hamburg_hamburg_000000_057678_leftImg8bit.png,hamburg_000000_057678_leftImg8bit.png,1.0,1.8333333333333333,0.3982591569970282,68.44004154205322,-1.0434350967407227,-86.08787059783936,0.043057836161271346,0.0,0.6627233820165099,0.50127774477005,Structure_degraded; Details_lost; Wrong_color_temp; Undersaturated; Shadows_remain
hamburg_hamburg_000000_057816_leftImg8bit.png,hamburg_000000_057816_leftImg8bit.png,1.0,1.8,0.40038347268941765,67.82078695297241,-1.3190464973449707,-84.87193202972412,0.039955294775065674,0.0,0.62913756619833,0.4817785918712616,Structure_degraded; Details_lost; Wrong_color_temp; Undersaturated; Shadows_remain
hamburg_hamburg_000000_058591_leftImg8bit.png,hamburg_000000_058591_leftImg8bit.png,1.0,2.0,0.44671355862119916,57.246673583984375,-0.33568525314331055,-73.2953748703003,0.062062609797522664,0.0,0.4821373927367272,0.501583993434906,Structure_degraded; Details_lost; Wrong_color_temp; Undersaturated; Overexposed; Shadows_remain
hamburg_hamburg_000000_059339_leftImg8bit.png,hamburg_000000_059339_leftImg8bit.png,0.96,1.2666666666666666,0.40928159099945577,73.95554304122925,0.2027888298034668,-74.70904922485352,0.02794276457882426,0.0,0.6913312514702135,0.5085740685462952,Structure_degraded; Details_lost; Undersaturated; Shadows_remain
hamburg_hamburg_000000_059720_leftImg8bit.png,hamburg_000000_059720_leftImg8bit.png,1.0,1.6666666666666667,0.4399039014667542,62.64610147476196,-1.5259323120117188,-79.59969186782837,0.05917930194461792,0.0,0.522986389451308,0.4959440529346466,Structure_degraded; Details_lost; Wrong_color_temp; Undersaturated; Overexposed; Shadows_remain
hamburg_hamburg_000000_060215_leftImg8bit.png,hamburg_000000_060215_leftImg8bit.png,1.0,1.1428571428571428,0.42064367759579163,71.81055116653442,-0.4121360778808594,-76.97114372253418,0.04255472005363223,0.0,0.7368349309107867,0.4637809991836548,Structure_degraded; Details_lost; Wrong_color_temp; Undersaturated; Shadows_remain
hamburg_hamburg_000000_060586_leftImg8bit.png,hamburg_000000_060586_leftImg8bit.png,1.0,1.4,0.38936285120896186,77.73592233657837,0.9234046936035156,-81.46635627746582,0.050054978008783974,0.0,0.7944806368838642,0.514039158821106,Structure_degraded; Details_lost; Undersaturated; Shadows_remain
hamburg_hamburg_000000_060907_leftImg8bit.png,hamburg_000000_060907_leftImg8bit.png,0.9285714285714285,1.7142857142857142,0.3796838666649051,79.73106908798218,0.48525428771972656,-86.4698257446289,0.039051904820601946,0.0,0.7453053420398849,0.49543124437332153,Structure_degraded; Details_lost; Undersaturated; Shadows_remain
hamburg_hamburg_000000_061048_leftImg8bit.png,hamburg_000000_061048_leftImg8bit.png,1.0,1.1428571428571428,0.42276493543143046,70.41884279251099,0.33965253829956055,-80.66477680206299,0.04973436065754785,0.0,0.7499285042148318,0.5259028673171997,Structure_degraded; Details_lost; Undersaturated; Shadows_remain
hamburg_hamburg_000000_061468_leftImg8bit.png,hamburg_000000_061468_leftImg8bit.png,1.0,1.125,0.4202152314827468,68.75484466552734,0.2700948715209961,-75.88716554641724,0.02763898109646471,0.0,0.7010588433800683,0.5090858936309814,Structure_degraded; Details_lost; Undersaturated; Shadows_remain
hamburg_hamburg_000000_061790_leftImg8bit.png,hamburg_000000_061790_leftImg8bit.png,0.9333333333333333,1.1666666666666667,0.4264673065529741,73.60727405548096,-1.375676155090332,-83.73846530914307,0.04518446870248855,0.0,0.7033598822418945,0.4843101501464844,Structure_degraded; Details_lost; Wrong_color_temp; Undersaturated; Shadows_remain
hamburg_hamburg_000000_062039_leftImg8bit.png,hamburg_000000_062039_leftImg8bit.png,1.0,1.0833333333333333,0.439458032767896,68.74747085571289,-0.6634888648986816,-83.01312494277954,0.04093402066708073,0.0,0.6444723570647932,0.47928836941719055,Structure_degraded; Details_lost; Wrong_color_temp; Undersaturated; Shadows_remain
hamburg_hamburg_000000_062371_leftImg8bit.png,hamburg_000000_062371_leftImg8bit.png,0.7125,1.875,0.4265485279330196,71.7567892074585,-0.2796154022216797,-81.45498132705688,0.04102759611717616,0.0,0.6508799726133364,0.4982542097568512,Structure_degraded; Details_lost; Wrong_color_temp; Undersaturated; Shadows_remain
hamburg_hamburg_000000_062710_leftImg8bit.png,hamburg_000000_062710_leftImg8bit.png,1.0,1.8333333333333333,0.41410150858250394,63.524993896484375,-0.9507579803466797,-81.74949645996094,0.04533709810605862,0.0,0.6741153283870787,0.46853315830230713,Structure_degraded; Details_lost; Wrong_color_temp; Undersaturated; Shadows_remain
hamburg_hamburg_000000_062964_leftImg8bit.png,hamburg_000000_062964_leftImg8bit.png,1.0,1.375,0.41271250511294577,64.48140573501587,-1.8903837203979492,-81.34789419174194,0.05156011648868353,0.0,0.5497309083574456,0.490275114774704,Structure_degraded; Details_lost; Wrong_color_temp; Undersaturated; Overexposed; Shadows_remain
hamburg_hamburg_000000_063403_leftImg8bit.png,hamburg_000000_063403_leftImg8bit.png,0.9571428571428572,1.2857142857142858,0.42279379719854904,66.6237359046936,-0.9849758148193359,-76.42529153823853,0.04046498943204457,0.0,0.5923102078132463,0.5135748386383057,Structure_degraded; Details_lost; Wrong_color_temp; Undersaturated; Overexposed; Shadows_remain
hamburg_hamburg_000000_063698_leftImg8bit.png,hamburg_000000_063698_leftImg8bit.png,0.9533333333333334,1.2,0.4096198744007739,71.13958501815796,-0.12958192825317383,-74.46022081375122,0.029448812057494916,0.0,0.7093691242517401,0.5461158752441406,Structure_degraded; Details_lost; Wrong_color_temp; Undersaturated; Shadows_remain
hamburg_hamburg_000000_064269_leftImg8bit.png,hamburg_000000_064269_leftImg8bit.png,1.0,2.6666666666666665,0.44875446737584895,73.56370210647583,1.033146858215332,-76.60884714126587,0.025714112438579833,0.0,0.3809026169033167,0.5560106635093689,Structure_degraded; Details_lost; Undersaturated; Overexposed; Shadows_remain
hamburg_hamburg_000000_064825_leftImg8bit.png,hamburg_000000_064825_leftImg8bit.png,0.75,1.0,0.4356823074230723,58.80025386810303,-1.0404114723205566,-78.84423017501831,0.05237817332942356,0.0,0.5243632702324784,0.49346572160720825,Structure_degraded; Details_lost; Wrong_color_temp; Undersaturated; Overexposed; Shadows_remain
hamburg_hamburg_000000_065055_leftImg8bit.png,hamburg_000000_065055_leftImg8bit.png,0.9125,1.375,0.4391538638495982,63.798794746398926,-0.133392333984375,-76.56335878372192,0.028117686392501465,0.0,0.5203433846982501,0.49721360206604004,Structure_degraded; Details_lost; Wrong_color_temp; Undersaturated; Overexposed; Shadows_remain
hamburg_hamburg_000000_065604_leftImg8bit.png,hamburg_000000_065604_leftImg8bit.png,1.0,1.5,0.43063560272446066,61.83828115463257,-0.5133161544799805,-79.05776643753052,0.03153866965561337,0.0,0.6335825185191635,0.5111212134361267,Structure_degraded; Details_lost; Wrong_color_temp; Undersaturated; Shadows_remain
hamburg_hamburg_000000_065843_leftImg8bit.png,hamburg_000000_065843_leftImg8bit.png,1.0,1.0909090909090908,0.4260842464270765,63.64276123046875,-0.8288259506225586,-86.76909065246582,0.04477720433232362,0.0,0.5078787541162075,0.550671398639679,Structure_degraded; Details_lost; Wrong_color_temp; Undersaturated; Overexposed; Shadows_remain
hamburg_hamburg_000000_065983_leftImg8bit.png,hamburg_000000_065983_leftImg8bit.png,0.875,0.875,0.41731470894329337,63.72278165817261,-1.1635727882385254,-86.15584468841553,0.030476490014143584,0.0,0.5436153056343609,0.5228906273841858,Structure_degraded; Details_lost; Wrong_color_temp; Undersaturated; Overexposed; Shadows_remain
hamburg_hamburg_000000_066424_leftImg8bit.png,hamburg_000000_066424_leftImg8bit.png,0.8,1.0,0.4271479606317299,59.00852584838867,-1.670651912689209,-97.54485368728638,0.0245630805677304,0.0,0.6901741281838815,0.4363780617713928,Structure_degraded; Details_lost; Wrong_color_temp; Undersaturated; Shadows_remain
hamburg_hamburg_000000_066706_leftImg8bit.png,hamburg_000000_066706_leftImg8bit.png,1.0,1.4285714285714286,0.3956365155808604,56.68924617767334,-1.953113079071045,-103.11023807525635,0.02494969818912764,0.0,0.5818949924300573,0.5263437628746033,Structure_degraded; Details_lost; Wrong_color_temp; Undersaturated; Overexposed; Shadows_remain
hamburg_hamburg_000000_066988_leftImg8bit.png,hamburg_000000_066988_leftImg8bit.png,1.0,1.6666666666666667,0.3765850503175573,63.526498317718506,-1.1926641464233398,-87.45509815216064,0.009549759958476827,0.0,0.6914227311030827,0.5538459420204163,Structure_degraded; Details_lost; Wrong_color_temp; Undersaturated; Shadows_remain
hamburg_hamburg_000000_067223_leftImg8bit.png,hamburg_000000_067223_leftImg8bit.png,1.0,1.3846153846153846,0.4560785903935617,58.660802364349365,-1.0417847633361816,-83.49893426895142,0.04222165572619902,0.0,0.5500663546017451,0.4989672303199768,Structure_degraded; Details_lost; Wrong_color_temp; Undersaturated; Overexposed; Shadows_remain
hamburg_hamburg_000000_067338_leftImg8bit.png,hamburg_000000_067338_leftImg8bit.png,0.35,2.0,0.45104909266182197,58.63929891586304,-0.30738401412963867,-83.71368646621704,0.049837438204226675,0.0,0.5191920671113386,0.5270845890045166,Lost_objects; Structure_degraded; Details_lost; Wrong_color_temp; Undersaturated; Overexposed; Shadows_remain
hamburg_hamburg_000000_067587_leftImg8bit.png,hamburg_000000_067587_leftImg8bit.png,1.0,5.0,0.4188774705632771,67.58289241790771,-1.0223274230957031,-79.89617824554443,0.02800103707543272,0.0,0.5572578017227618,0.5368292331695557,Structure_degraded; Details_lost; Wrong_color_temp; Undersaturated; Overexposed; Shadows_remain
hamburg_hamburg_000000_067799_leftImg8bit.png,hamburg_000000_067799_leftImg8bit.png,1.0,3.0,0.4162854125102982,71.72148084640503,-2.0742249488830566,-87.00488328933716,0.015374960778154388,0.0,0.6857052213708172,0.5288068652153015,Structure_degraded; Details_lost; Wrong_color_temp; Undersaturated; Shadows_remain
hamburg_hamburg_000000_068693_leftImg8bit.png,hamburg_000000_068693_leftImg8bit.png,0.8600000000000001,1.6,0.4207735983055919,72.83315420150757,0.3718695640563965,-77.63710689544678,0.05310201925809405,0.0,0.8233885812339262,0.5594391226768494,Structure_degraded; Details_lost; Undersaturated; Shadows_remain
hamburg_hamburg_000000_068916_leftImg8bit.png,hamburg_000000_068916_leftImg8bit.png,0.7769230769230769,1.0769230769230769,0.40672463856122754,77.61468076705933,0.8099827766418457,-84.58008146286011,0.042319954579184034,0.0,0.7636387475655053,0.518605649471283,Structure_degraded; Details_lost; Undersaturated; Shadows_remain
hamburg_hamburg_000000_069096_leftImg8bit.png,hamburg_000000_069096_leftImg8bit.png,1.0,1.0,0.4193504564455649,70.54950952529907,0.9018054008483887,-78.57030963897705,0.03880453121232473,0.0,0.8585223571483851,0.5169519782066345,Structure_degraded; Details_lost; Undersaturated; Shadows_remain
hamburg_hamburg_000000_069177_leftImg8bit.png,hamburg_000000_069177_leftImg8bit.png,1.0,1.4545454545454546,0.39211178905997,69.63799905776978,0.09966516494750977,-86.39945316314697,0.022033347769591267,0.0,0.8246756358815511,0.49997642636299133,Structure_degraded; Details_lost; Undersaturated; Shadows_remain
hamburg_hamburg_000000_069289_leftImg8bit.png,hamburg_000000_069289_leftImg8bit.png,1.0,2.5,0.43105754227287985,76.65101194381714,0.8050169944763184,-77.60189819335938,0.031470239341277136,0.0,0.752847387214561,0.5132439732551575,Structure_degraded; Details_lost; Undersaturated; Shadows_remain
hamburg_hamburg_000000_069417_leftImg8bit.png,hamburg_000000_069417_leftImg8bit.png,0.8666666666666667,1.3333333333333333,0.4333687486361335,65.77366065979004,-0.1520681381225586,-74.51599168777466,0.015336834016388532,0.0,0.6743476875302656,0.4995245635509491,Structure_degraded; Details_lost; Wrong_color_temp; Undersaturated; Shadows_remain
hamburg_hamburg_000000_070334_leftImg8bit.png,hamburg_000000_070334_leftImg8bit.png,1.0,1.4,0.42580321844454444,69.17655229568481,-0.03872251510620117,-90.92400646209717,0.038383947064034654,0.0,0.7440936416053406,0.47370222210884094,Structure_degraded; Details_lost; Wrong_color_temp; Undersaturated; Shadows_remain
hamburg_hamburg_000000_070444_leftImg8bit.png,hamburg_000000_070444_leftImg8bit.png,1.0,1.5454545454545454,0.46979530082656634,65.93736553192139,0.43135499954223633,-73.8457989692688,0.02229035651141994,0.0,0.7945340544420161,0.40874403715133667,Structure_degraded; Details_lost; Undersaturated; Shadows_remain
hamburg_hamburg_000000_071016_leftImg8bit.png,hamburg_000000_071016_leftImg8bit.png,0.8111111111111111,1.3333333333333333,0.4411973455854393,75.05836343765259,2.165285110473633,-78.03908491134644,0.040471944025229634,0.0,0.8043659770436729,0.5108129978179932,Structure_degraded; Details_lost; Undersaturated; Shadows_remain
hamburg_hamburg_000000_071150_leftImg8bit.png,hamburg_000000_071150_leftImg8bit.png,1.0,1.0,0.46784825059147084,68.35998964309692,-0.6782512664794922,-76.17810153961182,0.07486451927173024,0.0,0.6400944188074306,0.45774948596954346,Structure_degraded; Details_lost; Wrong_color_temp; Undersaturated; Shadows_remain
hamburg_hamburg_000000_071675_leftImg8bit.png,hamburg_000000_071675_leftImg8bit.png,1.0,2.6666666666666665,0.4439891532289387,62.56228685379028,0.901923656463623,-83.93061923980713,0.035716824223457344,0.0,0.49098856515715694,0.40716442465782166,Structure_degraded; Details_lost; Undersaturated; Overexposed; Shadows_remain
hamburg_hamburg_000000_071942_leftImg8bit.png,hamburg_000000_071942_leftImg8bit.png,0.8857142857142857,1.2857142857142858,0.4698859412308011,62.794533252716064,0.09822225570678711,-75.8590612411499,0.027686456520328858,0.0,0.46223270724602705,0.46987032890319824,Structure_degraded; Details_lost; Undersaturated; Overexposed; Shadows_remain
hamburg_hamburg_000000_073314_leftImg8bit.png,hamburg_000000_073314_leftImg8bit.png,1.0,1.2,0.40956653550406946,66.00845956802368,-0.8135437965393066,-84.03476190567017,0.03789115646257214,0.0,0.6409237307498348,0.44708123803138733,Structure_degraded; Details_lost; Wrong_color_temp; Undersaturated; Shadows_remain
hamburg_hamburg_000000_073389_leftImg8bit.png,hamburg_000000_073389_leftImg8bit.png,0.6,0.7,0.44697624979488326,74.97818422317505,-0.38430261611938477,-80.47631311416626,0.025297950890749203,0.0,0.5463061826561872,0.4507526755332947,Structure_degraded; Details_lost; Wrong_color_temp; Undersaturated; Overexposed; Shadows_remain
hamburg_hamburg_000000_073549_leftImg8bit.png,hamburg_000000_073549_leftImg8bit.png,0.8333333333333334,0.8333333333333334,0.4043554238816485,70.9690670967102,-0.5609478950500488,-87.38895463943481,0.05934769443721795,0.0,0.7014550075102524,0.474251925945282,Structure_degraded; Details_lost; Wrong_color_temp; Undersaturated; Shadows_remain
hamburg_hamburg_000000_073672_leftImg8bit.png,hamburg_000000_073672_leftImg8bit.png,1.0,1.3333333333333333,0.3952011910804744,74.27878904342651,-1.1450047492980957,-82.35654973983765,0.025049159814080926,0.0,0.7530241804307156,0.43673187494277954,Structure_degraded; Details_lost; Wrong_color_temp; Undersaturated; Shadows_remain
hamburg_hamburg_000000_073758_leftImg8bit.png,hamburg_000000_073758_leftImg8bit.png,0.7692307692307693,1.0,0.38118356366225636,67.16004991531372,-1.2378358840942383,-88.57599306106567,0.030431686205754788,0.0,0.7242073000735646,0.4678516387939453,Structure_degraded; Details_lost; Wrong_color_temp; Undersaturated; Shadows_remain
hamburg_hamburg_000000_073999_leftImg8bit.png,hamburg_000000_073999_leftImg8bit.png,0.9285714285714285,1.7142857142857142,0.38403324598993377,67.1060438156128,-2.2514443397521973,-90.07773542404175,0.037646684012096414,0.0,0.8225780912412485,0.49059629440307617,Structure_degraded; Details_lost; Wrong_color_temp; Undersaturated; Shadows_remain
hamburg_hamburg_000000_074139_leftImg8bit.png,hamburg_000000_074139_leftImg8bit.png,1.0,4.5,0.4625512757188495,66.8820276260376,-1.7065320014953613,-81.21470212936401,0.03613246407835097,0.0,0.9116706848144531,0.4013455808162689,Structure_degraded; Details_lost; Wrong_color_temp; Undersaturated; Shadows_remain
hamburg_hamburg_000000_074267_leftImg8bit.png,hamburg_000000_074267_leftImg8bit.png,0.8333333333333334,1.0,0.40590586862480693,70.15044355392456,-0.39525699615478516,-84.99394845962524,0.0774145394834819,0.0,0.6443789490662553,0.4121667444705963,Structure_degraded; Details_lost; Wrong_color_temp; Undersaturated; Shadows_remain
hamburg_hamburg_000000_074425_leftImg8bit.png,hamburg_000000_074425_leftImg8bit.png,0.9,1.25,0.38986831123505633,69.73477458953857,-1.7322306632995605,-86.83307266235352,0.07216215483834047,0.0,0.7102723928323363,0.446918785572052,Structure_degraded; Details_lost; Wrong_color_temp; Undersaturated; Shadows_remain
hamburg_hamburg_000000_074545_leftImg8bit.png,hamburg_000000_074545_leftImg8bit.png,0.8666666666666667,1.3333333333333333,0.4240703365750403,70.00058174133301,-1.6185474395751953,-79.83635807037354,0.04308265156281648,0.0,0.6296006646185565,0.40185219049453735,Structure_degraded; Details_lost; Wrong_color_temp; Undersaturated; Shadows_remain
hamburg_hamburg_000000_074694_leftImg8bit.png,hamburg_000000_074694_leftImg8bit.png,0.8999999999999999,1.4285714285714286,0.4196648072330489,66.47822046279907,-0.7555346488952637,-92.21469736099243,0.03709821872822428,0.0,0.617963371388113,0.43214982748031616,Structure_degraded; Details_lost; Wrong_color_temp; Undersaturated; Shadows_remain
hamburg_hamburg_000000_076392_leftImg8bit.png,hamburg_000000_076392_leftImg8bit.png,0.7142857142857143,0.8571428571428571,0.39020187527727695,73.7311897277832,0.4109077453613281,-80.33085870742798,0.018854951738723032,0.0,0.6454183211640929,0.5412724614143372,Structure_degraded; Details_lost; Undersaturated; Shadows_remain
hamburg_hamburg_000000_076966_leftImg8bit.png,hamburg_000000_076966_leftImg8bit.png,1.0,2.6666666666666665,0.42040760929988874,74.00838804244995,0.7284564971923828,-80.21299266815186,0.05153552607666671,0.0,0.7409523055883938,0.5188945531845093,Structure_degraded; Details_lost; Undersaturated; Shadows_remain
hamburg_hamburg_000000_077144_leftImg8bit.png,hamburg_000000_077144_leftImg8bit.png,0.5,1.0,0.4299768026508436,69.0153956413269,-0.5911760330200195,-77.0496096611023,0.03606193574416903,0.0,0.5450674372859383,0.5499045848846436,Structure_degraded; Details_lost; Wrong_color_temp; Undersaturated; Overexposed; Shadows_remain
hamburg_hamburg_000000_077642_leftImg8bit.png,hamburg_000000_077642_leftImg8bit.png,0.9333333333333333,1.1666666666666667,0.42584461755131076,66.81445789337158,-1.8784432411193848,-88.69804668426514,0.036899893743749586,0.0,0.5881527941701103,0.49232426285743713,Structure_degraded; Details_lost; Wrong_color_temp; Undersaturated; Overexposed; Shadows_remain
hamburg_hamburg_000000_077756_leftImg8bit.png,hamburg_000000_077756_leftImg8bit.png,0.775,1.25,0.41564868244950415,62.93696594238281,-4.151683807373047,-86.42420053482056,0.04074539988485518,0.0,0.7769145995731783,0.4331563711166382,Structure_degraded; Details_lost; Wrong_color_temp; Undersaturated; Shadows_remain
hamburg_hamburg_000000_077927_leftImg8bit.png,hamburg_000000_077927_leftImg8bit.png,0.9111111111111111,1.2222222222222223,0.4515350181556662,69.48028087615967,-0.44746971130371094,-82.10584211349487,0.03737764308355545,0.0,0.474871333817073,0.46792858839035034,Structure_degraded; Details_lost; Wrong_color_temp; Undersaturated; Overexposed; Shadows_remain
hamburg_hamburg_000000_078407_leftImg8bit.png,hamburg_000000_078407_leftImg8bit.png,0.8,0.9,0.43142725544257976,63.358073711395264,-1.6674785614013672,-84.82850790023804,0.05302866219043642,0.0,0.477320714981079,0.5160330533981323,Structure_degraded; Details_lost; Wrong_color_temp; Undersaturated; Overexposed; Shadows_remain
hamburg_hamburg_000000_078579_leftImg8bit.png,hamburg_000000_078579_leftImg8bit.png,0.9625,1.875,0.4257376572137042,71.16254186630249,-0.3658285140991211,-80.72725009918213,0.04671739971622683,0.0,0.5532733596990138,0.4620184302330017,Structure_degraded; Details_lost; Wrong_color_temp; Undersaturated; Overexposed; Shadows_remain
hamburg_hamburg_000000_078842_leftImg8bit.png,hamburg_000000_078842_leftImg8bit.png,0.81,1.1,0.4346380068138891,62.76287031173706,-1.655914306640625,-83.3004059791565,0.02516833062455882,0.0,0.6716583036692192,0.4346143305301666,Structure_degraded; Details_lost; Wrong_color_temp; Undersaturated; Shadows_remain
hamburg_hamburg_000000_079376_leftImg8bit.png,hamburg_000000_079376_leftImg8bit.png,1.0,1.0,0.4354835767994115,58.226173400878906,-2.344538688659668,-88.31256341934204,0.04481549748815555,0.0,0.6704711790151203,0.4589369297027588,Structure_degraded; Details_lost; Wrong_color_temp; Undersaturated; Shadows_remain
hamburg_hamburg_000000_079657_leftImg8bit.png,hamburg_000000_079657_leftImg8bit.png,0.9,0.9,0.46005855266871226,61.87711429595947,-0.9965620040893555,-83.28225231170654,0.040551397522085385,0.0,0.5299032157474428,0.4095611572265625,Structure_degraded; Details_lost; Wrong_color_temp; Undersaturated; Overexposed; Shadows_remain
hamburg_hamburg_000000_080169_leftImg8bit.png,hamburg_000000_080169_leftImg8bit.png,1.0,3.0,0.41580717117302535,63.32968759536743,-2.3177356719970703,-79.88264560699463,0.03956987583644468,0.0,0.5599835679394519,0.45551759004592896,Structure_degraded; Details_lost; Wrong_color_temp; Undersaturated; Overexposed; Shadows_remain
hamburg_hamburg_000000_080438_leftImg8bit.png,hamburg_000000_080438_leftImg8bit.png,0.8333333333333334,1.0,0.42799761504305045,61.45998573303223,-2.3798117637634277,-88.67223024368286,0.04942419991516347,0.0,0.6342790296570859,0.5233157873153687,Structure_degraded; Details_lost; Wrong_color_temp; Undersaturated; Shadows_remain
hamburg_hamburg_000000_080674_leftImg8bit.png,hamburg_000000_080674_leftImg8bit.png,0.8571428571428571,1.0,0.39564789229369185,66.27014303207397,-2.6035256385803223,-95.66839265823364,0.028213516763127198,0.0,0.7483364967568181,0.5093187093734741,Structure_degraded; Details_lost; Wrong_color_temp; Undersaturated; Shadows_remain
hamburg_hamburg_000000_080878_leftImg8bit.png,hamburg_000000_080878_leftImg8bit.png,0.7583333333333333,1.0833333333333333,0.4340692434729312,62.00678110122681,-1.3257741928100586,-90.95128965377808,0.031359938434468076,0.0,0.5727893791536001,0.4888955354690552,Structure_degraded; Details_lost; Wrong_color_temp; Undersaturated; Overexposed; Shadows_remain
hamburg_hamburg_000000_081299_leftImg8bit.png,hamburg_000000_081299_leftImg8bit.png,1.0,1.3333333333333333,0.4304297153213618,67.31864786148071,-1.4085888862609863,-76.70320320129395,0.037535966518432835,0.0,0.6735322950554025,0.47917473316192627,Structure_degraded; Details_lost; Wrong_color_temp; Undersaturated; Shadows_remain
hamburg_hamburg_000000_082187_leftImg8bit.png,hamburg_000000_082187_leftImg8bit.png,0.8888888888888888,1.0,0.4253729790895835,68.11648845672607,-1.057114601135254,-79.57623052597046,0.028049330726417996,0.0,0.5882166955141839,0.4845716953277588,Structure_degraded; Details_lost; Wrong_color_temp; Undersaturated; Overexposed; Shadows_remain
hamburg_hamburg_000000_082301_leftImg8bit.png,hamburg_000000_082301_leftImg8bit.png,0.7777777777777778,1.0,0.42733891671838664,59.85501289367676,-1.183438777923584,-80.54600238800049,0.0424245769963172,0.0,0.626210563830465,0.4666173458099365,Structure_degraded; Details_lost; Wrong_color_temp; Undersaturated; Shadows_remain
hamburg_hamburg_000000_083586_leftImg8bit.png,hamburg_000000_083586_leftImg8bit.png,1.0,2.6,0.4060979618794873,64.1058464050293,-1.2826189994812012,-84.87790632247925,0.07660712115686558,0.0,0.6119568573458911,0.4231206774711609,Structure_degraded; Details_lost; Wrong_color_temp; Undersaturated; Shadows_remain
hamburg_hamburg_000000_083696_leftImg8bit.png,hamburg_000000_083696_leftImg8bit.png,0.8272727272727273,1.0909090909090908,0.4242119165749639,68.41845703125,-0.9449009895324707,-77.56215906143188,0.03402898866607617,0.0,0.6180004040309519,0.4589347243309021,Structure_degraded; Details_lost; Wrong_color_temp; Undersaturated; Shadows_remain
hamburg_hamburg_000000_084746_leftImg8bit.png,hamburg_000000_084746_leftImg8bit.png,0.9111111111111111,1.2222222222222223,0.4384821897727252,64.61423635482788,-1.0276966094970703,-87.79514646530151,0.049443433211976785,0.0,0.634459530591323,0.38956165313720703,Structure_degraded; Details_lost; Wrong_color_temp; Undersaturated; Shadows_remain
hamburg_hamburg_000000_084865_leftImg8bit.png,hamburg_000000_084865_leftImg8bit.png,0.9583333333333333,1.4166666666666667,0.4001847793807723,65.9034218788147,-2.3244590759277344,-87.61257648468018,0.025078728886339333,0.0,0.6735454418353066,0.42969799041748047,Structure_degraded; Details_lost; Wrong_color_temp; Undersaturated; Shadows_remain
hamburg_hamburg_000000_085073_leftImg8bit.png,hamburg_000000_085073_leftImg8bit.png,0.8857142857142857,1.2857142857142858,0.42103936627541805,61.65144109725952,-1.6290173530578613,-82.37836074829102,0.03297174725745481,0.0,0.642498469816456,0.4030121862888336,Structure_degraded; Details_lost; Wrong_color_temp; Undersaturated; Shadows_remain
hamburg_hamburg_000000_085321_leftImg8bit.png,hamburg_000000_085321_leftImg8bit.png,0.925,1.5,0.3890729461556254,65.36198854446411,-3.2438764572143555,-80.61185884475708,0.03297326131891946,0.0,0.7063804490447655,0.5261195302009583,Structure_degraded; Details_lost; Wrong_color_temp; Undersaturated; Shadows_remain
hamburg_hamburg_000000_085413_leftImg8bit.png,hamburg_000000_085413_leftImg8bit.png,1.0,1.6666666666666667,0.4040188969201312,62.13524866104126,-3.744650363922119,-79.991126537323,0.03695682877453111,0.0,0.706113573736957,0.47411221265792847,Structure_degraded; Details_lost; Wrong_color_temp; Undersaturated; Shadows_remain
hamburg_hamburg_000000_085645_leftImg8bit.png,hamburg_000000_085645_leftImg8bit.png,0.7777777777777778,1.0,0.38890906311657963,68.22763919830322,-2.4434561729431152,-81.93949365615845,0.029895520844101096,0.0,0.6554670681675044,0.49027055501937866,Structure_degraded; Details_lost; Wrong_color_temp; Undersaturated; Shadows_remain
hamburg_hamburg_000000_085982_leftImg8bit.png,hamburg_000000_085982_leftImg8bit.png,0.825,1.75,0.3955044442254865,60.01419115066528,-2.190703868865967,-90.65182828903198,0.04938768933289038,0.0,0.6080008749995915,0.4820784330368042,Structure_degraded; Details_lost; Wrong_color_temp; Undersaturated; Shadows_remain
hamburg_hamburg_000000_086499_leftImg8bit.png,hamburg_000000_086499_leftImg8bit.png,0.9285714285714285,1.7142857142857142,0.3853478876035662,64.86509799957275,-1.4635505676269531,-87.16180992126465,0.02728702490169665,0.0,0.683770973916312,0.4200897514820099,Structure_degraded; Details_lost; Wrong_color_temp; Undersaturated; Shadows_remain
hamburg_hamburg_000000_086636_leftImg8bit.png,hamburg_000000_086636_leftImg8bit.png,0.8666666666666667,3.0,0.37798885039589725,59.720839500427246,-3.1397042274475098,-90.25082159042358,0.041911476694075134,0.0,0.6791212895966813,0.5179294347763062,Structure_degraded; Details_lost; Wrong_color_temp; Undersaturated; Shadows_remain
hamburg_hamburg_000000_087216_leftImg8bit.png,hamburg_000000_087216_leftImg8bit.png,1.0,3.0,0.409861936042572,69.79876852035522,-1.0768771171569824,-72.84733629226685,0.03570131913347583,0.0,0.6860677743843817,0.5287972688674927,Structure_degraded; Details_lost; Wrong_color_temp; Undersaturated; Shadows_remain
hamburg_hamburg_000000_087822_leftImg8bit.png,hamburg_000000_087822_leftImg8bit.png,1.0,1.1666666666666667,0.4020642929081419,63.3981409072876,-0.7991390228271484,-81.89130544662476,0.03648117173724674,0.0,0.5223966857665201,0.553370475769043,Structure_degraded; Details_lost; Wrong_color_temp; Undersaturated; Overexposed; Shadows_remain
hamburg_hamburg_000000_088054_leftImg8bit.png,hamburg_000000_088054_leftImg8bit.png,1.0,0.7142857142857143,0.40789880424999236,67.3389220237732,-0.3835763931274414,-83.35349607467651,0.05511776742563668,0.0,0.5822292254330665,0.4973321557044983,Structure_degraded; Details_lost; Wrong_color_temp; Undersaturated; Overexposed; Shadows_remain
hamburg_hamburg_000000_088197_leftImg8bit.png,hamburg_000000_088197_leftImg8bit.png,1.0,1.5,0.4380892625025753,62.50104761123657,-0.6629643440246582,-76.72233772277832,0.03197495518153962,0.0,0.5264909596495873,0.4431265890598297,Structure_degraded; Details_lost; Wrong_color_temp; Undersaturated; Overexposed; Shadows_remain
hamburg_hamburg_000000_088627_leftImg8bit.png,hamburg_000000_088627_leftImg8bit.png,1.0,2.2,0.38547452694786993,64.02240514755249,-0.7131862640380859,-74.6562910079956,0.02561811140898341,0.0,0.6129368201091661,0.5092214941978455,Structure_degraded; Details_lost; Wrong_color_temp; Undersaturated; Shadows_remain
hamburg_hamburg_000000_088783_leftImg8bit.png,hamburg_000000_088783_leftImg8bit.png,1.0,5.0,0.38778390893702197,64.32458209991455,-1.1000885963439941,-87.18695878982544,0.04433554117690404,0.0,0.712946097259175,0.549868643283844,Structure_degraded; Details_lost; Wrong_color_temp; Undersaturated; Shadows_remain
hamburg_hamburg_000000_088939_leftImg8bit.png,hamburg_000000_088939_leftImg8bit.png,0.96,1.6,0.4393571347028925,61.88301992416382,0.32901763916015625,-85.55505466461182,0.03395426568294381,0.0,0.4376495552037615,0.53738933801651,Structure_degraded; Details_lost; Undersaturated; Overexposed; Shadows_remain
hamburg_hamburg_000000_088983_leftImg8bit.png,hamburg_000000_088983_leftImg8bit.png,0.73,1.3,0.42968760581705495,64.65389633178711,0.5462641716003418,-83.04606819152832,0.02774336571688474,0.0,0.47747666638300734,0.5703843832015991,Structure_degraded; Details_lost; Undersaturated; Overexposed; Shadows_remain
hamburg_hamburg_000000_089491_leftImg8bit.png,hamburg_000000_089491_leftImg8bit.png,1.0,1.8,0.4102180523977426,63.675761699676514,-0.32340097427368164,-85.417076587677,0.030419011167909966,0.0,0.6495462509939738,0.5034993290901184,Structure_degraded; Details_lost; Wrong_color_temp; Undersaturated; Shadows_remain
hamburg_hamburg_000000_089696_leftImg8bit.png,hamburg_000000_089696_leftImg8bit.png,0.89,1.9,0.41832369233567174,61.971492767333984,0.30292224884033203,-89.18972635269165,0.06456353997162113,0.0,0.5173653876461675,0.5191215872764587,Structure_degraded; Details_lost; Undersaturated; Overexposed; Shadows_remain
hamburg_hamburg_000000_090398_leftImg8bit.png,hamburg_000000_090398_leftImg8bit.png,1.0,1.4545454545454546,0.42549532641354326,59.44784116744995,-0.1209864616394043,-93.0639476776123,0.038429739412671575,0.0,0.5262340323196641,0.521040678024292,Structure_degraded; Details_lost; Wrong_color_temp; Undersaturated; Overexposed; Shadows_remain
hamburg_hamburg_000000_090742_leftImg8bit.png,hamburg_000000_090742_leftImg8bit.png,1.0,2.0,0.44372402293325225,67.80604934692383,-0.2486248016357422,-86.34540319442749,0.03361191860463895,0.0,0.6042820333977452,0.5136995315551758,Structure_degraded; Details_lost; Wrong_color_temp; Undersaturated; Shadows_remain
hamburg_hamburg_000000_091038_leftImg8bit.png,hamburg_000000_091038_leftImg8bit.png,0.9692307692307693,1.4615384615384615,0.4233172708980029,64.92560815811157,-0.14230632781982422,-86.39152717590332,0.024339148320246688,0.0,0.5953676909125772,0.5544102787971497,Structure_degraded; Details_lost; Wrong_color_temp; Undersaturated; Overexposed; Shadows_remain
hamburg_hamburg_000000_091155_leftImg8bit.png,hamburg_000000_091155_leftImg8bit.png,0.9333333333333332,1.4444444444444444,0.4077129579172891,67.94410514831543,0.2488861083984375,-92.53311347961426,0.036845273931344465,0.0,0.5277660078831116,0.5668680667877197,Structure_degraded; Details_lost; Undersaturated; Overexposed; Shadows_remain
hamburg_hamburg_000000_091900_leftImg8bit.png,hamburg_000000_091900_leftImg8bit.png,1.0,1.4,0.4539326171374677,72.56558275222778,0.6344833374023438,-83.85332345962524,0.0411077676339873,0.0,0.6766752939584566,0.5153524279594421,Structure_degraded; Details_lost; Undersaturated; Shadows_remain
hamburg_hamburg_000000_092476_leftImg8bit.png,hamburg_000000_092476_leftImg8bit.png,1.0,2.25,0.4145429637273852,67.0226526260376,-1.1426572799682617,-84.58170986175537,0.054726040912941705,0.0,0.5808211345387628,0.558326244354248,Structure_degraded; Details_lost; Wrong_color_temp; Undersaturated; Overexposed; Shadows_remain
hamburg_hamburg_000000_092850_leftImg8bit.png,hamburg_000000_092850_leftImg8bit.png,1.0,2.1666666666666665,0.4225285602685165,70.24761152267456,-0.28121328353881836,-84.03964042663574,0.0563140607067726,0.0,0.6752710147417749,0.4845600724220276,Structure_degraded; Details_lost; Wrong_color_temp; Undersaturated; Shadows_remain
hamburg_hamburg_000000_093325_leftImg8bit.png,hamburg_000000_093325_leftImg8bit.png,0.9333333333333332,1.4444444444444444,0.41972601161432965,66.68378734588623,-0.47547149658203125,-88.20776462554932,0.03224962956505175,0.0,0.5800590236505212,0.4946863651275635,Structure_degraded; Details_lost; Wrong_color_temp; Undersaturated; Overexposed; Shadows_remain
hamburg_hamburg_000000_093572_leftImg8bit.png,hamburg_000000_093572_leftImg8bit.png,1.0,6.0,0.4267221954871537,70.16049289703369,0.6283206939697266,-91.74646949768066,0.02469879518070429,0.0,0.6895664114914477,0.5926342010498047,Structure_degraded; Details_lost; Undersaturated; Shadows_remain
hamburg_hamburg_000000_093787_leftImg8bit.png,hamburg_000000_093787_leftImg8bit.png,0.65,2.5,0.4439890950428696,62.19149351119995,-0.837674617767334,-81.61753416061401,0.03986017160755443,0.0,0.5898851107195091,0.534658670425415,Structure_degraded; Details_lost; Wrong_color_temp; Undersaturated; Overexposed; Shadows_remain
hamburg_hamburg_000000_094185_leftImg8bit.png,hamburg_000000_094185_leftImg8bit.png,1.0,1.6666666666666667,0.4239945603138883,64.89281749725342,-0.6608858108520508,-88.23051881790161,0.055728625822045186,0.0,0.5373941371996495,0.5758567452430725,Structure_degraded; Details_lost; Wrong_color_temp; Undersaturated; Overexposed; Shadows_remain
hamburg_hamburg_000000_094717_leftImg8bit.png,hamburg_000000_094717_leftImg8bit.png,1.0,1.0,0.39827089936548,66.83277606964111,-1.924260139465332,-88.88489580154419,0.041163531893863105,0.0,0.6721090259603046,0.5199844837188721,Structure_degraded; Details_lost; Wrong_color_temp; Undersaturated; Shadows_remain
hamburg_hamburg_000000_095561_leftImg8bit.png,hamburg_000000_095561_leftImg8bit.png,0.92,2.2,0.41841500361759093,76.13233661651611,0.5347180366516113,-80.87517833709717,0.025016539861054822,0.0,0.6568190982285431,0.557012677192688,Structure_degraded; Details_lost; Undersaturated; Shadows_remain
hamburg_hamburg_000000_096063_leftImg8bit.png,hamburg_000000_096063_leftImg8bit.png,0.9625,1.25,0.44218791861720774,71.48014259338379,0.5857419967651367,-73.86301803588867,0.022070864969472206,0.0,0.6600756459279606,0.5133881568908691,Structure_degraded; Details_lost; Undersaturated; Shadows_remain
hamburg_hamburg_000000_096624_leftImg8bit.png,hamburg_000000_096624_leftImg8bit.png,1.0,2.0,0.4206758946877736,69.51679515838623,-0.08818960189819336,-80.20562219619751,0.017846266293082075,0.0,0.6544761104773829,0.49406296014785767,Structure_degraded; Details_lost; Wrong_color_temp; Undersaturated; Shadows_remain
hamburg_hamburg_000000_097086_leftImg8bit.png,hamburg_000000_097086_leftImg8bit.png,0.825,1.75,0.4241843970632842,63.184053897857666,-1.447707176208496,-77.5416898727417,0.012768388158995742,0.0,0.5870506935509778,0.4745889902114868,Structure_degraded; Details_lost; Wrong_color_temp; Undersaturated; Overexposed; Shadows_remain
hamburg_hamburg_000000_097447_leftImg8bit.png,hamburg_000000_097447_leftImg8bit.png,1.0,1.75,0.41103402398781136,65.14454126358032,-0.4423985481262207,-88.79063653945923,0.05923826137515682,0.0,0.5338780507823346,0.5433038473129272,Structure_degraded; Details_lost; Wrong_color_temp; Undersaturated; Overexposed; Shadows_remain
hamburg_hamburg_000000_098061_leftImg8bit.png,hamburg_000000_098061_leftImg8bit.png,0.8545454545454546,1.3636363636363635,0.39643984523541914,65.206289768219,-1.737837314605713,-77.43076801300049,0.04437378654434723,0.0,0.7420508131660905,0.47726526856422424,Structure_degraded; Details_lost; Wrong_color_temp; Undersaturated; Shadows_remain
hamburg_hamburg_000000_098400_leftImg8bit.png,hamburg_000000_098400_leftImg8bit.png,1.0,1.8571428571428572,0.36909692742335903,70.0850887298584,-4.096184253692627,-82.59446382522583,0.04374057315232286,0.0,0.7436693576566611,0.5055462718009949,Structure_degraded; Details_lost; Wrong_color_temp; Undersaturated; Shadows_remain
hamburg_hamburg_000000_098616_leftImg8bit.png,hamburg_000000_098616_leftImg8bit.png,1.0,1.5,0.3735909228132972,68.63067483901978,-0.47956371307373047,-87.94889688491821,0.0367590855395478,0.0,0.7258064803951406,0.6409846544265747,Structure_degraded; Details_lost; Wrong_color_temp; Undersaturated; Shadows_remain
hamburg_hamburg_000000_098862_leftImg8bit.png,hamburg_000000_098862_leftImg8bit.png,0.9538461538461539,1.3076923076923077,0.4614670981616142,65.07446670532227,-0.01665973663330078,-76.01123237609863,0.036015627564911515,0.0,0.5031111858274976,0.48805463314056396,Structure_degraded; Details_lost; Wrong_color_temp; Undersaturated; Overexposed; Shadows_remain
hamburg_hamburg_000000_099109_leftImg8bit.png,hamburg_000000_099109_leftImg8bit.png,0.8833333333333334,1.5,0.46382160097371844,61.542771339416504,-0.25823307037353516,-71.50845623016357,0.03381285583900482,0.0,0.5406030273404518,0.5140001773834229,Structure_degraded; Details_lost; Wrong_color_temp; Undersaturated; Overexposed; Shadows_remain
hamburg_hamburg_000000_099368_leftImg8bit.png,hamburg_000000_099368_leftImg8bit.png,0.8,0.8,0.4585573174568642,62.75694465637207,0.16174650192260742,-71.02750825881958,0.02288146523925632,0.0,0.48958156785260754,0.4631732106208801,Structure_degraded; Details_lost; Undersaturated; Overexposed; Shadows_remain
hamburg_hamburg_000000_099902_leftImg8bit.png,hamburg_000000_099902_leftImg8bit.png,1.0,1.75,0.45199159509222375,69.35426473617554,0.7432656288146973,-80.67853355407715,0.03470403835514117,0.0,0.4611610178906813,0.4469328224658966,Structure_degraded; Details_lost; Undersaturated; Overexposed; Shadows_remain
hamburg_hamburg_000000_100300_leftImg8bit.png,hamburg_000000_100300_leftImg8bit.png,0.8727272727272727,1.0909090909090908,0.4769063233771979,66.29625511169434,0.013988018035888672,-68.98930740356445,0.014235297606686369,0.0,0.4114482086586766,0.48582723736763,Structure_degraded; Details_lost; Undersaturated; Overexposed; Shadows_remain
hamburg_hamburg_000000_101724_leftImg8bit.png,hamburg_000000_101724_leftImg8bit.png,1.0,1.1666666666666667,0.44279728750822445,72.11569118499756,0.23807811737060547,-86.95349359512329,0.026395476592430692,0.0,0.6654782199645556,0.4887268841266632,Structure_degraded; Details_lost; Undersaturated; Shadows_remain
hamburg_hamburg_000000_102379_leftImg8bit.png,hamburg_000000_102379_leftImg8bit.png,0.8928571428571428,1.3571428571428572,0.4164314941176572,70.55679655075073,1.1806130409240723,-86.58563280105591,0.029432640893375557,0.0,0.6381695794756985,0.5012950301170349,Structure_degraded; Details_lost; Undersaturated; Shadows_remain
hamburg_hamburg_000000_102574_leftImg8bit.png,hamburg_000000_102574_leftImg8bit.png,0.8111111111111111,1.3333333333333333,0.4409255685229647,75.24852752685547,1.683074951171875,-74.79824686050415,0.020826132042853083,0.0,0.6490110061958252,0.47599053382873535,Structure_degraded; Details_lost; Undersaturated; Shadows_remain
hamburg_hamburg_000000_103075_leftImg8bit.png,hamburg_000000_103075_leftImg8bit.png,0.7428571428571429,1.2857142857142858,0.4196236407419471,60.73473834991455,-0.46926069259643555,-75.13765382766724,0.05062630480164372,0.0,0.5663653910583284,0.525610625743866,Structure_degraded; Details_lost; Wrong_color_temp; Undersaturated; Overexposed; Shadows_remain
hamburg_hamburg_000000_103186_leftImg8bit.png,hamburg_000000_103186_leftImg8bit.png,0.8181818181818182,0.9090909090909091,0.39262103208587473,63.61446809768677,-0.9336442947387695,-88.06981134414673,0.03707076659343383,0.0,0.577167290033689,0.5034696459770203,Structure_degraded; Details_lost; Wrong_color_temp; Undersaturated; Overexposed; Shadows_remain
hamburg_hamburg_000000_103367_leftImg8bit.png,hamburg_000000_103367_leftImg8bit.png,0.8461538461538461,1.0,0.4313124298059888,61.88945436477661,-0.14581537246704102,-77.63198661804199,0.04070407040702123,0.0,0.6885178477896754,0.546531081199646,Structure_degraded; Details_lost; Wrong_color_temp; Undersaturated; Shadows_remain
hamburg_hamburg_000000_103541_leftImg8bit.png,hamburg_000000_103541_leftImg8bit.png,1.0,1.6666666666666667,0.42740875554519403,59.40265417098999,-0.5682215690612793,-80.7856822013855,0.02012779552714583,0.0,0.6094097509510661,0.48427456617355347,Structure_degraded; Details_lost; Wrong_color_temp; Undersaturated; Shadows_remain
hamburg_hamburg_000000_103856_leftImg8bit.png,hamburg_000000_103856_leftImg8bit.png,1.0,1.7142857142857142,0.42398793526219514,67.20580720901489,-1.1381020545959473,-85.38218212127686,0.04647950842774495,0.0,0.5090594575008595,0.5203344821929932,Structure_degraded; Details_lost; Wrong_color_temp; Undersaturated; Overexposed; Shadows_remain
hamburg_hamburg_000000_104428_leftImg8bit.png,hamburg_000000_104428_leftImg8bit.png,1.0,1.4545454545454546,0.43713813081852443,63.499704360961914,-1.3510112762451172,-83.1267499923706,0.0627063930837213,0.0,0.4912799334474661,0.5548152923583984,Structure_degraded; Details_lost; Wrong_color_temp; Undersaturated; Overexposed; Shadows_remain
hamburg_hamburg_000000_104857_leftImg8bit.png,hamburg_000000_104857_leftImg8bit.png,1.0,1.1,0.4463544748238585,65.4710168838501,-0.1547226905822754,-82.39514350891113,0.06694636993795441,0.0,0.5043255811779617,0.5304219126701355,Structure_degraded; Details_lost; Wrong_color_temp; Undersaturated; Overexposed; Shadows_remain
hamburg_hamburg_000000_105123_leftImg8bit.png,hamburg_000000_105123_leftImg8bit.png,0.9545454545454545,1.4545454545454546,0.4010166192879675,66.57417821884155,-0.36116456985473633,-91.67679929733276,0.030824829931961867,0.0,0.585577870307677,0.5973321199417114,Structure_degraded; Details_lost; Wrong_color_temp; Undersaturated; Overexposed; Shadows_remain
hamburg_hamburg_000000_105296_leftImg8bit.png,hamburg_000000_105296_leftImg8bit.png,1.0,2.6666666666666665,0.4150996850492153,71.9984245300293,0.058953285217285156,-86.47860717773438,0.05090548698078615,0.0,0.5879914722954851,0.553772509098053,Structure_degraded; Details_lost; Undersaturated; Overexposed; Shadows_remain
hamburg_hamburg_000000_105464_leftImg8bit.png,hamburg_000000_105464_leftImg8bit.png,1.0,1.5833333333333333,0.40456912958181496,64.42896604537964,-0.15476083755493164,-88.95747709274292,0.03677804824074495,0.0,0.5755965682494166,0.5388262867927551,Structure_degraded; Details_lost; Wrong_color_temp; Undersaturated; Overexposed; Shadows_remain
hamburg_hamburg_000000_105724_leftImg8bit.png,hamburg_000000_105724_leftImg8bit.png,0.8615384615384616,1.1538461538461537,0.4086966444771427,67.23994588851929,0.4012012481689453,-89.62266969680786,0.0581449727201644,0.0,0.524794008585098,0.5475097298622131,Structure_degraded; Details_lost; Undersaturated; Overexposed; Shadows_remain
hamburg_hamburg_000000_106102_leftImg8bit.png,hamburg_000000_106102_leftImg8bit.png,0.9166666666666666,1.0,0.43907382964664626,63.5759334564209,-0.23012828826904297,-89.0669674873352,0.053034247947104735,0.0,0.4536050099375948,0.5286373496055603,Structure_degraded; Details_lost; Wrong_color_temp; Undersaturated; Overexposed; Shadows_remain
hanover_hanover_000000_000164_leftImg8bit.png,hanover_000000_000164_leftImg8bit.png,1.0,1.0,0.3825153163110612,63.007615089416504,-5.251348495483398,-82.42810821533203,0.02550881953866163,0.0,0.5259159603855323,0.5100528597831726,Structure_degraded; Details_lost; Wrong_color_temp; Undersaturated; Overexposed; Shadows_remain
hanover_hanover_000000_000381_leftImg8bit.png,hanover_000000_000381_leftImg8bit.png,0.9400000000000001,1.0666666666666667,0.4524516316539076,61.451130390167236,-0.8786773681640625,-89.15797233581543,0.059821944733481375,0.0,0.6113006370548081,0.4787568747997284,Structure_degraded; Details_lost; Wrong_color_temp; Undersaturated; Shadows_remain
hanover_hanover_000000_000712_leftImg8bit.png,hanover_000000_000712_leftImg8bit.png,1.0,1.1111111111111112,0.4535689652800402,66.94437265396118,0.2781338691711426,-87.97133922576904,0.04461274480798633,0.0,0.676705348454385,0.5344787836074829,Structure_degraded; Details_lost; Undersaturated; Shadows_remain
hanover_hanover_000000_001173_leftImg8bit.png,hanover_000000_001173_leftImg8bit.png,1.0,1.2307692307692308,0.43662568521345313,66.63374996185303,-1.2665104866027832,-85.49572849273682,0.04527032615586963,0.0,0.6689360551476747,0.49069008231163025,Structure_degraded; Details_lost; Wrong_color_temp; Undersaturated; Shadows_remain
hanover_hanover_000000_001620_leftImg8bit.png,hanover_000000_001620_leftImg8bit.png,0.8,1.0,0.3943338980437351,70.60172414779663,-1.1756181716918945,-85.93444490432739,0.02821965033242349,0.0,0.6545446329485207,0.509381890296936,Structure_degraded; Details_lost; Wrong_color_temp; Undersaturated; Shadows_remain
hanover_hanover_000000_002140_leftImg8bit.png,hanover_000000_002140_leftImg8bit.png,0.7,3.0,0.39742383727881253,69.3985161781311,-1.233466625213623,-79.6098837852478,0.034808682615206574,0.0,0.6501294627424576,0.48303699493408203,Structure_degraded; Details_lost; Wrong_color_temp; Undersaturated; Shadows_remain
hanover_hanover_000000_002357_leftImg8bit.png,hanover_000000_002357_leftImg8bit.png,1.0,1.0,0.41878038776265375,65.17834806442261,-2.6257925033569336,-85.96239995956421,0.042462478744105664,0.0,0.5578647151230195,0.48575931787490845,Structure_degraded; Details_lost; Wrong_color_temp; Undersaturated; Overexposed; Shadows_remain
hanover_hanover_000000_002458_leftImg8bit.png,hanover_000000_002458_leftImg8bit.png,0.8666666666666667,4.0,0.3764161024384018,61.004138469696045,-3.121870994567871,-89.94848728179932,0.03642581414025327,0.0,0.7381469515556788,0.496482789516449,Structure_degraded; Details_lost; Wrong_color_temp; Undersaturated; Shadows_remain
hanover_hanover_000000_003224_leftImg8bit.png,hanover_000000_003224_leftImg8bit.png,0.8200000000000001,1.2,0.40156721656361527,73.38643836975098,-1.57151460647583,-77.80454158782959,0.023950700396151332,0.0,0.6925341911061045,0.4790384769439697,Structure_degraded; Details_lost; Wrong_color_temp; Undersaturated; Shadows_remain
hanover_hanover_000000_003411_leftImg8bit.png,hanover_000000_003411_leftImg8bit.png,1.0,1.4,0.4303877364173556,64.60170316696167,0.6019086837768555,-80.33102035522461,0.040856488280549594,0.0,0.6899703151933723,0.5008294582366943,Structure_degraded; Details_lost; Undersaturated; Shadows_remain
hanover_hanover_000000_003853_leftImg8bit.png,hanover_000000_003853_leftImg8bit.png,1.0,3.5,0.42487449000559624,69.58461713790894,-0.2724485397338867,-79.85837697982788,0.03795276060794949,0.0,0.6616332459980505,0.508290708065033,Structure_degraded; Details_lost; Wrong_color_temp; Undersaturated; Shadows_remain
hanover_hanover_000000_004230_leftImg8bit.png,hanover_000000_004230_leftImg8bit.png,0.93,1.3,0.41793339308837074,64.70207500457764,-0.6701011657714844,-86.73324394226074,0.04185233947740484,0.0,0.7374041540815379,0.5183055996894836,Structure_degraded; Details_lost; Wrong_color_temp; Undersaturated; Shadows_remain
hanover_hanover_000000_004646_leftImg8bit.png,hanover_000000_004646_leftImg8bit.png,1.0,1.625,0.42116536596769966,63.025062084198,-0.10779714584350586,-80.08606481552124,0.04500842093035455,0.0,0.7048457095039624,0.48665833473205566,Structure_degraded; Details_lost; Wrong_color_temp; Undersaturated; Shadows_remain
hanover_hanover_000000_004752_leftImg8bit.png,hanover_000000_004752_leftImg8bit.png,1.0,1.25,0.38516990694877734,66.76391220092773,-1.1735215187072754,-83.43823480606079,0.0404793405251271,0.0,0.6408388949213935,0.5145658254623413,Structure_degraded; Details_lost; Wrong_color_temp; Undersaturated; Shadows_remain
hanover_hanover_000000_005175_leftImg8bit.png,hanover_000000_005175_leftImg8bit.png,1.0,3.3333333333333335,0.3821816994038703,69.69392108917236,-3.5192980766296387,-90.43204402923584,0.05525140651410167,0.0,0.6875850793477506,0.5029022097587585,Structure_degraded; Details_lost; Wrong_color_temp; Undersaturated; Shadows_remain
hanover_hanover_000000_005288_leftImg8bit.png,hanover_000000_005288_leftImg8bit.png,0.85,2.0,0.38038276594912596,69.08229064941406,-3.486513614654541,-89.81068420410156,0.06283055827618442,0.0,0.6544230236795836,0.4702867269515991,Structure_degraded; Details_lost; Wrong_color_temp; Undersaturated; Shadows_remain
hanover_hanover_000000_005599_leftImg8bit.png,hanover_000000_005599_leftImg8bit.png,1.0,1.8,0.41685982595363347,65.98219442367554,-1.7040929794311523,-77.84577941894531,0.045275133503588284,0.0,0.6160490055148019,0.48409804701805115,Structure_degraded; Details_lost; Wrong_color_temp; Undersaturated; Shadows_remain
hanover_hanover_000000_005732_leftImg8bit.png,hanover_000000_005732_leftImg8bit.png,1.0,1.5,0.39418329929651386,69.82096719741821,-2.0111236572265625,-84.51457405090332,0.0366981561800573,0.0,0.710625666843143,0.4476039409637451,Structure_degraded; Details_lost; Wrong_color_temp; Undersaturated; Shadows_remain
hanover_hanover_000000_005970_leftImg8bit.png,hanover_000000_005970_leftImg8bit.png,0.96,1.6,0.40471820055387125,65.0021448135376,-2.0031867027282715,-85.08712482452393,0.05672461116192436,0.0,0.6443957087795678,0.46305739879608154,Structure_degraded; Details_lost; Wrong_color_temp; Undersaturated; Shadows_remain
hanover_hanover_000000_006355_leftImg8bit.png,hanover_000000_006355_leftImg8bit.png,0.8999999999999999,1.1111111111111112,0.39039010306777255,68.07577991485596,-1.6565465927124023,-89.82666397094727,0.03627614749805872,0.0,0.6150333890147733,0.5230391621589661,Structure_degraded; Details_lost; Wrong_color_temp; Undersaturated; Shadows_remain
hanover_hanover_000000_006922_leftImg8bit.png,hanover_000000_006922_leftImg8bit.png,0.1,2.0,0.3823278353201864,68.7559003829956,-2.2871780395507812,-90.98740911483765,0.05609573672399344,0.0,0.6210684772124327,0.4515778422355652,Lost_objects; Structure_degraded; Details_lost; Wrong_color_temp; Undersaturated; Shadows_remain
hanover_hanover_000000_007342_leftImg8bit.png,hanover_000000_007342_leftImg8bit.png,0.7142857142857143,1.0,0.428989795096776,68.09637069702148,-0.6018013954162598,-94.22737216949463,0.07600301566923895,0.0,0.5740140453119242,0.41092002391815186,Structure_degraded; Details_lost; Wrong_color_temp; Undersaturated; Overexposed; Shadows_remain
hanover_hanover_000000_007780_leftImg8bit.png,hanover_000000_007780_leftImg8bit.png,0.75,0.75,0.40870315751851116,70.86097574234009,-1.3337745666503906,-99.8757758140564,0.04074404382722876,0.0,0.6484115099787944,0.46932995319366455,Structure_degraded; Details_lost; Wrong_color_temp; Undersaturated; Shadows_remain
hanover_hanover_000000_007897_leftImg8bit.png,hanover_000000_007897_leftImg8bit.png,0.8500000000000001,1.1666666666666667,0.4494042538767309,66.77085161209106,-2.3657517433166504,-89.00811958312988,0.04114201248219612,0.0,0.7275046167267017,0.4278189241886139,Structure_degraded; Details_lost; Wrong_color_temp; Undersaturated; Shadows_remain
hanover_hanover_000000_008017_leftImg8bit.png,hanover_000000_008017_leftImg8bit.png,0.8181818181818182,1.0,0.4900567964691164,61.73795175552368,-0.2368626594543457,-89.76546812057495,0.0507746830841813,0.0,0.5597291960944879,0.4161112606525421,Structure_degraded; Details_lost; Wrong_color_temp; Undersaturated; Overexposed; Shadows_remain
hanover_hanover_000000_008200_leftImg8bit.png,hanover_000000_008200_leftImg8bit.png,1.0,1.6666666666666667,0.4360682839119224,65.45413446426392,-1.3949546813964844,-90.61111879348755,0.03774900398405623,0.0,0.6794368145433631,0.44364482164382935,Structure_degraded; Details_lost; Wrong_color_temp; Undersaturated; Shadows_remain
hanover_hanover_000000_009004_leftImg8bit.png,hanover_000000_009004_leftImg8bit.png,0.9125,1.375,0.42808789223591215,71.71152114868164,-0.590202808380127,-84.33741235733032,0.04490074571997561,0.0,0.7497497146555998,0.4965164065361023,Structure_degraded; Details_lost; Wrong_color_temp; Undersaturated; Shadows_remain
hanover_hanover_000000_009128_leftImg8bit.png,hanover_000000_009128_leftImg8bit.png,0.82,2.2,0.41720717479651664,66.0297622680664,-1.549260139465332,-91.64786577224731,0.04720704310866813,0.0,0.7015173931033122,0.4706036448478699,Structure_degraded; Details_lost; Wrong_color_temp; Undersaturated; Shadows_remain
hanover_hanover_000000_009420_leftImg8bit.png,hanover_000000_009420_leftImg8bit.png,0.7833333333333333,2.1666666666666665,0.41721078258346883,65.71323490142822,-2.901333808898926,-100.11429023742676,0.04463500962062745,0.0,0.7626253685843867,0.45480209589004517,Structure_degraded; Details_lost; Wrong_color_temp; Undersaturated; Shadows_remain
hanover_hanover_000000_010403_leftImg8bit.png,hanover_000000_010403_leftImg8bit.png,1.0,1.4,0.397705096565315,67.46306037902832,-1.5380969047546387,-97.97522115707397,0.05946097435656975,0.0,0.7092113848597414,0.4548347592353821,Structure_degraded; Details_lost; Wrong_color_temp; Undersaturated; Shadows_remain
hanover_hanover_000000_010553_leftImg8bit.png,hanover_000000_010553_leftImg8bit.png,0.75,1.0,0.3863157205290293,66.47748756408691,-2.2125697135925293,-109.38008403778076,0.06227720696160106,0.0,0.7723351143258721,0.4255131483078003,Structure_degraded; Details_lost; Wrong_color_temp; Undersaturated; Shadows_remain
hanover_hanover_000000_011170_leftImg8bit.png,hanover_000000_011170_leftImg8bit.png,0.8600000000000001,1.6,0.4164028319021458,70.07828855514526,-0.4823946952819824,-89.43050289154053,0.03136330036255012,0.0,0.6611551536000659,0.4659808278083801,Structure_degraded; Details_lost; Wrong_color_temp; Undersaturated; Shadows_remain
hanover_hanover_000000_011471_leftImg8bit.png,hanover_000000_011471_leftImg8bit.png,1.0,1.2,0.3848458700403335,65.78801918029785,-0.34471940994262695,-86.34125566482544,0.026723615480065015,0.0,0.7582328694500842,0.4338393807411194,Structure_degraded; Details_lost; Wrong_color_temp; Undersaturated; Shadows_remain
hanover_hanover_000000_011971_leftImg8bit.png,hanover_000000_011971_leftImg8bit.png,0.8400000000000001,1.4,0.45918964203502766,66.26835536956787,1.2936983108520508,-68.70116376876831,0.055160381156867014,0.0,0.5438401307617762,0.541287362575531,Structure_degraded; Details_lost; Undersaturated; Overexposed; Shadows_remain
hanover_hanover_000000_012347_leftImg8bit.png,hanover_000000_012347_leftImg8bit.png,1.0,1.4444444444444444,0.44635549801954455,71.23063230514526,-0.04697847366333008,-77.58894443511963,0.045119665198986386,0.0,0.5855189485240906,0.5554654002189636,Structure_degraded; Details_lost; Wrong_color_temp; Undersaturated; Overexposed; Shadows_remain
hanover_hanover_000000_012675_leftImg8bit.png,hanover_000000_012675_leftImg8bit.png,0.6777777777777777,1.1111111111111112,0.4270972121354309,62.50240182876587,0.7940592765808105,-72.4643702507019,0.027311952315276316,0.0,0.5010053290473238,0.5588626861572266,Structure_degraded; Details_lost; Undersaturated; Overexposed; Shadows_remain
hanover_hanover_000000_013094_leftImg8bit.png,hanover_000000_013094_leftImg8bit.png,1.0,1.8,0.418680607841971,67.26473140716553,-1.537036418914795,-84.67319345474243,0.037187039764348825,0.0,0.5674655482894081,0.5240533947944641,Structure_degraded; Details_lost; Wrong_color_temp; Undersaturated; Overexposed; Shadows_remain
hanover_hanover_000000_013205_leftImg8bit.png,hanover_000000_013205_leftImg8bit.png,0.8666666666666667,1.3333333333333333,0.40939469075402146,70.9817156791687,-1.4952754974365234,-86.24009132385254,0.033659143415662465,0.0,0.5332437459613276,0.49269285798072815,Structure_degraded; Details_lost; Wrong_color_temp; Undersaturated; Overexposed; Shadows_remain
hanover_hanover_000000_013814_leftImg8bit.png,hanover_000000_013814_leftImg8bit.png,0.7875,1.375,0.3745369591677027,66.41602754592896,-0.1128549575805664,-86.5746374130249,0.02867815027473338,0.0,0.6775936330892843,0.47955000400543213,Structure_degraded; Details_lost; Wrong_color_temp; Undersaturated; Shadows_remain
hanover_hanover_000000_014319_leftImg8bit.png,hanover_000000_014319_leftImg8bit.png,1.0,2.3333333333333335,0.39308363876525226,67.92306566238403,0.0023832321166992188,-76.27699279785156,0.021818392268058442,0.0,0.7875957828853072,0.5559829473495483,Structure_degraded; Details_lost; Undersaturated; Shadows_remain
hanover_hanover_000000_014537_leftImg8bit.png,hanover_000000_014537_leftImg8bit.png,1.0,2.0,0.4513369194617695,61.15110158920288,-0.0970301628112793,-88.87367343902588,0.05942989376245954,0.0,0.4843491764833461,0.5148741602897644,Structure_degraded; Details_lost; Wrong_color_temp; Undersaturated; Overexposed; Shadows_remain
hanover_hanover_000000_014713_leftImg8bit.png,hanover_000000_014713_leftImg8bit.png,1.0,1.0,0.44010374085156195,57.06367349624634,-0.4606189727783203,-88.72237825393677,0.05308254963425158,0.0,0.5321786989293718,0.47318509221076965,Structure_degraded; Details_lost; Wrong_color_temp; Undersaturated; Overexposed; Shadows_remain
hanover_hanover_000000_014919_leftImg8bit.png,hanover_000000_014919_leftImg8bit.png,1.0,2.0,0.45093645316854636,61.64614200592041,-0.5353913307189941,-89.70746088027954,0.035673326492403165,0.0,0.4650334973222283,0.5115156173706055,Structure_degraded; Details_lost; Wrong_color_temp; Undersaturated; Overexposed; Shadows_remain
hanover_hanover_000000_015587_leftImg8bit.png,hanover_000000_015587_leftImg8bit.png,0.6,1.0,0.45573582115566574,71.22198963165283,0.7386078834533691,-78.29163980484009,0.044555823039565665,0.0,0.43341342107764125,0.5073493719100952,Structure_degraded; Details_lost; Undersaturated; Overexposed; Shadows_remain
hanover_hanover_000000_015849_leftImg8bit.png,hanover_000000_015849_leftImg8bit.png,1.0,1.2,0.4491208683078954,71.25218915939331,0.9643378257751465,-76.39021682739258,0.04376280822367702,0.0,0.4413500898210958,0.5342527627944946,Structure_degraded; Details_lost; Undersaturated; Overexposed; Shadows_remain
hanover_hanover_000000_016038_leftImg8bit.png,hanover_000000_016038_leftImg8bit.png,0.95,3.0,0.39978490598417354,67.50442457199097,-0.026426315307617188,-76.42198371887207,0.017643901784504465,0.0,0.5526439179413278,0.5155932307243347,Structure_degraded; Details_lost; Wrong_color_temp; Undersaturated; Overexposed; Shadows_remain
hanover_hanover_000000_016558_leftImg8bit.png,hanover_000000_016558_leftImg8bit.png,0.8833333333333334,1.5,0.42520669642081454,63.233532428741455,-4.232275485992432,-62.85923719406128,0.030560913801569438,0.0,0.4928659478736743,0.4815308451652527,Structure_degraded; Details_lost; Wrong_color_temp; Undersaturated; Overexposed; Shadows_remain
hanover_hanover_000000_017041_leftImg8bit.png,hanover_000000_017041_leftImg8bit.png,1.0,1.125,0.4624797733645913,68.11934804916382,-0.7410259246826172,-79.38391494750977,0.05445521805062855,0.0,0.4158892672345351,0.4331207871437073,Structure_degraded; Details_lost; Wrong_color_temp; Undersaturated; Overexposed; Shadows_remain
hanover_hanover_000000_018213_leftImg8bit.png,hanover_000000_018213_leftImg8bit.png,1.0,1.8333333333333333,0.4183822389225039,71.34915494918823,0.33844614028930664,-75.34629678726196,0.041215074077736294,0.0,0.67707583438748,0.5239297747612,Structure_degraded; Details_lost; Undersaturated; Shadows_remain
hanover_hanover_000000_018546_leftImg8bit.png,hanover_000000_018546_leftImg8bit.png,0.9,1.25,0.47161618444742454,65.54481840133667,0.5230188369750977,-76.01839208602905,0.046274377184056886,0.0,0.3222079939302691,0.5150551795959473,Structure_degraded; Details_lost; Undersaturated; Overexposed; Shadows_remain
hanover_hanover_000000_018800_leftImg8bit.png,hanover_000000_018800_leftImg8bit.png,1.0,2.2,0.41794170696159044,69.29809999465942,-1.2233338356018066,-75.6300048828125,0.05476485148512733,0.0,0.5611285983973209,0.5268062949180603,Structure_degraded; Details_lost; Wrong_color_temp; Undersaturated; Overexposed; Shadows_remain
hanover_hanover_000000_019116_leftImg8bit.png,hanover_000000_019116_leftImg8bit.png,1.0,0.0,0.35550793351201665,72.99434852600098,-3.707343101501465,-64.21620559692383,0.015051705737307235,0.0,0.8297006280631251,0.6451172828674316,Structure_degraded; Details_lost; Wrong_color_temp; Undersaturated; Shadows_remain
hanover_hanover_000000_019282_leftImg8bit.png,hanover_000000_019282_leftImg8bit.png,1.0,1.1,0.43963833459409,59.23082494735718,-1.3048367500305176,-92.14795637130737,0.06765523632990526,0.0,0.4848614427719271,0.5426998138427734,Structure_degraded; Details_lost; Wrong_color_temp; Undersaturated; Overexposed; Shadows_remain
hanover_hanover_000000_019456_leftImg8bit.png,hanover_000000_019456_leftImg8bit.png,1.0,1.3846153846153846,0.43459745286811596,66.54170942306519,0.02623605728149414,-73.65073537826538,0.04996201919755198,0.0,0.5200141674954206,0.5087136030197144,Structure_degraded; Details_lost; Undersaturated; Overexposed; Shadows_remain
hanover_hanover_000000_019672_leftImg8bit.png,hanover_000000_019672_leftImg8bit.png,1.0,1.2307692307692308,0.4178766052325557,63.80739498138428,-1.1463589668273926,-75.67017221450806,0.047504990019945494,0.0,0.5583527490080414,0.5068479180335999,Structure_degraded; Details_lost; Wrong_color_temp; Undersaturated; Overexposed; Shadows_remain
hanover_hanover_000000_019938_leftImg8bit.png,hanover_000000_019938_leftImg8bit.png,1.0,1.0,0.42614967215621585,62.824584007263184,-0.04096174240112305,-70.1321907043457,0.04459194448633442,0.0,0.5667738996514666,0.49916619062423706,Structure_degraded; Details_lost; Wrong_color_temp; Undersaturated; Overexposed; Shadows_remain
hanover_hanover_000000_020089_leftImg8bit.png,hanover_000000_020089_leftImg8bit.png,0.9400000000000001,1.4,0.42238406121717903,68.55889892578125,0.20846080780029297,-82.0629653930664,0.042463352453775305,0.0,0.4756927453241151,0.5438514947891235,Structure_degraded; Details_lost; Undersaturated; Overexposed; Shadows_remain
hanover_hanover_000000_020655_leftImg8bit.png,hanover_000000_020655_leftImg8bit.png,0.7142857142857143,1.0,0.37486200676955317,72.01844692230225,-1.9731006622314453,-66.79278612136841,0.015458982322580049,0.0,0.6055940707283465,0.570929229259491,Structure_degraded; Details_lost; Wrong_color_temp; Undersaturated; Shadows_remain
hanover_hanover_000000_021337_leftImg8bit.png,hanover_000000_021337_leftImg8bit.png,0.8,1.5,0.3819277357071295,68.59440851211548,-2.656022548675537,-80.06953954696655,0.040251993086892875,0.0,0.5788040594114466,0.5306047797203064,Structure_degraded; Details_lost; Wrong_color_temp; Undersaturated; Overexposed; Shadows_remain
hanover_hanover_000000_022645_leftImg8bit.png,hanover_000000_022645_leftImg8bit.png,0.9333333333333333,0.8,0.43488117781218305,67.46546649932861,0.146759033203125,-79.11665868759155,0.0549652266087399,0.0,0.5251392625494304,0.4756162166595459,Structure_degraded; Details_lost; Undersaturated; Overexposed; Shadows_remain
hanover_hanover_000000_023239_leftImg8bit.png,hanover_000000_023239_leftImg8bit.png,0.8181818181818182,0.8181818181818182,0.3949053667903463,67.40628051757812,-0.9167981147766113,-89.83093595504761,0.02036161565894486,0.0,0.5927357812655174,0.4754002094268799,Structure_degraded; Details_lost; Wrong_color_temp; Undersaturated; Overexposed; Shadows_remain
hanover_hanover_000000_023276_leftImg8bit.png,hanover_000000_023276_leftImg8bit.png,0.7142857142857143,0.7142857142857143,0.3474579890536606,69.60265350341797,-0.722602367401123,-80.33862733840942,0.017258959930504452,0.0,0.6533842736424971,0.5247759819030762,Structure_degraded; Details_lost; Wrong_color_temp; Undersaturated; Shadows_remain
hanover_hanover_000000_023614_leftImg8bit.png,hanover_000000_023614_leftImg8bit.png,1.0,2.2,0.40760568295081323,67.80798435211182,-1.5474348068237305,-76.30125856399536,0.05160395017102833,0.0,0.544459461179166,0.5209150910377502,Structure_degraded; Details_lost; Wrong_color_temp; Undersaturated; Overexposed; Shadows_remain
hanover_hanover_000000_023881_leftImg8bit.png,hanover_000000_023881_leftImg8bit.png,1.0,1.7142857142857142,0.38675605203134955,70.3272066116333,-0.8285369873046875,-71.08560705184937,0.017184779195564735,0.0,0.6919899894631906,0.5026626586914062,Structure_degraded; Details_lost; Wrong_color_temp; Undersaturated; Shadows_remain
hanover_hanover_000000_023975_leftImg8bit.png,hanover_000000_023975_leftImg8bit.png,1.0,1.25,0.45862771050017676,66.24847984313965,1.2122645378112793,-66.3749589920044,0.047393503493831715,0.0,0.4876593732431358,0.5295118093490601,Structure_degraded; Details_lost; Undersaturated; Overexposed; Shadows_remain
hanover_hanover_000000_024136_leftImg8bit.png,hanover_000000_024136_leftImg8bit.png,0.9249999999999999,1.0833333333333333,0.4381944484303949,67.43539905548096,0.6747193336486816,-74.18543529510498,0.03466271503123682,0.0,0.4998968625412903,0.5457850098609924,Structure_degraded; Details_lost; Undersaturated; Overexposed; Shadows_remain
hanover_hanover_000000_024276_leftImg8bit.png,hanover_000000_024276_leftImg8bit.png,0.7,1.0,0.418727274320946,72.50127458572388,0.7104969024658203,-73.11828899383545,0.04798887214556161,0.0,0.42150043478366883,0.5726089477539062,Structure_degraded; Details_lost; Undersaturated; Overexposed; Shadows_remain
hanover_hanover_000000_024441_leftImg8bit.png,hanover_000000_024441_leftImg8bit.png,0.9285714285714286,0.9285714285714286,0.41476228382496266,68.85889720916748,-0.07975959777832031,-71.10403776168823,0.026049082837747695,0.0,0.6758665260455994,0.5191020965576172,Structure_degraded; Details_lost; Wrong_color_temp; Undersaturated; Shadows_remain
hanover_hanover_000000_024719_leftImg8bit.png,hanover_000000_024719_leftImg8bit.png,0.75,1.0,0.3748414026208865,61.56402015686035,-1.6813840866088867,-68.5745210647583,0.03312895819139779,0.0,0.7898188309424934,0.47646015882492065,Structure_degraded; Details_lost; Wrong_color_temp; Undersaturated; Shadows_remain
hanover_hanover_000000_024989_leftImg8bit.png,hanover_000000_024989_leftImg8bit.png,0.8999999999999999,1.1111111111111112,0.446640425725223,64.39517736434937,1.7229790687561035,-54.497037410736084,0.04721585815319076,0.0,0.5412701804128026,0.4767340421676636,Structure_degraded; Details_lost; Undersaturated; Overexposed; Shadows_remain
hanover_hanover_000000_025335_leftImg8bit.png,hanover_000000_025335_leftImg8bit.png,0.8333333333333334,1.0,0.45899065095905744,63.41395330429077,1.1871919631958008,-57.6469407081604,0.051252004440591074,0.0,0.4606643734470549,0.47426384687423706,Structure_degraded; Details_lost; Undersaturated; Overexposed; Shadows_remain
hanover_hanover_000000_025437_leftImg8bit.png,hanover_000000_025437_leftImg8bit.png,0.95,1.3333333333333333,0.42999230319750065,64.8047080039978,1.2643756866455078,-58.96143436431885,0.03593485192312185,0.0,0.4786319968713698,0.49410852789878845,Structure_degraded; Details_lost; Undersaturated; Overexposed; Shadows_remain
hanover_hanover_000000_026014_leftImg8bit.png,hanover_000000_026014_leftImg8bit.png,1.0,1.5,0.4682816340992262,59.11711072921753,1.4144911766052246,-65.83235263824463,0.08788169771458118,0.0,0.45587948006193013,0.503823459148407,Structure_degraded; Details_lost; Undersaturated; Overexposed; Shadows_remain
hanover_hanover_000000_026183_leftImg8bit.png,hanover_000000_026183_leftImg8bit.png,1.0,1.3333333333333333,0.4709979270364025,63.617817401885986,1.618992805480957,-69.57344436645508,0.09975123506530964,0.0,0.42288160958424603,0.4842233657836914,Structure_degraded; Details_lost; Undersaturated; Overexposed; Shadows_remain
hanover_hanover_000000_026356_leftImg8bit.png,hanover_000000_026356_leftImg8bit.png,0.9764705882352941,1.3529411764705883,0.4493170794172512,61.37630558013916,1.7490835189819336,-80.71088361740112,0.06965710588741053,0.0,0.49751026345091454,0.49426376819610596,Structure_degraded; Details_lost; Undersaturated; Overexposed; Shadows_remain
hanover_hanover_000000_026743_leftImg8bit.png,hanover_000000_026743_leftImg8bit.png,1.0,2.2,0.45169729315312757,61.37173366546631,2.182920455932617,-42.293885231018066,0.05318968081940304,0.0,0.5222714361446592,0.4634993076324463,Structure_degraded; Details_lost; Undersaturated; Overexposed; Shadows_remain
hanover_hanover_000000_026804_leftImg8bit.png,hanover_000000_026804_leftImg8bit.png,1.0,2.0,0.4440598124013529,62.21011209487915,2.7405471801757812,-37.12607002258301,0.036491925706794895,0.0,0.515537486977481,0.4842425286769867,Structure_degraded; Details_lost; Undersaturated; Overexposed; Shadows_remain
hanover_hanover_000000_027007_leftImg8bit.png,hanover_000000_027007_leftImg8bit.png,1.0,1.6,0.39964436239687473,65.31688261032104,2.348844528198242,-38.26830244064331,0.05347406870248074,0.0,0.5532957939922543,0.5023723840713501,Structure_degraded; Details_lost; Undersaturated; Overexposed; Shadows_remain
hanover_hanover_000000_027282_leftImg8bit.png,hanover_000000_027282_leftImg8bit.png,1.0,1.5,0.425039851459422,65.07563972473145,1.8652839660644531,-46.852736473083496,0.06406523005240079,0.0,0.686689571588571,0.5008994936943054,Structure_degraded; Details_lost; Undersaturated; Shadows_remain
hanover_hanover_000000_027390_leftImg8bit.png,hanover_000000_027390_leftImg8bit.png,1.0,1.3,0.42599126448894653,61.82008981704712,1.7528657913208008,-38.31540298461914,0.04481798098164541,0.0,0.6022093427451765,0.479562908411026,Structure_degraded; Details_lost; Undersaturated; Shadows_remain
hanover_hanover_000000_027481_leftImg8bit.png,hanover_000000_027481_leftImg8bit.png,0.8800000000000001,1.8,0.39425701319927586,67.98322200775146,2.570186138153076,-53.75927734375,0.04675282800869314,0.0,0.6362588327249645,0.48718518018722534,Structure_degraded; Details_lost; Undersaturated; Shadows_remain
hanover_hanover_000000_027561_leftImg8bit.png,hanover_000000_027561_leftImg8bit.png,1.0,3.0,0.43597453931505725,62.60444355010986,1.2753119468688965,-53.01210689544678,0.03864896656023115,0.0,0.5240554398157604,0.471701443195343,Structure_degraded; Details_lost; Undersaturated; Overexposed; Shadows_remain
hanover_hanover_000000_027650_leftImg8bit.png,hanover_000000_027650_leftImg8bit.png,1.0,1.0,0.46521639284873895,56.006290435791016,2.459449291229248,-39.50401544570923,0.0664978002932765,0.0,0.46296371149872906,0.48338407278060913,Structure_degraded; Details_lost; Undersaturated; Overexposed; Shadows_remain
hanover_hanover_000000_027766_leftImg8bit.png,hanover_000000_027766_leftImg8bit.png,1.0,2.4,0.45907841598395377,60.43644618988037,2.846592426300049,-31.990499019622803,0.061204406209307255,0.0,0.4255731672051015,0.538603663444519,Structure_degraded; Details_lost; Undersaturated; Overexposed; Shadows_remain
hanover_hanover_000000_027998_leftImg8bit.png,hanover_000000_027998_leftImg8bit.png,1.0,2.0,0.44704869860091573,67.85047340393066,2.0103816986083984,-51.86152267456055,0.04841820987652987,0.0,0.4424845261365251,0.5342051386833191,Structure_degraded; Details_lost; Undersaturated; Overexposed; Shadows_remain
hanover_hanover_000000_028202_leftImg8bit.png,hanover_000000_028202_leftImg8bit.png,1.0,2.0,0.4021210836278526,67.6488151550293,2.388624668121338,-52.57018518447876,0.030240574251081963,0.0,0.8924379755912184,0.5252612829208374,Structure_degraded; Details_lost; Undersaturated; Shadows_remain
hanover_hanover_000000_028460_leftImg8bit.png,hanover_000000_028460_leftImg8bit.png,1.0,1.0909090909090908,0.42632886930208935,66.1751389503479,1.6620268821716309,-57.861183643341064,0.03744347914443302,0.0,0.7223997662602639,0.5001430511474609,Structure_degraded; Details_lost; Undersaturated; Shadows_remain
hanover_hanover_000000_029043_leftImg8bit.png,hanover_000000_029043_leftImg8bit.png,1.0,2.6666666666666665,0.3971277493162296,70.92236757278442,1.6330204010009766,-64.73741292953491,0.04154356128845544,0.0,0.7366219853674251,0.511978030204773,Structure_degraded; Details_lost; Undersaturated; Shadows_remain
hanover_hanover_000000_029325_leftImg8bit.png,hanover_000000_029325_leftImg8bit.png,1.0,2.0,0.4337709712255099,68.71536540985107,1.5169835090637207,-61.9223837852478,0.057270222579928406,0.0,0.554738927360745,0.5173241496086121,Structure_degraded; Details_lost; Undersaturated; Overexposed; Shadows_remain
hanover_hanover_000000_029404_leftImg8bit.png,hanover_000000_029404_leftImg8bit.png,1.0,2.111111111111111,0.43574909912506,65.34709644317627,1.8277926445007324,-50.71932125091553,0.0447635844461116,0.0,0.6774070693330421,0.5023604035377502,Structure_degraded; Details_lost; Undersaturated; Shadows_remain
hanover_hanover_000000_029455_leftImg8bit.png,hanover_000000_029455_leftImg8bit.png,0.8133333333333334,1.1333333333333333,0.437165098554023,65.83224964141846,1.8442978858947754,-43.84141445159912,0.0354475327537543,0.0,0.7055545063752153,0.5199974179267883,Structure_degraded; Details_lost; Undersaturated; Shadows_remain
hanover_hanover_000000_029769_leftImg8bit.png,hanover_000000_029769_leftImg8bit.png,0.8666666666666667,0.9333333333333333,0.4293219864500544,66.6709794998169,2.0973525047302246,-43.9114727973938,0.04280282455186236,0.0,0.677889930897688,0.5063683986663818,Structure_degraded; Details_lost; Undersaturated; Shadows_remain
hanover_hanover_000000_030276_leftImg8bit.png,hanover_000000_030276_leftImg8bit.png,1.0,2.3333333333333335,0.4322038893123162,70.01247215270996,1.656649112701416,-58.87078380584717,0.035499969692676644,0.0,0.44216568434353043,0.4638894200325012,Structure_degraded; Details_lost; Undersaturated; Overexposed; Shadows_remain
hanover_hanover_000000_030346_leftImg8bit.png,hanover_000000_030346_leftImg8bit.png,1.0,2.3333333333333335,0.4421988163678091,68.77703189849854,0.9740281105041504,-60.45443153381348,0.026677373304774366,0.0,0.4141647630973233,0.4776173233985901,Structure_degraded; Details_lost; Undersaturated; Overexposed; Shadows_remain
hanover_hanover_000000_030546_leftImg8bit.png,hanover_000000_030546_leftImg8bit.png,1.0,1.5,0.4409756363442685,63.14382362365723,1.8244595527648926,-49.345152854919434,0.050183535693187314,0.0,0.4285805676625969,0.4735432267189026,Structure_degraded; Details_lost; Undersaturated; Overexposed; Shadows_remain
hanover_hanover_000000_030781_leftImg8bit.png,hanover_000000_030781_leftImg8bit.png,1.0,1.25,0.43279365843703005,76.85664129257202,2.4656949043273926,-53.96015644073486,0.055398572278385114,0.0,0.6342294210936454,0.5274756550788879,Structure_degraded; Details_lost; Undersaturated; Shadows_remain
hanover_hanover_000000_030889_leftImg8bit.png,hanover_000000_030889_leftImg8bit.png,0.875,0.875,0.3601524621182535,69.50857973098755,3.0237879753112793,-21.50193977355957,0.018063778256183376,0.0,0.7526599969409818,0.511623740196228,Structure_degraded; Details_lost; Undersaturated; Shadows_remain
hanover_hanover_000000_031144_leftImg8bit.png,hanover_000000_031144_leftImg8bit.png,1.0,1.0909090909090908,0.4661126822254749,62.5419921875,3.669161319732666,-20.114315509796143,0.03133511814689063,0.0,0.37353210300634565,0.4432205557823181,Structure_degraded; Details_lost; Undersaturated; Overexposed; Shadows_remain
hanover_hanover_000000_031856_leftImg8bit.png,hanover_000000_031856_leftImg8bit.png,1.0,1.6666666666666667,0.46489656478393665,66.21386575698853,2.5385279655456543,-37.73983907699585,0.066507020790229,0.0,0.43299345304541914,0.46485787630081177,Structure_degraded; Details_lost; Undersaturated; Overexposed; Shadows_remain
hanover_hanover_000000_032210_leftImg8bit.png,hanover_000000_032210_leftImg8bit.png,1.0,2.4285714285714284,0.4186973318607404,66.6880350112915,2.558422088623047,-37.40722036361694,0.06539199658822041,0.0,0.5798243664517727,0.5332687497138977,Structure_degraded; Details_lost; Undersaturated; Overexposed; Shadows_remain
hanover_hanover_000000_032351_leftImg8bit.png,hanover_000000_032351_leftImg8bit.png,0.9333333333333333,1.0,0.43125941022969194,64.53268909454346,2.6181540489196777,-41.19320249557495,0.048697078175299745,0.0,0.6007601741475774,0.5014026761054993,Structure_degraded; Details_lost; Undersaturated; Shadows_remain
hanover_hanover_000000_032559_leftImg8bit.png,hanover_000000_032559_leftImg8bit.png,1.0,1.7142857142857142,0.4399654229905945,67.06856298446655,1.8613882064819336,-51.594993114471436,0.04439782401872408,0.0,0.5852923956061428,0.5026140213012695,Structure_degraded; Details_lost; Undersaturated; Overexposed; Shadows_remain
hanover_hanover_000000_032681_leftImg8bit.png,hanover_000000_032681_leftImg8bit.png,1.0,1.3333333333333333,0.4292234730499579,66.66495132446289,1.7254061698913574,-52.17365837097168,0.04823769998795904,0.0,0.5993049971034355,0.5222715139389038,Structure_degraded; Details_lost; Undersaturated; Overexposed; Shadows_remain
hanover_hanover_000000_033457_leftImg8bit.png,hanover_000000_033457_leftImg8bit.png,1.0,1.5,0.444002537062673,70.97856903076172,0.7536592483520508,-68.35011291503906,0.05010505323882693,0.0,0.42680566578868184,0.5240334868431091,Structure_degraded; Details_lost; Undersaturated; Overexposed; Shadows_remain
hanover_hanover_000000_034015_leftImg8bit.png,hanover_000000_034015_leftImg8bit.png,1.0,1.6,0.44535205139213535,64.44401693344116,2.1673455238342285,-54.851075172424316,0.058446087320386926,0.0,0.49987502263039263,0.4870449900627136,Structure_degraded; Details_lost; Undersaturated; Overexposed; Shadows_remain
hanover_hanover_000000_034141_leftImg8bit.png,hanover_000000_034141_leftImg8bit.png,1.0,1.0769230769230769,0.4151882967335469,70.00348949432373,1.904195785522461,-59.046406269073486,0.04479593829328459,0.0,0.5151675688133566,0.4895121455192566,Structure_degraded; Details_lost; Undersaturated; Overexposed; Shadows_remain
hanover_hanover_000000_034347_leftImg8bit.png,hanover_000000_034347_leftImg8bit.png,1.0,1.5,0.4128355645778052,70.14635038375854,1.8568649291992188,-50.20306444168091,0.03749271514600871,0.0,0.5215643089006855,0.5095817446708679,Structure_degraded; Details_lost; Undersaturated; Overexposed; Shadows_remain
hanover_hanover_000000_034560_leftImg8bit.png,hanover_000000_034560_leftImg8bit.png,1.0,2.0,0.43474183668965094,64.64844417572021,1.9510526657104492,-59.95727777481079,0.033487492826508626,0.0,0.4576470217387808,0.5311466455459595,Structure_degraded; Details_lost; Undersaturated; Overexposed; Shadows_remain
hanover_hanover_000000_034720_leftImg8bit.png,hanover_000000_034720_leftImg8bit.png,0.9,1.25,0.4497120065536446,63.88399362564087,1.9347310066223145,-56.305118560791016,0.07204769045091174,0.0,0.47715846652427296,0.4969311058521271,Structure_degraded; Details_lost; Undersaturated; Overexposed; Shadows_remain
hanover_hanover_000000_034935_leftImg8bit.png,hanover_000000_034935_leftImg8bit.png,1.0,1.5,0.4354577627848964,65.80818510055542,2.8528952598571777,-51.98182392120361,0.041097991105646034,0.0,0.5221701846265013,0.4740176796913147,Structure_degraded; Details_lost; Undersaturated; Overexposed; Shadows_remain
hanover_hanover_000000_035491_leftImg8bit.png,hanover_000000_035491_leftImg8bit.png,0.8615384615384616,1.1538461538461537,0.427958787581686,67.4748182296753,1.7393126487731934,-62.31837558746338,0.03659441193437872,0.0,0.5069908987252744,0.46679365634918213,Structure_degraded; Details_lost; Undersaturated; Overexposed; Shadows_remain
hanover_hanover_000000_035606_leftImg8bit.png,hanover_000000_035606_leftImg8bit.png,0.9090909090909091,1.0,0.4529909345486776,59.684317111968994,1.2415213584899902,-64.68158531188965,0.053913156105283196,0.0,0.507655967319488,0.4324519634246826,Structure_degraded; Details_lost; Undersaturated; Overexposed; Shadows_remain
hanover_hanover_000000_035768_leftImg8bit.png,hanover_000000_035768_leftImg8bit.png,1.0,1.6,0.39631434546154015,68.12474966049194,1.3229756355285645,-56.00470733642578,0.023961048918868286,0.0,0.615048473356537,0.5357257127761841,Structure_degraded; Details_lost; Undersaturated; Shadows_remain
hanover_hanover_000000_036051_leftImg8bit.png,hanover_000000_036051_leftImg8bit.png,1.0,1.3333333333333333,0.3877019647089769,68.52429819107056,3.7455129623413086,-46.247891426086426,0.03311717833982601,0.0,0.7740137888395204,0.5686254501342773,Structure_degraded; Details_lost; Undersaturated; Shadows_remain
hanover_hanover_000000_036562_leftImg8bit.png,hanover_000000_036562_leftImg8bit.png,1.0,2.2,0.4176727075613554,60.93674039840698,3.214277744293213,-31.269938945770264,0.04671664584199406,0.0,0.662669348239515,0.512170672416687,Structure_degraded; Details_lost; Undersaturated; Shadows_remain
hanover_hanover_000000_037039_leftImg8bit.png,hanover_000000_037039_leftImg8bit.png,1.0,2.4,0.44839103558751303,65.21784257888794,1.3301949501037598,-54.95114612579346,0.03816670265600352,0.0,0.43727367672709716,0.4907655119895935,Structure_degraded; Details_lost; Undersaturated; Overexposed; Shadows_remain
hanover_hanover_000000_037298_leftImg8bit.png,hanover_000000_037298_leftImg8bit.png,0.8200000000000001,1.2,0.4227675801379723,70.81872081756592,1.1789512634277344,-54.78589105606079,0.03204674684903387,0.0,0.5985970272683502,0.5454437732696533,Structure_degraded; Details_lost; Undersaturated; Overexposed; Shadows_remain
hanover_hanover_000000_037516_leftImg8bit.png,hanover_000000_037516_leftImg8bit.png,1.0,1.0,0.3725597531752565,74.34896898269653,2.125500202178955,-55.40941143035889,0.004858812759663672,0.0,0.7301565461527268,0.5423365831375122,Structure_degraded; Details_lost; Undersaturated; Shadows_remain
hanover_hanover_000000_038773_leftImg8bit.png,hanover_000000_038773_leftImg8bit.png,0.7777777777777778,0.8888888888888888,0.36439346023278146,71.22172498703003,1.5390105247497559,-66.51307821273804,0.009801436417401858,0.0,0.7896115139542392,0.5208268165588379,Structure_degraded; Details_lost; Undersaturated; Shadows_remain
hanover_hanover_000000_038855_leftImg8bit.png,hanover_000000_038855_leftImg8bit.png,1.0,3.6666666666666665,0.43091350259265754,70.91367816925049,2.122896671295166,-60.56411647796631,0.019864664711172462,0.0,0.4466518111766329,0.525030791759491,Structure_degraded; Details_lost; Undersaturated; Overexposed; Shadows_remain
hanover_hanover_000000_038927_leftImg8bit.png,hanover_000000_038927_leftImg8bit.png,1.0,1.75,0.45356004173858605,70.41154289245605,1.0444059371948242,-70.32540655136108,0.025433579764715938,0.0,0.3199208306655589,0.5369139313697815,Structure_degraded; Details_lost; Undersaturated; Overexposed; Shadows_remain
hanover_hanover_000000_039021_leftImg8bit.png,hanover_000000_039021_leftImg8bit.png,1.0,1.3333333333333333,0.4182656176052673,66.33013200759888,1.1905097961425781,-72.36672115325928,0.03846153846152072,0.0,0.4704679725918187,0.5587735772132874,Structure_degraded; Details_lost; Undersaturated; Overexposed; Shadows_remain
hanover_hanover_000000_039470_leftImg8bit.png,hanover_000000_039470_leftImg8bit.png,0.8875,1.125,0.38883997408740983,64.96504783630371,1.4505739212036133,-67.32402038574219,0.03752834952285612,0.0,0.5085001458372473,0.5381885170936584,Structure_degraded; Details_lost; Undersaturated; Overexposed; Shadows_remain
hanover_hanover_000000_040051_leftImg8bit.png,hanover_000000_040051_leftImg8bit.png,0.8800000000000001,1.8,0.4659324267345444,63.59986400604248,2.3536505699157715,-33.49359369277954,0.03181238961793123,0.0,0.5437332488304618,0.4801706075668335,Structure_degraded; Details_lost; Undersaturated; Overexposed; Shadows_remain
hanover_hanover_000000_040133_leftImg8bit.png,hanover_000000_040133_leftImg8bit.png,1.0,0.8571428571428571,0.3839477335074473,72.77485609054565,1.8429231643676758,-38.98411273956299,0.022563225151039257,0.0,0.6312790709214574,0.5280487537384033,Structure_degraded; Details_lost; Undersaturated; Shadows_remain
hanover_hanover_000000_040221_leftImg8bit.png,hanover_000000_040221_leftImg8bit.png,0.9090909090909091,1.0,0.4174596339006366,69.57102155685425,1.8378949165344238,-50.510021686553955,0.035015580327014996,0.0,0.5740348419504082,0.511450469493866,Structure_degraded; Details_lost; Undersaturated; Overexposed; Shadows_remain
hanover_hanover_000000_040294_leftImg8bit.png,hanover_000000_040294_leftImg8bit.png,0.7583333333333333,1.0833333333333333,0.43816645600095516,65.6100025177002,1.3172783851623535,-56.44765901565552,0.050428704945324705,0.0,0.47641253670826844,0.5081124305725098,Structure_degraded; Details_lost; Undersaturated; Overexposed; Shadows_remain
hanover_hanover_000000_040456_leftImg8bit.png,hanover_000000_040456_leftImg8bit.png,0.9384615384615385,1.1538461538461537,0.45051137920585743,61.62973499298096,0.5560741424560547,-68.00176954269409,0.051403827350174215,0.0,0.5498817663085784,0.46689552068710327,Structure_degraded; Details_lost; Undersaturated; Overexposed; Shadows_remain
hanover_hanover_000000_040793_leftImg8bit.png,hanover_000000_040793_leftImg8bit.png,0.6666666666666666,1.0,0.447072772135871,74.04760074615479,0.9060955047607422,-77.60320711135864,0.03243661810254892,0.0,0.5483801292210884,0.5139510631561279,Structure_degraded; Details_lost; Undersaturated; Overexposed; Shadows_remain
hanover_hanover_000000_041232_leftImg8bit.png,hanover_000000_041232_leftImg8bit.png,0.8857142857142857,1.2857142857142858,0.41697355679488785,69.38204669952393,-0.4938826560974121,-97.80776071548462,0.05556880515142079,0.0,0.6225551845720059,0.5128461122512817,Structure_degraded; Details_lost; Wrong_color_temp; Undersaturated; Shadows_remain
hanover_hanover_000000_041493_leftImg8bit.png,hanover_000000_041493_leftImg8bit.png,1.0,1.0833333333333333,0.4791743752743032,66.20848178863525,0.11393356323242188,-77.2743911743164,0.028101290767557772,0.0,0.4195396320499931,0.47986459732055664,Structure_degraded; Details_lost; Undersaturated; Overexposed; Shadows_remain
hanover_hanover_000000_041610_leftImg8bit.png,hanover_000000_041610_leftImg8bit.png,1.0,3.0,0.3964932962962648,73.75275230407715,-0.8038492202758789,-80.45260620117188,0.012651623842436132,0.0,0.6122551991684131,0.570016622543335,Structure_degraded; Details_lost; Wrong_color_temp; Undersaturated; Shadows_remain
hanover_hanover_000000_042255_leftImg8bit.png,hanover_000000_042255_leftImg8bit.png,0.9384615384615385,1.1538461538461537,0.46645832762488715,69.2957615852356,0.4609050750732422,-56.03761911392212,0.03693104388116024,0.0,0.47361279912763465,0.48858803510665894,Structure_degraded; Details_lost; Undersaturated; Overexposed; Shadows_remain
hanover_hanover_000000_042382_leftImg8bit.png,hanover_000000_042382_leftImg8bit.png,0.875,1.0,0.39321363860389563,67.6549940109253,-1.684706687927246,-70.28283405303955,0.025594085548314455,0.0,0.7260988757365615,0.4801110029220581,Structure_degraded; Details_lost; Wrong_color_temp; Undersaturated; Shadows_remain
hanover_hanover_000000_042581_leftImg8bit.png,hanover_000000_042581_leftImg8bit.png,1.0,2.5,0.42926610772516893,65.36118793487549,0.4045906066894531,-90.03517532348633,0.04046173985480413,0.0,0.6112447858246236,0.40727221965789795,Structure_degraded; Details_lost; Undersaturated; Shadows_remain
hanover_hanover_000000_042770_leftImg8bit.png,hanover_000000_042770_leftImg8bit.png,0.625,0.75,0.4102355579837994,71.18543434143066,0.32895851135253906,-80.4069242477417,0.04471614717866671,0.0,0.5434046536192516,0.5293305516242981,Structure_degraded; Details_lost; Undersaturated; Overexposed; Shadows_remain
hanover_hanover_000000_042992_leftImg8bit.png,hanover_000000_042992_leftImg8bit.png,1.0,4.5,0.3989744987183189,71.31451749801636,-0.41225767135620117,-95.98795461654663,0.04752704791340076,0.0,0.6033905636672638,0.5321565866470337,Structure_degraded; Details_lost; Wrong_color_temp; Undersaturated; Shadows_remain
hanover_hanover_000000_043102_leftImg8bit.png,hanover_000000_043102_leftImg8bit.png,1.0,1.5833333333333333,0.44246573662667826,61.26877689361572,0.9094200134277344,-74.78476238250732,0.05575353488903566,0.0,0.4634255997401041,0.553408682346344,Structure_degraded; Details_lost; Undersaturated; Overexposed; Shadows_remain
hanover_hanover_000000_043236_leftImg8bit.png,hanover_000000_043236_leftImg8bit.png,0.7363636363636363,1.0909090909090908,0.45103435404242026,64.47976446151733,1.15850830078125,-64.99585962295532,0.042406103781122785,0.0,0.4410748650675771,0.500543475151062,Structure_degraded; Details_lost; Undersaturated; Overexposed; Shadows_remain
hanover_hanover_000000_043550_leftImg8bit.png,hanover_000000_043550_leftImg8bit.png,1.0,1.3333333333333333,0.4341191748663229,51.55414009094238,-0.29879283905029297,-97.5146656036377,0.05379123045247107,0.0,0.4353665852014412,0.49671387672424316,Structure_degraded; Details_lost; Wrong_color_temp; Undersaturated; Overexposed; Shadows_remain
hanover_hanover_000000_043653_leftImg8bit.png,hanover_000000_043653_leftImg8bit.png,1.0,1.5,0.440336793496668,65.24145603179932,-0.35431909561157227,-93.17442798614502,0.043734316587266994,0.0,0.5160126220505017,0.5444559454917908,Structure_degraded; Details_lost; Wrong_color_temp; Undersaturated; Overexposed; Shadows_remain
hanover_hanover_000000_043822_leftImg8bit.png,hanover_000000_043822_leftImg8bit.png,0.97,1.7,0.461868563271432,60.25985145568848,0.7665829658508301,-79.39079332351685,0.03965585649549155,0.0,0.5243593917284497,0.4013952612876892,Structure_degraded; Details_lost; Undersaturated; Overexposed; Shadows_remain
hanover_hanover_000000_044085_leftImg8bit.png,hanover_000000_044085_leftImg8bit.png,1.0,2.0,0.44280515346562954,69.80490207672119,0.22167110443115234,-85.27016115188599,0.039787074319238454,0.0,0.6110631545528067,0.49327659606933594,Structure_degraded; Details_lost; Undersaturated; Shadows_remain
hanover_hanover_000000_044195_leftImg8bit.png,hanover_000000_044195_leftImg8bit.png,1.0,1.9,0.40593495233097265,68.86964702606201,-0.9436964988708496,-91.6083812713623,0.060362954096962324,0.0,0.5925951857129861,0.4784773886203766,Structure_degraded; Details_lost; Wrong_color_temp; Undersaturated; Overexposed; Shadows_remain
hanover_hanover_000000_044344_leftImg8bit.png,hanover_000000_044344_leftImg8bit.png,1.0,1.6666666666666667,0.4512738534960639,64.9725022315979,-0.44478797912597656,-81.89071083068848,0.06296226847509992,0.0,0.5184750802657085,0.47354748845100403,Structure_degraded; Details_lost; Wrong_color_temp; Undersaturated; Overexposed; Shadows_remain
hanover_hanover_000000_044622_leftImg8bit.png,hanover_000000_044622_leftImg8bit.png,1.0,1.1,0.3839534779733267,71.95428276062012,-0.14812088012695312,-79.27444839477539,0.04549868719201327,0.0,0.5721255652380651,0.5468604564666748,Structure_degraded; Details_lost; Wrong_color_temp; Undersaturated; Overexposed; Shadows_remain
hanover_hanover_000000_045004_leftImg8bit.png,hanover_000000_045004_leftImg8bit.png,0.9444444444444444,1.5555555555555556,0.4005081372088809,67.19654035568237,-0.7254676818847656,-93.07107591629028,0.0339655582890157,0.0,0.6232601264408948,0.4787815809249878,Structure_degraded; Details_lost; Wrong_color_temp; Undersaturated; Shadows_remain
hanover_hanover_000000_045188_leftImg8bit.png,hanover_000000_045188_leftImg8bit.png,1.0,1.0,0.4201586648385851,63.86414337158203,-1.0583915710449219,-83.75559902191162,0.057068905653212626,0.0,0.5537527144311312,0.48597806692123413,Structure_degraded; Details_lost; Wrong_color_temp; Undersaturated; Overexposed; Shadows_remain
hanover_hanover_000000_045446_leftImg8bit.png,hanover_000000_045446_leftImg8bit.png,0.8714285714285713,1.1428571428571428,0.45878699373683873,65.2105622291565,0.30034923553466797,-82.979576587677,0.04378689382050766,0.0,0.47970884310110473,0.49930623173713684,Structure_degraded; Details_lost; Undersaturated; Overexposed; Shadows_remain
hanover_hanover_000000_045657_leftImg8bit.png,hanover_000000_045657_leftImg8bit.png,0.775,1.25,0.41088617971165914,63.191466331481934,-2.8129663467407227,-80.47590637207031,0.044034940768209484,0.0,0.6248982873979412,0.47633183002471924,Structure_degraded; Details_lost; Wrong_color_temp; Undersaturated; Shadows_remain
hanover_hanover_000000_045841_leftImg8bit.png,hanover_000000_045841_leftImg8bit.png,1.0,1.2,0.4276173366942005,57.91463279724121,-0.9116063117980957,-91.71146726608276,0.029950669485546613,0.0,0.5648451440270584,0.4330175817012787,Structure_degraded; Details_lost; Wrong_color_temp; Undersaturated; Overexposed; Shadows_remain
hanover_hanover_000000_046200_leftImg8bit.png,hanover_000000_046200_leftImg8bit.png,1.0,1.125,0.5059517704693532,64.36047601699829,-0.3682746887207031,-88.47227907180786,0.06648832796029301,0.0,0.5537538527713609,0.39426860213279724,Structure_degraded; Details_lost; Wrong_color_temp; Undersaturated; Overexposed; Shadows_remain
hanover_hanover_000000_046398_leftImg8bit.png,hanover_000000_046398_leftImg8bit.png,1.0,1.5,0.43298610333768867,67.10517168045044,-0.43213844299316406,-79.00214958190918,0.049888552180107223,0.0,0.5254352022882276,0.4861564040184021,Structure_degraded; Details_lost; Wrong_color_temp; Undersaturated; Overexposed; Shadows_remain
hanover_hanover_000000_046572_leftImg8bit.png,hanover_000000_046572_leftImg8bit.png,1.0,1.0,0.4402167216833438,67.97738933563232,-0.44425153732299805,-80.04158163070679,0.04501361730773738,0.0,0.5247295037438062,0.4493092894554138,Structure_degraded; Details_lost; Wrong_color_temp; Undersaturated; Overexposed; Shadows_remain
hanover_hanover_000000_046646_leftImg8bit.png,hanover_000000_046646_leftImg8bit.png,1.0,3.0,0.41423781930293774,66.30378818511963,-0.12861061096191406,-79.99981164932251,0.049402550456848375,0.0,0.5609599681782533,0.5256384611129761,Structure_degraded; Details_lost; Wrong_color_temp; Undersaturated; Overexposed; Shadows_remain
hanover_hanover_000000_046732_leftImg8bit.png,hanover_000000_046732_leftImg8bit.png,1.0,1.5,0.4493144984686645,70.02532005310059,0.8427696228027344,-85.18464708328247,0.053485010370150535,0.0,0.5225633776757534,0.5355703234672546,Structure_degraded; Details_lost; Undersaturated; Overexposed; Shadows_remain
hanover_hanover_000000_046954_leftImg8bit.png,hanover_000000_046954_leftImg8bit.png,1.0,1.6666666666666667,0.4329298512810664,72.8874044418335,0.23433637619018555,-82.16468858718872,0.036570477247482476,0.0,0.5618716584133688,0.5070818662643433,Structure_degraded; Details_lost; Undersaturated; Overexposed; Shadows_remain
hanover_hanover_000000_047499_leftImg8bit.png,hanover_000000_047499_leftImg8bit.png,1.0,1.0,0.4243799325833607,69.66031503677368,0.4061298370361328,-76.61743211746216,0.02316113770147815,0.0,0.5671203937867266,0.5270000696182251,Structure_degraded; Details_lost; Undersaturated; Overexposed; Shadows_remain
hanover_hanover_000000_047629_leftImg8bit.png,hanover_000000_047629_leftImg8bit.png,1.0,1.2857142857142858,0.4143231718558827,60.29113721847534,0.17316579818725586,-73.94574022293091,0.07849537160892583,0.0,0.7776661018323009,0.5951504707336426,Structure_degraded; Details_lost; Undersaturated; Shadows_remain
hanover_hanover_000000_047870_leftImg8bit.png,hanover_000000_047870_leftImg8bit.png,1.0,1.3333333333333333,0.4241307834620106,68.07529878616333,0.4083266258239746,-58.608028411865234,0.046357123379348435,0.0,0.6102264654900352,0.5210041403770447,Structure_degraded; Details_lost; Undersaturated; Shadows_remain
hanover_hanover_000000_048274_leftImg8bit.png,hanover_000000_048274_leftImg8bit.png,1.0,1.3333333333333333,0.4136645170089035,68.6576771736145,-0.7491793632507324,-87.8925952911377,0.0497917830938599,0.0,0.6104094941679732,0.4171532988548279,Structure_degraded; Details_lost; Wrong_color_temp; Undersaturated; Shadows_remain
hanover_hanover_000000_048379_leftImg8bit.png,hanover_000000_048379_leftImg8bit.png,1.0,1.4444444444444444,0.3912882240264368,68.80499076843262,-2.197561264038086,-84.87625408172607,0.03226543129321667,0.0,0.6325720650541695,0.4863419532775879,Structure_degraded; Details_lost; Wrong_color_temp; Undersaturated; Shadows_remain
hanover_hanover_000000_048508_leftImg8bit.png,hanover_000000_048508_leftImg8bit.png,1.0,2.0,0.41033226310757026,69.6402063369751,-1.3275017738342285,-84.46619844436646,0.039868105515576666,0.0,0.6349439807815367,0.48718899488449097,Structure_degraded; Details_lost; Wrong_color_temp; Undersaturated; Shadows_remain
hanover_hanover_000000_048765_leftImg8bit.png,hanover_000000_048765_leftImg8bit.png,0.55,1.5,0.39430198313799886,65.98765707015991,-2.18056583404541,-86.47327136993408,0.040670306910175466,0.0,0.5279493488030724,0.4702931344509125,Structure_degraded; Details_lost; Wrong_color_temp; Undersaturated; Overexposed; Shadows_remain
hanover_hanover_000000_049005_leftImg8bit.png,hanover_000000_049005_leftImg8bit.png,1.0,1.8333333333333333,0.41222860132964584,69.46884632110596,-0.6993770599365234,-92.48153400421143,0.05304450603194224,0.0,0.5391260185353159,0.41157805919647217,Structure_degraded; Details_lost; Wrong_color_temp; Undersaturated; Overexposed; Shadows_remain
hanover_hanover_000000_049269_leftImg8bit.png,hanover_000000_049269_leftImg8bit.png,0.6666666666666666,1.0,0.45895744217699813,69.23470067977905,1.1430869102478027,-78.71927642822266,0.05184970469943624,0.0,0.5826775722840095,0.3985932171344757,Structure_degraded; Details_lost; Undersaturated; Overexposed; Shadows_remain
hanover_hanover_000000_049465_leftImg8bit.png,hanover_000000_049465_leftImg8bit.png,0.875,1.0,0.4316962790520269,71.25482892990112,0.14407634735107422,-93.13422012329102,0.05258235477500726,0.0,0.6177751162845647,0.4327063262462616,Structure_degraded; Details_lost; Undersaturated; Shadows_remain
hanover_hanover_000000_050228_leftImg8bit.png,hanover_000000_050228_leftImg8bit.png,1.0,1.2,0.4152609566535216,59.24267816543579,-0.6453619003295898,-85.57270526885986,0.07395880041144887,0.0,0.5021446937376728,0.4481305480003357,Structure_degraded; Details_lost; Wrong_color_temp; Undersaturated; Overexposed; Shadows_remain
hanover_hanover_000000_050398_leftImg8bit.png,hanover_000000_050398_leftImg8bit.png,0.9428571428571428,1.8571428571428572,0.40948828686928124,67.38087368011475,-1.1469178199768066,-77.69269895553589,0.05120155388922866,0.0,0.6589917198096021,0.4600125253200531,Structure_degraded; Details_lost; Wrong_color_temp; Undersaturated; Shadows_remain
hanover_hanover_000000_051059_leftImg8bit.png,hanover_000000_051059_leftImg8bit.png,1.0,1.75,0.41031507490378344,68.35241842269897,-1.5713810920715332,-80.11253452301025,0.05480380369438085,0.0,0.7046289599021512,0.43449854850769043,Structure_degraded; Details_lost; Wrong_color_temp; Undersaturated; Shadows_remain
hanover_hanover_000000_051152_leftImg8bit.png,hanover_000000_051152_leftImg8bit.png,0.9142857142857143,1.5714285714285714,0.423551571454163,67.46017503738403,0.08660030364990234,-86.19286966323853,0.05474573302453054,0.0,0.6202089732896285,0.4172942340373993,Structure_degraded; Details_lost; Undersaturated; Shadows_remain
hanover_hanover_000000_051271_leftImg8bit.png,hanover_000000_051271_leftImg8bit.png,1.0,1.1428571428571428,0.4239861983100651,73.49479579925537,0.7995119094848633,-78.0877137184143,0.07578066364937211,0.0,0.6013254412075577,0.4706938564777374,Structure_degraded; Details_lost; Undersaturated; Shadows_remain
hanover_hanover_000000_051536_leftImg8bit.png,hanover_000000_051536_leftImg8bit.png,1.0,2.2,0.39320788088852165,71.01901721954346,1.1423635482788086,-72.6871485710144,0.07304497278714608,0.0,0.7094777005939927,0.45884621143341064,Structure_degraded; Details_lost; Undersaturated; Shadows_remain
hanover_hanover_000000_051842_leftImg8bit.png,hanover_000000_051842_leftImg8bit.png,0.8600000000000001,1.6,0.42487641648841074,63.86185073852539,-0.2790989875793457,-79.34706211090088,0.04612766389797909,0.0,0.5472736193489165,0.46168893575668335,Structure_degraded; Details_lost; Wrong_color_temp; Undersaturated; Overexposed; Shadows_remain
hanover_hanover_000000_052013_leftImg8bit.png,hanover_000000_052013_leftImg8bit.png,0.9,2.0,0.42858943859298615,62.94294738769531,-0.47748851776123047,-87.06524610519409,0.03616416091018074,0.0,0.5208246876296497,0.5130786895751953,Structure_degraded; Details_lost; Wrong_color_temp; Undersaturated; Overexposed; Shadows_remain
hanover_hanover_000000_052512_leftImg8bit.png,hanover_000000_052512_leftImg8bit.png,1.0,1.0,0.39536962175838053,67.38271427154541,2.0316929817199707,-53.923245429992676,0.01506347385172839,0.0,0.6208996210621858,0.53340083360672,Structure_degraded; Details_lost; Undersaturated; Shadows_remain
hanover_hanover_000000_052649_leftImg8bit.png,hanover_000000_052649_leftImg8bit.png,1.0,2.2,0.35291045380581026,63.33814811706543,2.134279251098633,-43.0452094078064,0.03976446641462651,0.0,0.7801624512238755,0.5504409074783325,Structure_degraded; Details_lost; Undersaturated; Shadows_remain
hanover_hanover_000000_052729_leftImg8bit.png,hanover_000000_052729_leftImg8bit.png,0.9461538461538462,1.2307692307692308,0.45202944032607206,61.57089567184448,0.7306771278381348,-75.29309368133545,0.05518269947798434,0.0,0.4873420973228597,0.47445324063301086,Structure_degraded; Details_lost; Undersaturated; Overexposed; Shadows_remain
hanover_hanover_000000_052887_leftImg8bit.png,hanover_000000_052887_leftImg8bit.png,0.9470588235294117,1.0588235294117647,0.4848771736005083,64.39102745056152,0.4027390480041504,-78.92168045043945,0.05033541414328466,0.0,0.6133473797392484,0.40962523221969604,Structure_degraded; Details_lost; Undersaturated; Shadows_remain
hanover_hanover_000000_053027_leftImg8bit.png,hanover_000000_053027_leftImg8bit.png,0.9500000000000001,1.2142857142857142,0.45840045646210903,63.198707580566406,-1.8759355545043945,-98.03945732116699,0.06364606578052207,0.0,0.7221835034436185,0.4318779706954956,Structure_degraded; Details_lost; Wrong_color_temp; Undersaturated; Shadows_remain
hanover_hanover_000000_053437_leftImg8bit.png,hanover_000000_053437_leftImg8bit.png,0.9230769230769231,1.0,0.43120360964527477,68.12351942062378,0.2698674201965332,-78.29739284515381,0.052809061279800444,0.0,0.6687098067984101,0.4475805163383484,Structure_degraded; Details_lost; Undersaturated; Shadows_remain
hanover_hanover_000000_053604_leftImg8bit.png,hanover_000000_053604_leftImg8bit.png,1.0,2.0,0.4417128116508431,66.12696123123169,-0.5644688606262207,-97.11218023300171,0.03819278857118369,0.0,0.7380751110267207,0.4186597764492035,Structure_degraded; Details_lost; Wrong_color_temp; Undersaturated; Shadows_remain
hanover_hanover_000000_054276_leftImg8bit.png,hanover_000000_054276_leftImg8bit.png,1.0,1.8,0.5010703771223893,61.40315341949463,0.12894916534423828,-83.98310422897339,0.05379101041284186,0.0,0.5449460471717749,0.406821072101593,Structure_degraded; Details_lost; Undersaturated; Overexposed; Shadows_remain
hanover_hanover_000000_054965_leftImg8bit.png,hanover_000000_054965_leftImg8bit.png,0.625,0.625,0.4694339458079007,66.48786115646362,-1.5268654823303223,-79.36964750289917,0.054100915216282054,0.0,0.546627964840218,0.3716307282447815,Structure_degraded; Details_lost; Wrong_color_temp; Undersaturated; Overexposed; Shadows_remain
hanover_hanover_000000_055124_leftImg8bit.png,hanover_000000_055124_leftImg8bit.png,1.0,1.6666666666666667,0.42199457521688954,71.07331657409668,-0.11765766143798828,-100.41126298904419,0.056628113878990964,0.0,0.5642846874788217,0.387411504983902,Structure_degraded; Details_lost; Wrong_color_temp; Undersaturated; Overexposed; Shadows_remain
hanover_hanover_000000_055592_leftImg8bit.png,hanover_000000_055592_leftImg8bit.png,0.8,1.0,0.4172882779392183,66.24890041351318,-2.236903190612793,-96.70604801177979,0.05232073142245242,0.0,0.5646986774564235,0.44871360063552856,Structure_degraded; Details_lost; Wrong_color_temp; Undersaturated; Overexposed; Shadows_remain
hanover_hanover_000000_055800_leftImg8bit.png,hanover_000000_055800_leftImg8bit.png,0.9285714285714285,1.7142857142857142,0.46848869650672337,65.14324903488159,0.8108148574829102,-78.06058120727539,0.06140945664947532,0.0,0.5191404791549675,0.4018526077270508,Structure_degraded; Details_lost; Undersaturated; Overexposed; Shadows_remain
hanover_hanover_000000_055937_leftImg8bit.png,hanover_000000_055937_leftImg8bit.png,0.5,0.6666666666666666,0.4481534258679443,74.0373182296753,0.008154869079589844,-83.2969708442688,0.03694581280787054,0.0,0.6697489157226254,0.48404625058174133,Structure_degraded; Details_lost; Undersaturated; Shadows_remain
hanover_hanover_000000_056142_leftImg8bit.png,hanover_000000_056142_leftImg8bit.png,0.8,0.8,0.4116169135554065,73.17246341705322,-0.07548046112060547,-82.83530712127686,0.051561157261511184,0.0,0.7431590841696718,0.5071588754653931,Structure_degraded; Details_lost; Wrong_color_temp; Undersaturated; Shadows_remain
hanover_hanover_000000_056361_leftImg8bit.png,hanover_000000_056361_leftImg8bit.png,1.0,1.875,0.40965596620595235,71.0097427368164,-0.5636496543884277,-93.40894031524658,0.05182887424064501,0.0,0.5366975337408201,0.5369012951850891,Structure_degraded; Details_lost; Wrong_color_temp; Undersaturated; Overexposed; Shadows_remain
hanover_hanover_000000_056457_leftImg8bit.png,hanover_000000_056457_leftImg8bit.png,0.7,1.3333333333333333,0.4166552879164646,64.89175033569336,-1.0886244773864746,-88.09497737884521,0.0507123579991054,0.0,0.6708059373261497,0.47604572772979736,Structure_degraded; Details_lost; Wrong_color_temp; Undersaturated; Shadows_remain
hanover_hanover_000000_056601_leftImg8bit.png,hanover_000000_056601_leftImg8bit.png,0.9076923076923077,1.6153846153846154,0.4196691686502397,64.98211336135864,-1.1849250793457031,-83.09756898880005,0.07149154847971598,0.0,0.710567051641424,0.4338648319244385,Structure_degraded; Details_lost; Wrong_color_temp; Undersaturated; Shadows_remain
hanover_hanover_000000_056800_leftImg8bit.png,hanover_000000_056800_leftImg8bit.png,0.8,1.5,0.4022360816877335,65.28800535202026,-3.948434829711914,-84.23625993728638,0.04754259782514609,0.0,0.605810168594715,0.445575088262558,Structure_degraded; Details_lost; Wrong_color_temp; Undersaturated; Shadows_remain
hanover_hanover_000000_057532_leftImg8bit.png,hanover_000000_057532_leftImg8bit.png,1.0,1.6666666666666667,0.3947454989166255,63.096978187561035,-5.435789108276367,-78.91663265228271,0.021787709497202025,0.0,0.6968910648190438,0.44285961985588074,Structure_degraded; Details_lost; Wrong_color_temp; Undersaturated; Shadows_remain
hanover_hanover_000000_057710_leftImg8bit.png,hanover_000000_057710_leftImg8bit.png,1.0,2.2,0.3721018735986153,66.7397723197937,-3.554271697998047,-79.20823669433594,0.025481280264548992,0.0,0.5901619794869586,0.5125098824501038,Structure_degraded; Details_lost; Wrong_color_temp; Undersaturated; Overexposed; Shadows_remain
hanover_hanover_000000_058189_leftImg8bit.png,hanover_000000_058189_leftImg8bit.png,1.0,1.0,0.38034224546070305,64.92919731140137,-2.378110408782959,-80.27030754089355,0.023428428314468383,0.0,0.6856894293745632,0.46490737795829773,Structure_degraded; Details_lost; Wrong_color_temp; Undersaturated; Shadows_remain
jena_jena_000000_000019_leftImg8bit.png,jena_000000_000019_leftImg8bit.png,1.0,1.6,0.402986176988073,60.884746074676514,0.12596464157104492,-48.523622035980225,0.024582170360149112,0.0,0.6883715770456669,0.5338017344474792,Structure_degraded; Details_lost; Undersaturated; Shadows_remain
jena_jena_000001_000019_leftImg8bit.png,jena_000001_000019_leftImg8bit.png,1.0,1.0,0.38533993994911925,55.60552453994751,0.7310090065002441,-34.850759983062744,0.026213127096014574,0.0,0.4871998735916985,0.5508534908294678,Structure_degraded; Details_lost; Undersaturated; Overexposed; Shadows_remain
jena_jena_000002_000019_leftImg8bit.png,jena_000002_000019_leftImg8bit.png,0.0,0.0,0.3763230173639073,64.4828314781189,-0.9292912483215332,-74.63191223144531,0.014620877252626872,0.0,0.7040267366202672,0.5100798010826111,Lost_objects; Structure_degraded; Details_lost; Wrong_color_temp; Undersaturated; Shadows_remain
jena_jena_000003_000019_leftImg8bit.png,jena_000003_000019_leftImg8bit.png,1.0,2.3333333333333335,0.3583811898365685,66.53842210769653,0.4525718688964844,-51.531731605529785,0.024302017525970908,0.0,0.6917005354857544,0.5738475322723389,Structure_degraded; Details_lost; Undersaturated; Shadows_remain
jena_jena_000004_000019_leftImg8bit.png,jena_000004_000019_leftImg8bit.png,0.8,0.8,0.39706007364843743,59.895580768585205,0.20110321044921875,-61.60615921020508,0.02224133693781345,0.0,0.5021348195811335,0.509028434753418,Structure_degraded; Details_lost; Undersaturated; Overexposed; Shadows_remain
jena_jena_000005_000019_leftImg8bit.png,jena_000005_000019_leftImg8bit.png,1.0,1.2857142857142858,0.40686912556443117,61.10545253753662,-0.5712184906005859,-71.42631578445435,0.03027726916033538,0.0,0.5207082260265974,0.5163538455963135,Structure_degraded; Details_lost; Wrong_color_temp; Undersaturated; Overexposed; Shadows_remain
jena_jena_000006_000019_leftImg8bit.png,jena_000006_000019_leftImg8bit.png,1.0,2.2857142857142856,0.42812041768770853,56.460843563079834,-0.9422073364257812,-87.39018201828003,0.05466123280690032,0.0,0.46972623075439257,0.5436732769012451,Structure_degraded; Details_lost; Wrong_color_temp; Undersaturated; Overexposed; Shadows_remain
jena_jena_000007_000019_leftImg8bit.png,jena_000007_000019_leftImg8bit.png,1.0,2.6666666666666665,0.4124787971614924,58.118666648864746,0.60418701171875,-59.708064556121826,0.03395478203397297,0.0,0.5530056864898718,0.4988166093826294,Structure_degraded; Details_lost; Undersaturated; Overexposed; Shadows_remain
jena_jena_000008_000019_leftImg8bit.png,jena_000008_000019_leftImg8bit.png,0.9636363636363636,1.5454545454545454,0.38372226418710975,58.83460998535156,-0.3950996398925781,-65.43157148361206,0.06033779496629292,0.0,0.7057390203913835,0.5101848840713501,Structure_degraded; Details_lost; Wrong_color_temp; Undersaturated; Shadows_remain
jena_jena_000009_000019_leftImg8bit.png,jena_000009_000019_leftImg8bit.png,1.0,1.1428571428571428,0.4065982361579453,54.88484716415405,0.6001391410827637,-67.63662767410278,0.036885245901626534,0.0,0.4958444450664583,0.5229564309120178,Structure_degraded; Details_lost; Undersaturated; Overexposed; Shadows_remain
jena_jena_000010_000019_leftImg8bit.png,jena_000010_000019_leftImg8bit.png,1.0,1.5555555555555556,0.440082346230744,56.55432844161987,-1.291025161743164,-67.73211479187012,0.033677561304505596,0.0,0.5142734639247385,0.5224232077598572,Structure_degraded; Details_lost; Wrong_color_temp; Undersaturated; Overexposed; Shadows_remain
jena_jena_000011_000019_leftImg8bit.png,jena_000011_000019_leftImg8bit.png,1.0,1.7,0.37471025894556154,59.98308563232422,-1.375840663909912,-63.979055404663086,0.0289849955869271,0.0,0.7448703749320067,0.572525143623352,Structure_degraded; Details_lost; Wrong_color_temp; Undersaturated; Shadows_remain
jena_jena_000012_000019_leftImg8bit.png,jena_000012_000019_leftImg8bit.png,0.9090909090909091,0.9090909090909091,0.34894670040888237,67.5425877571106,-1.381516933441162,-65.97312879562378,0.02295898513502103,0.0,0.6680196991116245,0.6159988641738892,Structure_degraded; Details_lost; Wrong_color_temp; Undersaturated; Shadows_remain
jena_jena_000013_000019_leftImg8bit.png,jena_000013_000019_leftImg8bit.png,1.0,0.9166666666666666,0.4061743069265854,56.36355495452881,0.10693693161010742,-62.46422100067139,0.021484374999994553,0.0,0.5607766360496935,0.5504289865493774,Structure_degraded; Details_lost; Undersaturated; Overexposed; Shadows_remain
jena_jena_000014_000019_leftImg8bit.png,jena_000014_000019_leftImg8bit.png,0.7,1.3333333333333333,0.404798255656181,60.034064292907715,0.5197792053222656,-56.680747509002686,0.025839954952120478,0.0,0.9221483786696485,0.5607945322990417,Structure_degraded; Details_lost; Undersaturated; Shadows_remain
jena_jena_000015_000019_leftImg8bit.png,jena_000015_000019_leftImg8bit.png,1.0,1.2,0.42616667247166196,66.18930912017822,0.7994356155395508,-50.858160972595215,0.040223506448757995,0.0,0.7910767322710746,0.5408474206924438,Structure_degraded; Details_lost; Undersaturated; Shadows_remain
jena_jena_000016_000019_leftImg8bit.png,jena_000016_000019_leftImg8bit.png,0.8500000000000001,1.1666666666666667,0.40275345883989594,63.33942413330078,-1.4262852668762207,-62.858338832855225,0.03017890277630845,0.0,0.6076000188630761,0.5264235138893127,Structure_degraded; Details_lost; Wrong_color_temp; Undersaturated; Shadows_remain
jena_jena_000017_000019_leftImg8bit.png,jena_000017_000019_leftImg8bit.png,1.0,1.0,0.3708750995968755,54.01862621307373,-1.2556266784667969,-72.27484846115112,0.03307113988960363,0.0,0.5983898135261065,0.5420987606048584,Structure_degraded; Details_lost; Wrong_color_temp; Undersaturated; Overexposed; Shadows_remain
jena_jena_000018_000019_leftImg8bit.png,jena_000018_000019_leftImg8bit.png,0.8,0.6,0.33413753075219854,68.51456880569458,-1.593864917755127,-70.50315046310425,0.011070465922212615,0.0,0.811013140370184,0.5799987316131592,Structure_degraded; Details_lost; Wrong_color_temp; Undersaturated; Shadows_remain
jena_jena_000019_000019_leftImg8bit.png,jena_000019_000019_leftImg8bit.png,1.0,3.0,0.37700663825520275,61.577282428741455,-1.4568958282470703,-59.042664527893066,0.016726155889426112,0.0,0.6762882227141653,0.5845035314559937,Structure_degraded; Details_lost; Wrong_color_temp; Undersaturated; Shadows_remain
jena_jena_000020_000019_leftImg8bit.png,jena_000020_000019_leftImg8bit.png,1.0,1.0,0.3976062383054997,63.47508907318115,-2.191826343536377,-67.20629405975342,0.06251302354653963,0.0,0.6365822509585085,0.5801070928573608,Structure_degraded; Details_lost; Wrong_color_temp; Undersaturated; Shadows_remain
jena_jena_000021_000019_leftImg8bit.png,jena_000021_000019_leftImg8bit.png,1.0,1.0,0.3335745213742284,69.0304446220398,-3.8084378242492676,-75.64250087738037,0.0077230271626100785,0.0,0.8663103515925277,0.6019275784492493,Structure_degraded; Details_lost; Wrong_color_temp; Undersaturated; Shadows_remain
jena_jena_000022_000019_leftImg8bit.png,jena_000022_000019_leftImg8bit.png,0.8833333333333334,1.5,0.4040690615809033,65.19591951370239,-0.08282136917114258,-56.75080680847168,0.031862426995447155,0.0,0.5572793514650625,0.5364253520965576,Structure_degraded; Details_lost; Wrong_color_temp; Undersaturated; Overexposed; Shadows_remain
jena_jena_000023_000019_leftImg8bit.png,jena_000023_000019_leftImg8bit.png,1.0,1.6666666666666667,0.38656740132586304,67.49920606613159,-0.31342029571533203,-66.0394196510315,0.042805445459230464,0.0,0.630038086246094,0.5364581346511841,Structure_degraded; Details_lost; Wrong_color_temp; Undersaturated; Shadows_remain
jena_jena_000024_000019_leftImg8bit.png,jena_000024_000019_leftImg8bit.png,1.0,1.2,0.4166863100910162,62.96775150299072,-1.5964584350585938,-73.1778769493103,0.03626342654932632,0.0,0.6469355732540631,0.4963611960411072,Structure_degraded; Details_lost; Wrong_color_temp; Undersaturated; Shadows_remain
jena_jena_000025_000019_leftImg8bit.png,jena_000025_000019_leftImg8bit.png,0.9636363636363636,1.5454545454545454,0.4038547965274458,70.1508059501648,-1.4337291717529297,-73.85207462310791,0.03588931388954223,0.0,0.6449260094332976,0.501969575881958,Structure_degraded; Details_lost; Wrong_color_temp; Undersaturated; Shadows_remain
